Name,chrom,strand,tss,l2_FLvsAD,l2_ADvsFL,cE,tE,cW,tW,cY,tY,pE,pW,pY
Sox17,chr1,-,4497353,6.24323507469,,20,214,36,170,28,78,0.0854700854700855,0.144,0.264150943396226
Mrpl15,chr1,-,4785725,,-1.13224429689975,28,202,13,182,30,200,0.121739130434783,0.0604651162790698,0.130434782608696
Rb1cc1,chr1,+,6214661,,1.22906794118,2,97,6,78,2,90,0.0202020202020202,0.058252427184466,0.0217391304347826
Pcmtd1,chr1,+,7088919,,1.41901866393,6,99,6,86,5,79,0.0571428571428571,0.0571428571428571,0.0595238095238095
Rrs1,chr1,+,9545407,,-0.856005568499929,64,349,52,312,64,223,0.154963680387409,0.129675810473815,0.222996515679443
Adhfe1,chr1,+,9547947,1.49147273297,,44,28,34,17,41,19,0.611111111111111,0.548387096774194,0.683333333333333
2610203C22Rik,chr1,-,9631091,3.64275646756,,30,22,53,13,32,2,0.576923076923077,0.706666666666667,0.941176470588235
Mybl1,chr1,-,9700208,-0.985754531774679,,10,188,11,203,14,143,0.0505050505050505,0.0552763819095477,0.089171974522293
Vcpip1,chr1,-,9748381,,0.797604789184,78,104,80,72,72,125,0.428571428571429,0.434782608695652,0.365482233502538
Sgk3,chr1,+,9798129,-0.732687505410591,0.892250162205,5,159,0,199,5,177,0.0304878048780488,0,0.0274725274725275
Cops5,chr1,-,10038158,,-0.599971642977621,21,244,12,251,11,187,0.0792452830188679,0.046875,0.0555555555555556
Arfgef1,chr1,-,10232669,-0.366864910841674,0.75152645412,1,159,3,226,1,209,0.00625,0.0185185185185185,0.00476190476190476
Ncoa2,chr1,-,13374082,0.372105945157,,2,47,1,37,0,38,0.0408163265306122,0.0208333333333333,0
Lactb2,chr1,-,13660508,-0.888205553452639,,19,151,23,203,19,199,0.111764705882353,0.132183908045977,0.0871559633027523
Eya1,chr1,-,14310198,,1.60298554247,115,165,69,198,62,194,0.410714285714286,0.294871794871795,0.2421875
Trpa1,chr1,-,14918861,-1.86712341668301,,49,13,47,24,42,23,0.790322580645161,0.783333333333333,0.646153846153846
Sbspon,chr1,-,15892721,-2.30767315409105,,138,39,92,26,99,39,0.779661016949153,0.702290076335878,0.717391304347826
Stau2,chr1,-,16519301,-0.589680485970488,,10,31,1,75,1,82,0.24390243902439,0.03125,0.0120481927710843
Crispld1,chr1,+,17727044,-1.22741667279852,1.88115315539,92,92,52,122,53,55,0.5,0.361111111111111,0.490740740740741
Mcm3,chr1,-,20820311,,-0.686482342174814,18,16,26,20,26,18,0.529411764705882,0.619047619047619,0.590909090909091
Paqr8,chr1,+,20890547,-0.520778947298499,1.00501088166,49,150,43,121,30,159,0.246231155778895,0.22279792746114,0.158730158730159
Kcnq5,chr1,-,21962649,-1.31514640807778,1.86514012302,32,77,13,81,18,96,0.293577981651376,0.144444444444444,0.157894736842105
Ogfrl1,chr1,-,23383200,,0.958594187179,57,136,55,178,33,173,0.295336787564767,0.287958115183246,0.160194174757282
Phf3,chr1,-,30863255,,0.560034145867,53,6,53,0,72,4,0.898305084745763,0.898305084745763,0.947368421052632
Prim2,chr1,-,33669793,,-0.829257505032037,23,52,29,72,15,84,0.306666666666667,0.358024691358025,0.151515151515152
Rab23,chr1,+,33719895,0.419862571637,,83,107,73,31,69,106,0.436842105263158,0.405555555555556,0.394285714285714
Bag2,chr1,-,33757749,,-1.30485096371758,70,39,53,21,50,29,0.642201834862385,0.576086956521739,0.632911392405063
Dst,chr1,+,33908224,-1.46570187189,2.67320450421,12,96,4,73,3,52,0.111111111111111,0.04,0.0545454545454545
Ccdc115,chr1,-,34439671,-0.3280033472685,,27,199,34,229,42,199,0.119469026548673,0.145922746781116,0.174273858921162
Imp4,chr1,+,34439828,,-0.733631621151389,37,195,40,227,52,192,0.15948275862069,0.170212765957447,0.213114754098361
Cfc1,chr1,+,34535647,-3.8016061052042,7.67479540883,117,225,198,179,132,217,0.342105263157895,0.468085106382979,0.378223495702006
Arhgef4,chr1,+,34678181,-0.577053997833783,1.16582599813,3,35,2,34,1,34,0.0789473684210526,0.0540540540540541,0.0285714285714286
Plekhb2,chr1,+,34849958,-0.605568270217314,,11,0,7,0,12,1,1,1,0.923076923076923
Hs6st1,chr1,+,36068399,0.432402849238,,109,21,69,13,58,6,0.838461538461539,0.766666666666667,0.90625
Neurl3,chr1,-,36273424,-1.73870134726384,,6,17,3,24,0,36,0.260869565217391,0.15,0
Cox5b,chr1,+,36691486,,-0.856004198493659,191,199,96,217,142,162,0.48974358974359,0.325423728813559,0.467105263157895
Tmem131,chr1,-,36939526,0.652364075913,,9,326,3,347,2,286,0.026865671641791,0.00911854103343465,0.00694444444444444
Inpp4a,chr1,+,37299837,0.771497914762,,22,185,19,240,14,259,0.106280193236715,0.0931372549019608,0.0512820512820513
Mgat4a,chr1,-,37541015,-0.710054592372455,,10,52,5,43,1,50,0.161290322580645,0.087719298245614,0.0196078431372549
Tsga10,chr1,-,37865297,0.645959067857,,95,125,53,127,80,98,0.431818181818182,0.297752808988764,0.449438202247191
Mrpl30,chr1,+,37890476,,-0.807952293411408,83,297,45,382,60,249,0.218421052631579,0.131578947368421,0.194174757281553
Aff3,chr1,-,38627243,-0.804899462616675,2.73226104712,20,18,18,13,18,17,0.526315789473684,0.5,0.514285714285714
Lonrf2,chr1,-,38836686,,7.80754061105,40,96,38,230,43,158,0.294117647058824,0.283582089552239,0.213930348258706
Chst10,chr1,-,38898159,,2.47983416519,0,13,1,9,0,0,0,0.0714285714285714,
Npas2,chr1,+,39194271,-1.94920221553228,8.30738279694,1,14,1,5,1,11,0.0666666666666667,0.0666666666666667,0.0833333333333333
Rnf149,chr1,-,39577346,,-0.811355527705234,23,170,30,158,35,206,0.119170984455959,0.15,0.145228215767635
Rfx8,chr1,-,39720988,4.61231235176,,130,66,87,31,122,24,0.663265306122449,0.568627450980392,0.835616438356164
Il1r2,chr1,+,40084713,-2.15335100373328,,35,35,38,29,31,45,0.5,0.520547945205479,0.407894736842105
Il1r1,chr1,+,40225079,-2.34935705091855,2.45013083123,67,57,48,53,22,81,0.540322580645161,0.457142857142857,0.213592233009709
Il1rl1,chr1,+,40429569,,-2.08957814681221,141,16,130,22,133,17,0.898089171974522,0.89041095890411,0.886666666666667
Il18r1,chr1,+,40465551,-3.74715613881022,4.52998321799,55,18,46,58,45,33,0.753424657534247,0.71875,0.576923076923077
Il18rap,chr1,+,40515361,-0.487772528159109,,67,62,49,70,40,75,0.51937984496124,0.441441441441441,0.347826086956522
Slc9a2,chr1,+,40681711,,7.26712319549,0,23,0,23,0,44,0,0,0
Mfsd9,chr1,-,40790656,0.67403688926,,77,58,81,64,65,47,0.57037037037037,0.58273381294964,0.580357142857143
Nck2,chr1,+,43445750,,-0.687415741407207,4,63,3,36,1,47,0.0597014925373134,0.0454545454545455,0.0208333333333333
Uxs1,chr1,-,43827838,-0.605666164227772,,51,149,54,100,40,121,0.255,0.266009852216749,0.248447204968944
Bivm,chr1,+,44118956,-0.675031072986243,,2,93,4,84,1,81,0.0210526315789474,0.0412371134020619,0.0121951219512195
Gulp1,chr1,+,44551670,-0.793601061349199,,0,40,0,47,0,65,0,0,0
Slc40a1,chr1,-,45925593,2.5874616826,-3.90455622933372,83,60,107,39,117,50,0.58041958041958,0.640718562874252,0.70059880239521
Dnah7b,chr1,+,46066852,2.14830827416,,5,38,10,59,8,48,0.116279069767442,0.208333333333333,0.142857142857143
Slc39a10,chr1,-,46925775,-0.781877293977383,,22,2,30,1,23,2,0.916666666666667,0.9375,0.92
Myo1b,chr1,-,51915977,,-3.1333518117983,54,10,21,1,59,1,0.84375,0.67741935483871,0.983333333333333
Stat4,chr1,+,51987147,,0.862157526865,185,20,131,4,135,13,0.902439024390244,0.867549668874172,0.912162162162162
Stat1,chr1,+,52119437,-0.36348253920952,0.91844211614,114,182,113,153,50,164,0.385135135135135,0.383050847457627,0.233644859813084
Nab1,chr1,-,52500447,-0.321198585380592,0.833278998928,9,189,4,96,4,184,0.0454545454545455,0.0207253886010363,0.0212765957446809
Mfsd6,chr1,-,52727357,-0.570323421204457,1.41198599655,143,90,105,64,135,96,0.613733905579399,0.538461538461538,0.584415584415584
Hibch,chr1,+,52845037,-0.428529694158193,0.782821485689,50,231,45,218,38,183,0.177935943060498,0.16304347826087,0.171945701357466
Hecw2,chr1,-,54195033,4.36925399109,,23,67,22,121,27,112,0.255555555555556,0.247191011235955,0.194244604316547
Ccdc150,chr1,+,54250682,1.51364200788,,175,64,186,46,174,65,0.732217573221757,0.744,0.728033472803347
Hspe1,chr1,+,55088147,0.426246137984,-1.36251298477294,5,155,3,73,1,178,0.03125,0.0189873417721519,0.00558659217877095
Hspd1,chr1,-,55088242,,-1.23150017768756,7,179,3,90,2,194,0.0376344086021505,0.0164835164835165,0.0102040816326531
Rftn2,chr1,-,55226781,2.76755961883,,32,96,83,129,63,159,0.25,0.463687150837989,0.283783783783784
Plcl1,chr1,+,55405945,2.20215530474,,9,157,11,23,9,131,0.0542168674698795,0.0654761904761905,0.0642857142857143
Satb2,chr1,-,56980247,1.56280833086,,1,47,1,48,0,35,0.0208333333333333,0.0208333333333333,0
1700066M21Rik,chr1,+,57377619,-0.569526694870191,,100,80,58,69,111,90,0.555555555555556,0.420289855072464,0.552238805970149
Spats2l,chr1,+,57774860,2.63996762844,,21,80,44,100,43,65,0.207920792079208,0.354838709677419,0.398148148148148
Aox2,chr1,+,58278325,4.29762730502,,152,15,140,10,115,5,0.910179640718563,0.903225806451613,0.958333333333333
Clk1,chr1,-,58424087,0.724423089185,,10,14,10,28,12,29,0.416666666666667,0.416666666666667,0.292682926829268
Fam126b,chr1,-,58586332,0.343783336234,,33,196,39,245,31,230,0.14410480349345,0.165957446808511,0.118773946360153
Cflar,chr1,+,58711490,,0.734305824733,41,172,19,117,26,160,0.192488262910798,0.0994764397905759,0.139784946236559
Trak2,chr1,-,58973481,0.39100858403,,19,148,10,156,18,160,0.11377245508982,0.0632911392405063,0.101123595505618
Als2,chr1,-,59237230,,-0.667937434212645,2,93,2,133,2,107,0.0210526315789474,0.0210526315789474,0.018348623853211
Gm973,chr1,+,59516263,3.52020483783,1.43869238962,47,88,91,30,85,42,0.348148148148148,0.508379888268156,0.669291338582677
Sumo1,chr1,-,59670833,,-0.5274997609591,5,80,4,72,2,56,0.0588235294117647,0.0476190476190476,0.0344827586206897
Bmpr2,chr1,+,59764278,,0.80138832153,2,44,0,50,1,66,0.0434782608695652,0,0.0149253731343284
Ica1l,chr1,-,60043121,3.94333700824,,30,63,32,49,35,46,0.32258064516129,0.336842105263158,0.432098765432099
Wdr12,chr1,-,60098499,,-0.67269496173743,24,363,14,261,9,336,0.062015503875969,0.0371352785145889,0.0260869565217391
Nbeal1,chr1,+,60180598,,1.56218174159,43,131,34,136,19,138,0.247126436781609,0.206060606060606,0.121019108280255
Abi2,chr1,+,60409618,,0.73611581665,46,97,18,92,6,109,0.321678321678322,0.156521739130435,0.0521739130434783
Raph1,chr1,-,60566764,,-1.79182284409041,23,52,18,87,12,39,0.306666666666667,0.257142857142857,0.235294117647059
Cd28,chr1,+,60746387,-3.40556019118272,,65,68,45,81,59,53,0.488721804511278,0.398230088495575,0.526785714285714
Icos,chr1,+,60977913,3.34880462193,,135,75,170,57,136,47,0.642857142857143,0.693877551020408,0.743169398907104
Pard3b,chr1,+,61638823,,1.30276833581,81,20,86,31,79,43,0.801980198019802,0.811320754716981,0.647540983606557
Nrp2,chr1,+,62703316,2.25505575579,,13,66,6,73,12,61,0.164556962025316,0.0833333333333333,0.164383561643836
Zdbf2,chr1,+,63200357,8.57905554377,-3.57600524276029,715,21,511,11,511,11,0.971467391304348,0.960526315789474,0.978927203065134
Unc80,chr1,+,66467933,3.57925093309,,0,6,2,32,8,24,0,0.25,0.25
Kansl1l,chr1,-,66817594,,1.57118312077,0,11,1,10,0,9,0,0.0833333333333333,0
Acadl,chr1,-,66863308,-1.16769454081963,,16,99,17,92,5,114,0.139130434782609,0.146551724137931,0.0420168067226891
Cps1,chr1,+,67123026,4.20120668458,,47,18,25,6,67,29,0.723076923076923,0.581395348837209,0.697916666666667
Ikzf2,chr1,-,69685959,1.58715158171,,0,65,0,45,0,55,0,0,0
Spag16,chr1,+,69826969,4.19281779465,,104,114,85,93,71,114,0.477064220183486,0.42713567839196,0.383783783783784
Bard1,chr1,-,71102971,,-0.872526612461686,2,47,0,45,0,52,0.0408163265306122,0,0
Abca12,chr1,-,71414909,5.14563889263,,78,3,158,7,149,3,0.962962962962963,0.981366459627329,0.980263157894737
Atic,chr1,+,71557155,,-0.698471308086766,0,47,2,39,0,23,0,0.0408163265306122,0
Fn1,chr1,-,71653233,2.52380507474,-1.66908424180364,1,57,3,50,0,74,0.0172413793103448,0.05,0
Tns1,chr1,-,74124547,,1.1875817037,6,7,5,5,2,8,0.461538461538462,0.416666666666667,0.2
Cxcr2,chr1,+,74153993,2.4972071456,-1.96154781239943,44,28,52,29,12,15,0.611111111111111,0.65,0.444444444444444
Pnkd,chr1,+,74285033,0.495276371864,-0.813258260052311,1,41,3,71,1,60,0.0238095238095238,0.0681818181818182,0.0163934426229508
Tmbim1,chr1,-,74304335,-0.590308608756987,0.724837084413,56,116,50,88,49,139,0.325581395348837,0.301204819277108,0.26063829787234
Catip,chr1,+,74362134,3.01637593851,,24,3,23,1,45,3,0.888888888888889,0.884615384615385,0.9375
Slc11a1,chr1,+,74375202,3.3348527757,-5.95275835110283,129,7,121,3,102,5,0.948529411764706,0.9453125,0.953271028037383
Cyp27a1,chr1,+,74713534,3.39459978503,,71,205,73,187,58,213,0.257246376811594,0.262589928057554,0.214022140221402
Prkag3,chr1,-,74748954,3.78593366327,,45,17,45,8,49,16,0.725806451612903,0.725806451612903,0.753846153846154
Abcb6,chr1,-,75180391,,-1.05040730419606,0,54,3,62,0,70,0,0.0526315789473684,0
Glb1l,chr1,-,75210754,-0.365706224813717,1.11426044853,61,45,51,29,53,46,0.575471698113208,0.53125,0.535353535353535
Tuba4a,chr1,-,75219293,-0.63370356522671,,21,169,12,64,19,163,0.110526315789474,0.0662983425414365,0.104395604395604
Dnajb2,chr1,+,75236422,-0.623535042794787,,83,38,86,28,85,55,0.685950413223141,0.693548387096774,0.607142857142857
Dnpep,chr1,-,75317636,-0.359801129511245,,12,112,13,103,7,73,0.0967741935483871,0.104,0.0875
Speg,chr1,+,75375296,1.20063473581,,10,1,8,1,13,2,0.909090909090909,0.888888888888889,0.866666666666667
Chpf,chr1,-,75479470,1.95879856476,,1,29,0,8,0,23,0.0333333333333333,0,0
Obsl1,chr1,-,75506451,3.30234400332,,26,118,33,108,27,81,0.180555555555556,0.218543046357616,0.25
Inha,chr1,+,75507076,3.27477309493,1.7922691092,56,4,62,2,37,4,0.933333333333333,0.939393939393939,0.902439024390244
Stk11ip,chr1,+,75521528,0.557483639932,,60,57,38,55,53,19,0.512820512820513,0.4,0.736111111111111
Slc4a3,chr1,+,75546265,,2.40402821852,68,8,105,19,115,10,0.894736842105263,0.929203539823009,0.92
Epha4,chr1,-,77515087,4.57494787891,,0,105,2,77,1,75,0,0.0186915887850467,0.0131578947368421
Farsb,chr1,-,78488896,,-0.769490488670795,0,18,0,21,1,18,0,0,0.0526315789473684
Acsl3,chr1,+,78657824,-0.747157443341882,,9,71,7,117,9,75,0.1125,0.0897435897435897,0.107142857142857
Wdfy1,chr1,-,79761768,-1.14247161194052,0.807941052263,10,151,7,223,7,230,0.062111801242236,0.0443037974683544,0.029535864978903
Serpine2,chr1,-,79858664,-2.15271705943841,2.35511828536,17,49,11,44,30,33,0.257575757575758,0.183333333333333,0.476190476190476
Dock10,chr1,-,80758552,-1.07378856955098,0.78924849922,30,32,16,21,16,22,0.483870967741936,0.333333333333333,0.421052631578947
Rhbdd1,chr1,+,82316578,-0.951105166698076,,20,16,16,10,13,10,0.555555555555556,0.5,0.565217391304348
A530032D15Rik,chr1,-,85109852,,8.68459235935,1700,701,1803,745,1911,830,0.708038317367763,0.720047923322684,0.697190806275082
Sp140,chr1,+,85600702,,0.952945644458,2454,643,2500,735,2535,780,0.792379722311915,0.795418390073179,0.764705882352941
Sp110,chr1,-,85603890,,0.562369315803,1147,295,1255,290,1195,290,0.795423023578363,0.809677419354839,0.804713804713805
Sp100,chr1,+,85649987,-0.942967698165543,2.11898108778,308,108,178,115,219,163,0.740384615384615,0.622377622377622,0.573298429319372
Itm2c,chr1,+,85894509,-1.18690327355209,,131,20,123,11,149,8,0.867549668874172,0.86013986013986,0.949044585987261
Psmd1,chr1,+,86064618,-0.366283286128457,,84,137,82,175,94,118,0.380090497737557,0.374429223744292,0.443396226415094
Armc9,chr1,+,86154779,0.787008009784,,50,178,42,154,37,100,0.219298245614035,0.190909090909091,0.27007299270073
B3gnt7,chr1,+,86303220,1.10478674062,-1.88799473167089,108,64,89,32,116,32,0.627906976744186,0.581699346405229,0.783783783783784
Eif4e2,chr1,+,87213910,,-0.703426876743965,2,14,0,13,0,13,0.125,0,0
Usp40,chr1,-,88008550,-0.531489210489336,,85,19,79,39,69,22,0.817307692307692,0.806122448979592,0.758241758241758
Ugt1a10,chr1,+,88055410,-1.06138697452843,,90,19,70,17,76,17,0.825688073394496,0.786516853932584,0.817204301075269
Ugt1a9,chr1,+,88070778,-1.07535297122095,,136,11,124,15,144,13,0.925170068027211,0.918518518518519,0.917197452229299
Ugt1a7c,chr1,+,88095000,-1.08130104557846,,69,92,39,100,102,93,0.428571428571429,0.297709923664122,0.523076923076923
Ugt1a6a,chr1,+,88134808,-1.07914431880219,,26,59,33,36,25,48,0.305882352941177,0.358695652173913,0.342465753424658
Ugt1a5,chr1,+,88166011,-1.07318345099026,,86,1,54,2,68,4,0.988505747126437,0.981818181818182,0.944444444444444
Ugt1a2,chr1,+,88200610,-1.07609373535757,,80,4,62,1,78,4,0.952380952380952,0.939393939393939,0.951219512195122
Dnajb3,chr1,-,88205747,1.43089942054,,163,39,125,11,167,25,0.806930693069307,0.76219512195122,0.869791666666667
Ugt1a1,chr1,+,88211958,-1.06283704035877,,2261,881,2214,782,2317,837,0.719605346912795,0.715347334410339,0.734622701331642
6430706D22Rik,chr1,-,88269407,-0.292854503806939,,1967,255,1901,250,2067,296,0.885238523852385,0.881725417439703,0.874735505713077
Trpm8,chr1,+,88306734,5.4301438517,,1204,519,1197,479,1142,433,0.698781195589089,0.697552447552448,0.725079365079365
Agap1,chr1,+,89454810,0.659472816126,,0,84,0,85,0,56,0,0,0
4933400F21Rik,chr1,-,89683891,4.86696652591,,60,1,64,1,57,0,0.983606557377049,0.984615384615385,1
Mlph,chr1,+,90915099,-3.80736828803594,6.52753974283,9,3,12,0,13,2,0.75,0.8,0.866666666666667
Rab17,chr1,-,90969619,-1.2842435585741,,52,9,35,12,36,13,0.852459016393443,0.795454545454545,0.73469387755102
Lrrfip1,chr1,+,90998726,,0.864726380057,18,151,5,140,1,113,0.106508875739645,0.0320512820512821,0.0087719298245614
Rbm44,chr1,+,91145102,0.749638399374,,440,43,441,23,411,12,0.910973084886128,0.911157024793388,0.971631205673759
Ramp1,chr1,+,91179821,,0.80825841201,17,50,14,67,3,64,0.253731343283582,0.21875,0.0447761194029851
Scly,chr1,+,91298337,-0.869471559703383,,71,222,54,305,27,314,0.242320819112628,0.195652173913043,0.0791788856304985
1700020N18Rik,chr1,-,91406028,,3.35346078235,164,40,53,3,125,48,0.803921568627451,0.56989247311828,0.722543352601156
Per2,chr1,-,91459327,0.893396875285,,0,107,0,209,0,166,0,0,0
Ndufa10,chr1,-,92473757,,-0.670018638243943,58,129,52,118,81,113,0.310160427807487,0.287292817679558,0.417525773195876
Gpr35,chr1,+,92973118,1.76250892433,,13,6,3,8,26,6,0.68421052631579,0.333333333333333,0.8125
Sned1,chr1,+,93235896,4.33922779021,,9,13,15,10,4,8,0.409090909090909,0.535714285714286,0.333333333333333
Pask,chr1,-,93342787,,-1.05903830352967,33,87,11,85,15,64,0.275,0.112244897959184,0.189873417721519
Hdlbp,chr1,-,93478916,-0.520333941499543,-0.479525966702764,0,7,0,8,0,12,0,0,0
Bok,chr1,+,93685574,,-1.7079302380019,6,70,10,77,9,32,0.0789473684210526,0.125,0.219512195121951
Slco4c1,chr1,-,96872170,4.62545937777,,10,20,11,27,12,20,0.333333333333333,0.354838709677419,0.375
Pam,chr1,-,98095645,0.400678011881,,2,47,2,90,0,77,0.0408163265306122,0.0408163265306122,0
1810006J02Rik,chr1,+,98131466,1.80880630558,-6.97310157508188,61,13,110,33,72,31,0.824324324324324,0.894308943089431,0.699029126213592
Pign,chr1,-,105663675,-0.505868881858875,0.964479142382,17,65,34,78,21,88,0.207317073170732,0.343434343434343,0.192660550458716
Tnfrsf11a,chr1,+,105780722,-1.21482151021243,,124,96,129,134,130,52,0.563636363636364,0.573333333333333,0.714285714285714
Bcl2,chr1,-,106714289,-2.5261714934492,2.18997707211,15,94,12,76,12,78,0.137614678899083,0.113207547169811,0.133333333333333
Kdsr,chr1,-,106759741,-0.713794266211786,0.873493740425,2,52,1,16,0,43,0.037037037037037,0.0188679245283019,0
Serpinb8,chr1,+,107590005,-3.23980539887053,1.89792544491,56,53,37,31,44,68,0.513761467889908,0.411111111111111,0.392857142857143
Dsel,chr1,-,111864917,-0.640218532894167,1.3956080754,11,49,11,39,10,25,0.183333333333333,0.183333333333333,0.285714285714286
Gli2,chr1,-,119053618,6.26868915746,-1.96721524526764,0,75,4,57,2,87,0,0.0506329113924051,0.0224719101123596
Tmem37,chr1,-,120073779,-1.14328499435161,,39,165,36,161,8,112,0.191176470588235,0.17910447761194,0.0666666666666667
Dbi,chr1,-,120121095,-0.683754348950235,,27,132,13,169,23,137,0.169811320754717,0.0896551724137931,0.14375
Steap3,chr1,-,120271079,,-2.28885518136728,55,10,62,9,47,8,0.846153846153846,0.861111111111111,0.854545454545455
Marco,chr1,-,120505023,7.46656499887,-10.0233285052641,11,1,17,2,30,3,0.916666666666667,0.944444444444444,0.909090909090909
Ccdc93,chr1,+,121431066,-0.598834748548883,,3,101,1,86,1,43,0.0288461538461538,0.00980392156862745,0.0227272727272727
Ddx18,chr1,-,121567979,,-0.722413892229522,31,49,52,63,44,44,0.3875,0.514851485148515,0.5
Dpp10,chr1,-,124045558,4.72529060724,,1,8,6,49,3,66,0.111111111111111,0.428571428571429,0.0434782608695652
Slc35f5,chr1,+,125560594,-0.730156596746323,,27,142,24,113,13,180,0.159763313609467,0.144578313253012,0.0673575129533679
Mgat5,chr1,+,127204985,-0.980885564169378,1.36088406846,51,215,34,133,39,263,0.191729323308271,0.136546184738956,0.129139072847682
Acmsd,chr1,+,127729412,4.47869112054,-2.96575425243104,59,2,66,0,68,2,0.967213114754098,0.970588235294118,0.971428571428571
Ubxn4,chr1,+,128244136,-0.370913073606048,,27,83,30,111,26,89,0.245454545454545,0.265486725663717,0.226086956521739
Cxcr4,chr1,-,128592298,,0.765913947518,3,145,2,159,7,160,0.0202702702702703,0.0136054421768707,0.0419161676646707
Pfkfb2,chr1,-,130729252,,1.29588502817,96,11,98,9,97,24,0.897196261682243,0.89908256880734,0.801652892561983
Mapkapk2,chr1,-,131097842,-0.471976806935028,,41,52,42,51,34,48,0.440860215053763,0.446808510638298,0.414634146341463
Ikbke,chr1,-,131279562,,0.959410010462,13,21,3,22,5,30,0.382352941176471,0.125,0.142857142857143
Srgap2,chr1,-,131527360,-0.749337582713106,,1,290,0,249,1,296,0.00343642611683849,0,0.00336700336700337
Ctse,chr1,+,131638313,-2.37939156013171,,97,144,51,165,34,173,0.402489626556017,0.261538461538462,0.164251207729469
Slc26a9,chr1,+,131744021,2.43827133371,,47,20,54,28,31,26,0.701492537313433,0.72972972972973,0.543859649122807
Slc41a1,chr1,+,131828011,-0.446988471920642,0.859247612382,6,49,8,50,4,54,0.109090909090909,0.140350877192982,0.0689655172413793
Elk4,chr1,+,132007619,,0.72676418431,32,124,33,120,45,102,0.205128205128205,0.210191082802548,0.306122448979592
Nuak2,chr1,+,132316124,-2.17076678385909,1.64616683893,67,324,54,259,47,173,0.171355498721228,0.142857142857143,0.213636363636364
Tmcc2,chr1,-,132391385,1.69352183013,,3,6,4,9,3,5,0.333333333333333,0.4,0.375
Dstyk,chr1,+,132417452,0.48958367429,,60,103,36,121,29,81,0.368098159509202,0.258992805755396,0.263636363636364
Mdm4,chr1,-,133030586,,0.902566187629,61,2,56,1,62,0,0.968253968253968,0.96551724137931,1
Pik3c2b,chr1,+,133046011,,-0.724968039164826,1,59,2,54,0,32,0.0166666666666667,0.0327868852459016,0
Ppp1r15b,chr1,+,133131165,,-0.5887077762409,42,560,46,482,29,410,0.0697674418604651,0.0759075907590759,0.0660592255125285
Plekha6,chr1,+,133246096,-1.83182144324758,,28,17,28,5,30,13,0.622222222222222,0.622222222222222,0.697674418604651
Sox13,chr1,-,133424211,0.656178646647,,0,9,0,9,0,10,0,0,0
Snrpe,chr1,-,133610279,,-0.682836866255179,46,379,105,404,79,107,0.108235294117647,0.216942148760331,0.424731182795699
Zbed6,chr1,-,133660884,0.345236615675,,136,228,74,139,127,270,0.373626373626374,0.245033112582781,0.319899244332494
Zc3h11a,chr1,-,133661398,,0.692096136123,13,206,10,130,10,251,0.0593607305936073,0.0462962962962963,0.0383141762452107
Lax1,chr1,-,133690107,0.803331108046,,1,62,2,24,4,44,0.0158730158730159,0.03125,0.0833333333333333
Mir6903,chr1,-,133726644,0.990208696361,1.63791192874,51,1,66,5,59,1,0.980769230769231,0.985074626865672,0.983333333333333
Atp2b4,chr1,-,133753746,0.534379045077,1.55853268188,164,8,167,12,124,13,0.953488372093023,0.954285714285714,0.905109489051095
Prelp,chr1,-,133921400,,6.48709977104,45,22,38,26,26,52,0.671641791044776,0.633333333333333,0.333333333333333
Btg2,chr1,-,134079154,0.83199301183,,1,49,0,57,1,69,0.02,0,0.0142857142857143
Chil1,chr1,+,134182155,,-7.9989218399721,89,7,90,5,73,2,0.927083333333333,0.927835051546392,0.973333333333333
Ppfia4,chr1,-,134344715,1.63182907599,,34,26,29,32,47,25,0.566666666666667,0.527272727272727,0.652777777777778
Cyb5r1,chr1,+,134405780,-0.537728584490799,,0,125,0,63,2,97,0,0,0.0202020202020202
Kdm5b,chr1,+,134560177,1.11641912022,,50,128,61,142,51,76,0.280898876404494,0.322751322751323,0.401574803149606
Ppp1r12b,chr1,-,134955939,0.697818954097,,97,67,89,97,83,77,0.591463414634146,0.57051282051282,0.51875
Ptprv,chr1,-,135132574,-1.8373808496129,1.24757845564,0,3,0,15,1,10,0,0,0.0909090909090909
Rnpep,chr1,-,135284083,,-0.673799983417621,55,21,56,19,66,24,0.723684210526316,0.727272727272727,0.733333333333333
Timm17a,chr1,-,135313736,,-0.855528969896699,10,53,6,30,6,47,0.158730158730159,0.101694915254237,0.113207547169811
Phlda3,chr1,+,135766084,-1.91386045924681,-2.35766135192338,69,76,63,73,62,36,0.475862068965517,0.453237410071943,0.63265306122449
Tnni1,chr1,+,135799420,6.43827568695,,16,2,7,0,18,0,0.888888888888889,0.777777777777778,1
Tmem9,chr1,+,136008218,0.513082135646,,44,71,62,126,56,139,0.382608695652174,0.466165413533835,0.287179487179487
Cacna1s,chr1,+,136052810,3.94196642685,,13,3,28,5,19,1,0.8125,0.903225806451613,0.95
Kif21b,chr1,+,136131389,0.901108980227,,1,19,4,16,4,10,0.05,0.173913043478261,0.285714285714286
Camsap2,chr1,-,136346103,3.67170018357,-3.1217714060247,7,95,7,99,6,104,0.0686274509803922,0.0686274509803922,0.0545454545454545
9230116N13Rik,chr1,-,136415518,,1.3232213659,86,92,80,96,55,94,0.48314606741573,0.465116279069768,0.369127516778524
Kif14,chr1,+,136467847,,-0.792370371554232,209,13,254,31,277,21,0.941441441441441,0.951310861423221,0.929530201342282
Nr5a2,chr1,-,136960447,6.26834082323,,26,9,30,7,33,7,0.742857142857143,0.769230769230769,0.825
Ptprc,chr1,-,138175304,,1.01216375948,3,175,1,123,1,132,0.0168539325842697,0.00568181818181818,0.0075187969924812
Nek7,chr1,-,138619756,-0.429552034435752,,137,139,71,110,118,162,0.496376811594203,0.338095238095238,0.421428571428571
Gm5833,chr1,-,138682074,-6.68076197756973,,189,21,121,32,144,86,0.9,0.852112676056338,0.626086956521739
Dennd1b,chr1,+,138963708,-0.617110496658793,1.12269867512,6,150,2,146,1,160,0.0384615384615385,0.0131578947368421,0.0062111801242236
Crb1,chr1,-,139377075,3.55041071242,,35,53,33,34,31,53,0.397727272727273,0.383720930232558,0.369047619047619
Zbtb41,chr1,+,139422382,-0.498673902963524,1.19804902784,33,263,38,277,21,251,0.111486486486486,0.12624584717608,0.0772058823529412
Cfh,chr1,-,140183410,6.33460637164,-7.2723962202101,25,1,31,4,49,0,0.961538461538461,0.96875,1
Rgs2,chr1,-,144004148,0.929066073827,,5,67,11,74,9,76,0.0694444444444445,0.141025641025641,0.105882352941176
Rgs1,chr1,-,144249103,,8.54259934522,65,40,25,75,6,63,0.619047619047619,0.384615384615385,0.0869565217391304
Rgs18,chr1,-,144775426,,2.21654085505,32,91,18,85,5,118,0.260162601626016,0.165137614678899,0.040650406504065
Pla2g4a,chr1,-,149961289,-0.862535049202855,0.765577313357,75,96,70,145,73,158,0.43859649122807,0.421686746987952,0.316017316017316
Ptgs2,chr1,+,150100030,-2.01929559223583,,24,4,39,2,41,7,0.857142857142857,0.906976744186047,0.854166666666667
Ptgs2os2,chr1,-,150164947,-1.87680737676782,,15,34,15,64,26,70,0.306122448979592,0.306122448979592,0.270833333333333
Hmcn1,chr1,-,150993434,6.28571923588,-2.06192647768137,35,50,34,53,31,55,0.411764705882353,0.404761904761905,0.36046511627907
Ivns1abp,chr1,+,151344485,,0.783328861949,2,19,3,34,2,53,0.0952380952380952,0.136363636363636,0.0363636363636364
Swt1,chr1,-,151428434,,0.97864212462,15,134,12,130,13,137,0.100671140939597,0.0821917808219178,0.0866666666666667
Rnf2,chr1,-,151500990,0.483528150139,,52,90,30,63,28,58,0.366197183098592,0.25,0.325581395348837
1700025G04Rik,chr1,-,152090319,-0.867078059297031,,0,24,1,14,0,22,0,0.04,0
Tsen15,chr1,-,152386681,0.390926812759,,36,176,54,227,40,252,0.169811320754717,0.234782608695652,0.136986301369863
Rgl1,chr1,-,152766304,1.71099963486,-1.13296382292742,51,331,42,330,31,292,0.133507853403141,0.11260053619303,0.0959752321981424
Lamc1,chr1,-,153332785,,-1.10110901217973,9,55,7,45,1,55,0.140625,0.112903225806452,0.0178571428571429
Npl,chr1,-,153549713,-0.996701199883381,,73,126,50,108,37,82,0.366834170854271,0.284090909090909,0.310924369747899
Rnasel,chr1,+,153749425,,1.21252208348,120,284,48,280,40,268,0.297029702970297,0.144578313253012,0.12987012987013
Rgsl1,chr1,-,153844140,3.55136611702,,206,4,185,3,202,4,0.980952380952381,0.978835978835979,0.980582524271845
Mir8114,chr1,+,153899925,0.835632721832,,0,80,0,173,0,104,0,0,0
Glul,chr1,+,153899928,0.543485764067,,0,80,0,173,0,104,0,0,0
Mr1,chr1,-,155146813,-1.20444625954466,1.74820315142,36,122,21,89,16,118,0.227848101265823,0.146853146853147,0.119402985074627
Acbd6,chr1,+,155558119,,-0.624300175572622,38,54,36,58,10,54,0.41304347826087,0.4,0.15625
Qsox1,chr1,-,155812898,-0.835103653952113,,7,49,4,18,2,62,0.125,0.0754716981132076,0.03125
Cep350,chr1,-,155973254,0.291250647102,,1,196,2,152,8,169,0.0050761421319797,0.0101010101010101,0.0451977401129944
Nphs2,chr1,+,156310718,,3.45056109312,109,163,99,175,145,74,0.400735294117647,0.377862595419847,0.662100456621005
Soat1,chr1,-,156474327,-1.41129869272268,,33,21,38,17,41,31,0.611111111111111,0.64406779661017,0.569444444444445
Ralgps2,chr1,-,156939625,1.5380339802,,12,45,8,67,12,56,0.210526315789474,0.150943396226415,0.176470588235294
2810025M15Rik,chr1,+,157412351,1.00173770336,-0.839668484464296,1,136,5,149,0,82,0.0072992700729927,0.0354609929078014,0
Rasal2,chr1,-,157412594,0.710926769245,,1,127,4,151,0,91,0.0078125,0.0305343511450382,0
Sec16b,chr1,+,157506795,1.34784504533,2.27947328597,87,4,72,2,92,3,0.956043956043956,0.947368421052632,0.968421052631579
Pappa2,chr1,-,158958174,5.19577860506,,29,6,13,6,29,7,0.828571428571429,0.68421052631579,0.805555555555556
Tnr,chr1,+,159523768,5.57985688051,,1,29,4,24,0,16,0.0333333333333333,0.121212121212121,0
4930562F07Rik,chr1,-,160077984,0.704694894047,,22,0,41,1,32,0,1,1,1
Tnn,chr1,-,160153574,5.4516813681,,55,0,60,3,54,0,1,1,1
Cacybp,chr1,-,160212891,,-0.649277060200735,7,405,15,466,15,355,0.0169902912621359,0.0357142857142857,0.0405405405405405
Rabgap1l,chr1,-,160792937,-0.443102132977383,1.74350182839,2,61,0,54,0,26,0.0317460317460317,0,0
Rc3h1,chr1,+,160906410,0.341326366615,,0,423,0,247,6,437,0,0,0.0135440180586907
Gas5,chr1,+,161034600,,0.844266440817,3,414,1,268,1,333,0.00719424460431655,0.00240963855421687,0.0029940119760479
Zbtb37,chr1,-,161034848,,1.5007826084,3,431,1,278,2,360,0.00691244239631337,0.00231481481481482,0.00552486187845304
Snord47,chr1,+,161038091,,2.05321596006,34,33,28,27,38,44,0.507462686567164,0.459016393442623,0.463414634146342
Dars2,chr1,-,161070659,,-0.896739899721646,4,575,4,455,1,487,0.00690846286701209,0.00690846286701209,0.00204918032786885
Prdx6,chr1,-,161251209,-0.667746099022018,,6,113,14,76,10,84,0.0504201680672269,0.110236220472441,0.106382978723404
Tnfsf4,chr1,+,161395437,-5.81884292420827,6.80980541083,172,94,64,168,71,188,0.646616541353383,0.405063291139241,0.274131274131274
Suco,chr1,-,161876681,,1.24025483445,3,241,0,206,1,272,0.0122950819672131,0,0.00366300366300366
Vamp4,chr1,+,162570514,0.850534057107,,13,55,6,78,17,94,0.191176470588235,0.0983606557377049,0.153153153153153
Fmo1,chr1,-,162866609,6.89157308977,-7.17392364826816,50,19,57,17,64,19,0.72463768115942,0.75,0.771084337349398
BC055324,chr1,-,163994795,,-0.808583487053241,21,221,7,136,19,195,0.0867768595041322,0.0307017543859649,0.088785046728972
Sell,chr1,+,164062075,,-1.19969608910099,14,32,16,29,15,37,0.304347826086957,0.333333333333333,0.288461538461538
F5,chr1,+,164151834,0.395863441761,,25,17,45,9,31,22,0.595238095238095,0.725806451612903,0.584905660377359
Slc19a2,chr1,+,164249045,-1.8579931478648,,15,144,34,155,44,202,0.0943396226415094,0.191011235955056,0.178861788617886
Ccdc181,chr1,+,164275597,,0.896519361808,31,14,20,14,28,8,0.688888888888889,0.588235294117647,0.777777777777778
Atp1b1,chr1,-,164458354,1.26155546298,,11,64,5,42,10,53,0.146666666666667,0.072463768115942,0.158730158730159
Mpzl1,chr1,-,165634540,,-1.00770296383731,110,143,180,102,167,94,0.434782608695652,0.557275541795666,0.639846743295019
Creg1,chr1,+,165763757,-0.851132563698746,,29,244,20,225,29,255,0.106227106227106,0.0757575757575758,0.102112676056338
Dusp27,chr1,-,166127897,6.0284048439,,102,21,166,6,97,5,0.829268292682927,0.887700534759358,0.950980392156863
Tada1,chr1,+,166379166,-0.439577636281071,,9,113,4,196,5,32,0.0737704918032787,0.0341880341880342,0.135135135135135
Fam78b,chr1,+,167001416,3.81939929138,,1,25,2,63,2,49,0.0384615384615385,0.0740740740740741,0.0392156862745098
Uck2,chr1,-,167285126,,-0.874130136932684,23,234,21,245,31,206,0.0894941634241245,0.0823529411764706,0.130801687763713
Tmco1,chr1,+,167308669,-0.325387271653642,,10,75,12,74,13,95,0.117647058823529,0.137931034482759,0.12037037037037
Aldh9a1,chr1,+,167349990,-0.579085030824502,,115,154,106,78,88,154,0.427509293680297,0.407692307692308,0.363636363636364
Mgst3,chr1,-,167393840,1.32915596946,-1.99768016761885,0,73,0,56,0,50,0,0,0
Pbx1,chr1,-,168432168,1.28234480498,1.91526085377,28,73,8,82,4,77,0.277227722772277,0.0987654320987654,0.0493827160493827
Hsd17b7,chr1,-,169969204,-2.44456463648562,,54,43,53,27,47,44,0.556701030927835,0.552083333333333,0.516483516483517
Uap1,chr1,-,170174963,-0.647035917457029,,28,52,18,43,28,68,0.35,0.257142857142857,0.291666666666667
Gm7694,chr1,-,170306331,-2.33478952121925,1.98558628435,109,3,113,1,149,5,0.973214285714286,0.974137931034483,0.967532467532468
Nos1ap,chr1,-,170589848,-1.80896872642655,2.17082204938,9,109,12,126,7,60,0.076271186440678,0.0991735537190083,0.104477611940299
Fcrla,chr1,-,170927582,4.35622751208,,37,2,51,5,50,6,0.948717948717949,0.962264150943396,0.892857142857143
Fcgr4,chr1,+,171018925,,-6.05984120982341,16,6,6,2,20,2,0.727272727272727,0.5,0.909090909090909
Fcgr3,chr1,-,171059402,,-4.63182504880988,119,44,129,48,111,38,0.730061349693252,0.745664739884393,0.74496644295302
Sdhc,chr1,-,171150602,,-0.604887034553144,61,122,47,124,47,95,0.333333333333333,0.27810650887574,0.330985915492958
Pcp4l1,chr1,-,171196267,,1.7190168574,40,47,32,30,42,46,0.459770114942529,0.405063291139241,0.477272727272727
Apoa2,chr1,+,171221563,,-5.04110575519922,2,7,3,8,8,8,0.222222222222222,0.3,0.5
Fcer1g,chr1,-,171234348,-1.67603851291817,,117,51,88,19,104,26,0.696428571428571,0.633093525179856,0.8
Ndufs2,chr1,-,171247121,,-0.711749399300814,0,133,0,129,0,130,0,0,0
Ppox,chr1,-,171281185,0.437137533746,,18,139,28,91,29,88,0.114649681528662,0.167664670658683,0.247863247863248
Pfdn2,chr1,+,171344953,,-0.758462237589209,275,124,286,121,305,120,0.68922305764411,0.697560975609756,0.717647058823529
F11r,chr1,+,171437560,-0.840081419076243,1.09972382004,6,93,14,83,11,50,0.0606060606060606,0.130841121495327,0.180327868852459
Ly9,chr1,-,171607409,0.605771494372,-0.827286048633947,28,2,11,5,44,4,0.933333333333333,0.846153846153846,0.916666666666667
Slamf7,chr1,-,171653036,,-6.80350461216503,103,0,95,1,103,1,1,1,0.990384615384615
Cd48,chr1,+,171681991,,-2.16639440553023,43,63,53,70,70,34,0.405660377358491,0.456896551724138,0.673076923076923
Slamf1,chr1,+,171767131,1.75548724503,0.806257805364,33,0,28,1,16,0,1,1,1
Cd84,chr1,+,171839696,,1.47727345717,24,7,33,18,17,16,0.774193548387097,0.825,0.515151515151515
Slamf6,chr1,+,171917461,4.8202148759,-7.00946953319743,114,57,93,89,85,93,0.666666666666667,0.62,0.477528089887641
Vangl2,chr1,-,172027294,1.10330939918,,29,5,17,4,46,2,0.852941176470588,0.772727272727273,0.958333333333333
Copa,chr1,+,172082528,-0.585505553123866,,67,105,53,83,43,94,0.38953488372093,0.335443037974684,0.313868613138686
Pea15a,chr1,-,172206803,-0.671055908207318,,23,33,22,33,11,29,0.410714285714286,0.4,0.275
Atp1a4,chr1,-,172258423,5.13004796682,,318,11,293,18,307,18,0.966565349544073,0.963815789473684,0.944615384615385
Igsf8,chr1,+,172312366,,-0.933810898439889,5,48,1,64,0,59,0.0943396226415094,0.0204081632653061,0
Igsf9,chr1,+,172482212,0.860144984697,,20,54,27,48,36,49,0.27027027027027,0.333333333333333,0.423529411764706
Tagln2,chr1,+,172500245,-0.524300036834252,,84,78,100,54,74,90,0.518518518518519,0.561797752808989,0.451219512195122
Slamf8,chr1,-,172590567,,3.98474784414,62,2,53,1,63,0,0.96875,0.963636363636364,1
Fcer1a,chr1,-,173227228,-7.62580579934639,,108,9,97,14,123,8,0.923076923076923,0.915094339622642,0.938931297709924
Aim2,chr1,+,173420603,,1.27812361757,71,18,69,12,74,22,0.797752808988764,0.793103448275862,0.770833333333333
Mndal,chr1,-,173880186,,1.81749397154,36,75,9,91,18,116,0.324324324324324,0.107142857142857,0.134328358208955
Ifi203,chr1,-,173942671,,1.46597199328,22,14,13,17,17,20,0.611111111111111,0.481481481481482,0.45945945945946
Ifi205,chr1,-,174031754,,-6.9606723427627,110,11,72,10,86,12,0.909090909090909,0.867469879518072,0.877551020408163
Spta1,chr1,+,174172775,2.63271950681,-1.53715884368362,24,10,23,10,19,11,0.705882352941177,0.696969696969697,0.633333333333333
Olfr414,chr1,+,174430429,,5.04704100145,225,15,241,5,293,6,0.9375,0.94140625,0.979933110367893
Fmn2,chr1,+,174501824,2.32305392152,,1,28,0,9,0,34,0.0344827586206897,0,0
Fh1,chr1,-,175625634,,-0.627983716312371,43,46,52,38,63,42,0.48314606741573,0.530612244897959,0.6
Kmo,chr1,+,175632192,2.58525979517,-8.93995254029312,136,64,87,59,108,63,0.68,0.576158940397351,0.631578947368421
Chml,chr1,-,175688352,-0.611219505204707,,229,1,245,4,184,0,0.995652173913044,0.995934959349593,1
Exo1,chr1,+,175880777,,-1.1651482096701,83,34,87,26,73,13,0.70940170940171,0.71900826446281,0.848837209302326
Sdccag8,chr1,+,176814659,,0.92988351974,13,25,4,20,16,17,0.342105263157895,0.137931034482759,0.484848484848485
Hmga2-ps1,chr1,-,176836132,2.33283105486,,94,138,96,164,84,157,0.405172413793103,0.41025641025641,0.348547717842324
Akt3,chr1,-,177248766,,1.32272859653,94,32,107,18,104,12,0.746031746031746,0.769784172661871,0.896551724137931
Zbtb18,chr1,+,177442350,-0.475524917815769,0.889201304909,0,118,0,82,1,125,0,0,0.00793650793650794
Efcab2,chr1,+,178406017,1.03381507046,,15,2,13,0,11,0,0.882352941176471,0.866666666666667,1
Sccpdh,chr1,+,179668230,-0.609305011020675,,66,122,40,140,75,132,0.351063829787234,0.246913580246914,0.36231884057971
Psen2,chr1,-,180256299,,-0.851455161538155,58,198,49,180,34,225,0.2265625,0.198380566801619,0.131274131274131
Parp1,chr1,+,180568890,,-0.744240492462445,86,165,78,111,111,115,0.342629482071713,0.320987654320988,0.491150442477876
Pycr2,chr1,+,180904273,,-0.794360713553346,17,144,12,178,10,154,0.105590062111801,0.0769230769230769,0.0609756097560976
Ephx1,chr1,-,181017568,-2.06046019981404,,96,68,84,52,51,89,0.585365853658537,0.552631578947369,0.364285714285714
Lbr,chr1,-,181842400,-0.411318703371605,,1,192,1,147,1,177,0.00518134715025907,0.00518134715025907,0.00561797752808989
Enah,chr1,-,182019979,-3.83893477998787,,14,63,13,19,16,40,0.181818181818182,0.171052631578947,0.285714285714286
Degs1,chr1,-,182282800,-0.771928353433674,,29,72,38,144,49,122,0.287128712871287,0.345454545454545,0.286549707602339
Capn2,chr1,-,182517609,,-0.659265919408424,46,14,31,11,31,12,0.766666666666667,0.688888888888889,0.72093023255814
Tlr5,chr1,+,182954787,2.45700479356,,25,79,21,29,39,85,0.240384615384615,0.21,0.314516129032258
Dusp10,chr1,+,184034380,-1.43592526969733,,2,71,1,76,0,29,0.0273972602739726,0.0138888888888889,0
C130074G19Rik,chr1,-,184883035,,-5.04735915024534,97,111,115,119,111,124,0.466346153846154,0.508849557522124,0.472340425531915
Iars2,chr1,-,185329400,-0.47977230552111,,26,127,35,59,18,105,0.169934640522876,0.216049382716049,0.146341463414634
Slc30a10,chr1,+,185454847,10.3648443458,-7.91380408583223,41,9,42,14,40,10,0.82,0.823529411764706,0.8
Gm2061,chr1,-,185455567,7.33225955941,-5.81880418981778,10,17,4,14,10,21,0.37037037037037,0.19047619047619,0.32258064516129
Lyplal1,chr1,-,186117309,0.748245160979,-1.11072389703291,123,54,83,49,123,83,0.694915254237288,0.605839416058394,0.597087378640777
Ush2a,chr1,+,188262837,5.69630943798,,223,16,228,18,231,11,0.933054393305439,0.934426229508197,0.954545454545455
Kctd3,chr1,-,189007839,,-0.625044727514553,0,21,8,29,9,13,0,0.275862068965517,0.409090909090909
Ptpn14,chr1,+,189728267,1.84170244755,,8,64,4,36,7,30,0.111111111111111,0.0588235294117647,0.189189189189189
Prox1,chr1,-,190170826,5.44698397296,,9,94,11,72,10,121,0.087378640776699,0.104761904761905,0.0763358778625954
Nsl1,chr1,+,191063020,,-0.980865965503021,73,93,63,76,58,63,0.439759036144578,0.403846153846154,0.479338842975207
Ppp2r5a,chr1,-,191397040,0.531881718165,,0,23,0,25,1,16,0,0,0.0588235294117647
Ints7,chr1,+,191575635,,-0.540402449874832,3,486,2,359,6,460,0.00613496932515337,0.00409836065573771,0.0128755364806867
Nek2,chr1,+,191821472,,-0.904398728682842,74,73,43,55,86,70,0.503401360544218,0.370689655172414,0.551282051282051
Slc30a1,chr1,+,191906780,1.10707298584,,6,43,10,116,3,86,0.122448979591837,0.188679245283019,0.0337078651685393
1700034H15Rik,chr1,-,191907526,2.21527125081,,48,27,74,97,55,84,0.64,0.732673267326733,0.39568345323741
Syt14,chr1,-,193035774,3.44004059724,,27,55,27,68,25,49,0.329268292682927,0.329268292682927,0.337837837837838
Irf6,chr1,+,193153111,,1.10653332362,133,55,173,97,98,86,0.707446808510638,0.758771929824562,0.532608695652174
Hsd11b1,chr1,-,193264044,,-3.2998574235492,51,49,46,34,49,25,0.51,0.48421052631579,0.662162162162162
Camk1g,chr1,-,193370281,3.47993232795,-6.20606959248134,64,3,84,0,75,1,0.955223880597015,0.96551724137931,0.986842105263158
Plxna2,chr1,+,194619828,0.871149561544,-0.952020969740299,2,29,3,111,8,124,0.0645161290322581,0.09375,0.0606060606060606
Cd34,chr1,+,194938820,-0.795509824542355,-0.578580533530102,28,2,10,0,19,1,0.933333333333333,0.833333333333333,0.95
Gm16897,chr1,-,194976958,-0.65689117390354,-0.6014412113739,1,31,0,13,1,13,0.03125,0,0.0714285714285714
Cr2,chr1,-,195176718,1.72035689385,,0,41,1,46,1,47,0,0.0238095238095238,0.0208333333333333
Plekhg1,chr10,+,3740376,3.62160330598,,16,1,3,0,12,0,0.941176470588235,0.75,1
Mthfd1l,chr10,+,3973074,,-0.990893684139752,56,45,79,53,72,66,0.554455445544555,0.637096774193548,0.521739130434783
Akap12,chr10,+,4266328,1.67054209455,-2.20312059233531,134,79,216,20,196,28,0.629107981220657,0.732203389830509,0.875
Esr1,chr10,+,4611988,-4.5518652102367,6.99092018605,96,112,39,126,34,204,0.461538461538462,0.258278145695364,0.142857142857143
Syne1,chr10,-,5550691,0.690381203736,1.08271384861,62,25,20,0,53,42,0.71264367816092,0.444444444444444,0.557894736842105
Myct1,chr10,+,5593727,,1.10682644154,13,102,1,141,3,168,0.11304347826087,0.00970873786407767,0.0175438596491228
Oprm1,chr10,+,6758592,1.68460462796,,13,1,14,0,13,0,0.928571428571429,0.933333333333333,1
Ipcef1,chr10,-,7023184,0.900208102198,,49,1,50,1,56,1,0.98,0.980392156862745,0.982456140350877
Ulbp1,chr10,-,7473476,-1.23150792237939,,27,22,24,31,4,43,0.551020408163265,0.521739130434783,0.0851063829787234
Nup43,chr10,+,7667503,,-0.98099992072573,45,148,35,93,73,210,0.233160621761658,0.191256830601093,0.257950530035336
Lats1,chr10,+,7681208,-0.321957627854145,0.956032693023,18,128,10,122,9,91,0.123287671232877,0.072463768115942,0.09
Ginm1,chr10,-,7780916,-0.491126878717756,0.91250093891,20,48,9,43,16,51,0.294117647058824,0.157894736842105,0.238805970149254
Ppil4,chr10,+,7792893,,0.683123051083,37,15,22,9,33,18,0.711538461538462,0.594594594594595,0.647058823529412
Samd5,chr10,-,9675207,-2.89570957296146,,1,46,1,29,1,20,0.0212765957446809,0.0212765957446809,0.0476190476190476
Stxbp5,chr10,-,9901039,-1.56150519234556,1.12139598565,1,23,0,20,1,15,0.0416666666666667,0,0.0625
Adgb,chr10,-,10472398,2.5002219219,,163,55,191,42,206,17,0.747706422018349,0.776422764227642,0.923766816143498
Rab32,chr10,-,10558206,-0.764149739152341,,58,22,65,32,49,28,0.725,0.747126436781609,0.636363636363636
Grm1,chr10,-,11082330,,3.24676509297,32,30,32,21,40,25,0.516129032258065,0.516129032258065,0.615384615384615
Fbxo30,chr10,+,11281329,-0.615893013710439,,0,57,0,63,1,45,0,0,0.0217391304347826
Epm2a,chr10,+,11343444,,2.63339719174,53,29,66,56,41,38,0.646341463414634,0.694736842105263,0.518987341772152
Utrn,chr10,-,12861734,0.537237428124,,254,25,212,18,228,34,0.910394265232975,0.894514767932489,0.870229007633588
Sf3b5,chr10,+,13008449,,-0.766406142603039,131,119,83,131,97,112,0.524,0.410891089108911,0.464114832535885
Plagl1,chr10,+,13090831,3.7375582417,-2.47993835694857,539,286,560,260,498,193,0.653333333333333,0.66193853427896,0.720694645441389
Phactr2,chr10,-,13474395,,1.08980753643,0,23,16,53,15,9,0,0.41025641025641,0.625
Fuca2,chr10,+,13501027,-0.334424453971318,,8,8,5,10,6,20,0.5,0.384615384615385,0.230769230769231
Aig1,chr10,-,13868956,-0.668712693917694,,61,67,75,82,40,131,0.4765625,0.528169014084507,0.233918128654971
Cited2,chr10,+,17723227,-1.19912590438801,0.907895514227,0,32,0,56,0,76,0,0,0
Abracl,chr10,-,18023251,-0.455776728459561,,53,78,58,82,46,70,0.404580152671756,0.426470588235294,0.396551724137931
Ccdc28a,chr10,-,18234980,,1.01052095009,98,192,146,181,102,179,0.337931034482759,0.431952662721893,0.362989323843416
Perp,chr10,+,18845070,-2.62753491980704,,72,61,147,52,158,57,0.541353383458647,0.706730769230769,0.734883720930233
Tnfaip3,chr10,-,19015409,-1.11176558875488,1.55942309553,46,175,41,168,48,112,0.208144796380091,0.189814814814815,0.3
Ifngr1,chr10,+,19591948,0.877082738717,-0.686363735722535,60,208,45,208,56,214,0.223880597014925,0.177865612648221,0.207407407407407
Il22ra2,chr10,+,19622027,4.98185229755,,90,3,101,2,106,0,0.967741935483871,0.971153846153846,1
Slc35d3,chr10,-,19851458,2.07305571987,,3,44,5,44,7,42,0.0638297872340426,0.102040816326531,0.142857142857143
Map3k5,chr10,+,19934525,-1.03518186748521,,2,81,0,69,0,39,0.0240963855421687,0,0
Map7,chr10,+,20148919,-0.756368481473067,0.655762805926,43,637,36,368,38,582,0.0632352941176471,0.0534918276374443,0.0612903225806452
Mtfr2,chr10,+,20347818,-0.397374811501924,,29,308,16,248,27,331,0.086053412462908,0.0493827160493827,0.0754189944134078
Pde7b,chr10,-,20725077,1.94617939579,,32,201,20,229,29,249,0.137339055793991,0.0904977375565611,0.10431654676259
Sgk1,chr10,+,21882183,1.54005457001,,105,18,134,20,135,17,0.853658536585366,0.881578947368421,0.888157894736842
Raet1e,chr10,+,22158568,,-7.15624438711566,9,129,1,68,8,109,0.0652173913043478,0.00769230769230769,0.0683760683760684
Raet1a,chr10,+,22158608,3.11637280088,-7.96390937344584,9,129,1,68,8,109,0.0652173913043478,0.00769230769230769,0.0683760683760684
Slc18b1,chr10,+,23796985,-1.33070321841631,,61,15,43,4,43,24,0.802631578947369,0.741379310344828,0.641791044776119
Vnn1,chr10,+,23894687,,2.54934313848,168,124,199,120,134,115,0.575342465753425,0.61609907120743,0.538152610441767
Stx7,chr10,+,24149288,-0.800805004198988,0.743326428191,23,21,23,25,20,33,0.522727272727273,0.522727272727273,0.377358490566038
Enpp1,chr10,-,24712158,-1.68732180359395,,2,63,0,65,0,50,0.0307692307692308,0,0
Enpp3,chr10,-,24836194,4.74264985981,-5.26959374392155,85,22,54,6,82,14,0.794392523364486,0.710526315789474,0.854166666666667
Arg1,chr10,-,24927469,,-7.27815538390102,81,11,99,10,89,6,0.880434782608696,0.9,0.936842105263158
Akap7,chr10,-,25299216,,1.39833371676,98,8,91,1,114,2,0.924528301886792,0.919191919191919,0.982758620689655
Echdc1,chr10,+,29313165,-0.907654378862786,,14,70,11,77,16,64,0.166666666666667,0.135802469135802,0.2
Rnf146,chr10,-,29362441,-0.441497787829696,,48,225,76,238,52,128,0.175824175824176,0.252491694352159,0.288888888888889
Cenpw,chr10,-,30200539,,-1.04934183482753,12,84,10,85,10,67,0.125,0.106382978723404,0.12987012987013
Ncoa7,chr10,-,30803325,1.08864406779,,30,100,22,107,23,136,0.230769230769231,0.180327868852459,0.144654088050314
Rnf217,chr10,-,31609724,-0.79731155967541,,15,14,40,14,25,19,0.517241379310345,0.740740740740741,0.568181818181818
Dse,chr10,-,34207234,2.30483129598,-3.94713917807522,18,112,23,119,18,34,0.138461538461538,0.17037037037037,0.346153846153846
Tspyl4,chr10,+,34297420,0.980192863532,,84,281,64,190,56,188,0.23013698630137,0.185507246376812,0.229508196721311
Frk,chr10,+,34483399,-2.51922506356856,,38,45,47,46,28,47,0.457831325301205,0.510869565217391,0.373333333333333
Marcks,chr10,-,37138925,2.10827804237,-1.02176756431339,1,500,1,388,2,356,0.00199600798403194,0.00199600798403194,0.00558659217877095
Lama4,chr10,+,38965514,,1.76961796147,23,56,22,47,21,47,0.291139240506329,0.282051282051282,0.308823529411765
Fyn,chr10,+,39369798,0.743313601747,,0,39,0,32,0,50,0,0,0
E130307A14Rik,chr10,-,39732006,1.59743788333,,0,13,0,14,0,7,0,0,0
Slc16a10,chr10,-,40142253,0.784025113556,,45,49,51,154,84,119,0.478723404255319,0.51,0.413793103448276
Cdk19,chr10,+,40349307,,0.712891163193,5,261,0,275,4,261,0.018796992481203,0,0.0150943396226415
Mettl24,chr10,+,40683281,1.62961295168,,9,55,12,84,7,86,0.140625,0.17910447761194,0.0752688172043011
Mical1,chr10,+,41476313,-1.33425441290946,,11,41,15,39,9,15,0.211538461538462,0.267857142857143,0.375
Sesn1,chr10,+,41810573,0.833744140956,-0.608585833074385,4,327,3,284,0,254,0.0120845921450151,0.00909090909090909,0
Armc2,chr10,-,42018381,1.68783500714,-2.51887959706214,91,64,67,38,57,51,0.587096774193548,0.511450381679389,0.527777777777778
Foxo3,chr10,-,42276694,0.682038027047,,1,67,0,46,0,49,0.0147058823529412,0,0
Sec63,chr10,+,42761495,-0.43668620717133,,44,47,27,79,38,85,0.483516483516484,0.364864864864865,0.308943089430894
Scml4,chr10,+,42860511,,1.55613843931,34,13,26,21,24,21,0.723404255319149,0.666666666666667,0.533333333333333
Bend3,chr10,+,43479139,,-0.724246420268327,0,53,0,53,0,34,0,0,0
Prep,chr10,+,45067215,,-0.650723379117704,24,42,28,71,29,37,0.363636363636364,0.4,0.439393939393939
Bves,chr10,+,45335734,4.95205633677,,15,60,16,51,25,51,0.2,0.210526315789474,0.328947368421053
Lin28b,chr10,-,45470200,5.18730074954,-4.35315923951463,0,126,3,111,6,100,0,0.0232558139534884,0.0566037735849057
Dcbld1,chr10,+,52233618,1.15249661689,-1.92063615193074,6,118,1,79,2,83,0.0483870967741936,0.00840336134453782,0.0235294117647059
Cep85l,chr10,-,53379882,0.774588995471,,28,72,31,84,27,78,0.28,0.300970873786408,0.257142857142857
Fam184a,chr10,-,53750908,,3.27367752863,157,148,160,150,137,229,0.514754098360656,0.51948051948052,0.37431693989071
Msl3l2,chr10,+,56106916,0.795361135811,1.03620786626,11,2,15,1,12,13,0.846153846153846,0.882352941176471,0.48
Tbc1d32,chr10,-,56228688,,1.35943895803,40,9,24,7,40,20,0.816326530612245,0.727272727272727,0.666666666666667
Gja1,chr10,+,56377299,-1.01445371576897,-0.857553027025069,12,148,17,164,15,186,0.075,0.103030303030303,0.0746268656716418
Hsf2,chr10,+,57486384,-0.48595903930964,,25,65,19,66,16,86,0.277777777777778,0.226190476190476,0.156862745098039
Pkib,chr10,+,57631980,1.20730401709,,63,80,57,92,39,53,0.440559440559441,0.416058394160584,0.423913043478261
Gcc2,chr10,+,58255525,-0.362722882880273,1.23518720069,58,71,56,69,37,61,0.449612403100775,0.440944881889764,0.377551020408163
Lims1,chr10,+,58323546,,1.35381431949,13,200,8,165,7,182,0.0610328638497653,0.0384615384615385,0.037037037037037
Edar,chr10,-,58675695,,8.85893715769,126,61,146,39,38,93,0.67379679144385,0.705314009661836,0.290076335877863
Sh3rf3,chr10,+,58813358,,6.30026039266,0,28,0,50,0,46,0,0,0
Oit3,chr10,-,59441778,6.48836395989,-5.30557574299408,108,16,104,14,93,20,0.870967741935484,0.866666666666667,0.823008849557522
Ddit4,chr10,-,59951769,-1.71945591270951,1.01486230678,1,194,2,227,0,210,0.00512820512820513,0.0102040816326531,0
Spock2,chr10,+,60106256,1.802882349,,8,28,19,23,16,9,0.222222222222222,0.404255319148936,0.64
Chst3,chr10,-,60219259,3.29731110765,,22,17,18,11,46,3,0.564102564102564,0.514285714285714,0.938775510204082
Cdh23,chr10,-,60696489,,1.98415138719,70,28,51,12,64,20,0.714285714285714,0.645569620253165,0.761904761904762
Pldi,chr10,-,60938131,-3.61926677418126,,121,10,149,9,151,15,0.923664122137404,0.937106918238994,0.909638554216867
Sgpl1,chr10,-,61147683,-0.958561960467908,,9,5,11,3,16,2,0.642857142857143,0.6875,0.888888888888889
Pald1,chr10,-,61383522,,-2.86782901069783,14,17,4,6,12,20,0.451612903225806,0.19047619047619,0.375
Eif4ebp2,chr10,-,61452668,,-0.684364104107553,24,230,36,253,24,159,0.0944881889763779,0.135338345864662,0.131147540983607
Lrrc20,chr10,+,61475832,-0.60170245096393,-1.35723257575566,21,44,20,51,25,25,0.323076923076923,0.3125,0.5
Ppa1,chr10,+,61648620,-0.421120733136346,,52,169,66,108,74,156,0.235294117647059,0.280851063829787,0.321739130434783
Col13a1,chr10,-,61979107,4.94316084497,,1,129,0,146,0,89,0.00769230769230769,0,0
Tspan15,chr10,-,62231217,5.70823748161,-6.71300435819341,96,242,93,201,94,185,0.284023668639053,0.277611940298507,0.336917562724014
4930507D05Rik,chr10,+,62449159,,-1.666129046993,31,321,20,261,18,284,0.0880681818181818,0.0586510263929619,0.0596026490066225
Supv3l1,chr10,-,62449737,,-0.736460626393848,91,345,67,272,104,300,0.208715596330275,0.162621359223301,0.257425742574257
Vps26a,chr10,-,62486804,-0.610709211844532,,0,46,2,64,0,42,0,0.0416666666666667,0
Srgn,chr10,-,62527444,,1.02628422207,344,6,364,8,263,1,0.982857142857143,0.983783783783784,0.996212121212121
Ddx21,chr10,-,62602297,-0.365036148238622,,132,255,111,208,116,213,0.341085271317829,0.30327868852459,0.35258358662614
Ddx50,chr10,-,62651217,,0.736698160423,25,232,15,160,11,221,0.0972762645914397,0.0607287449392713,0.0474137931034483
Tet1,chr10,-,62887323,0.614746761826,,1,59,1,89,3,52,0.0166666666666667,0.0166666666666667,0.0545454545454545
Dna2,chr10,+,62947028,0.394751920677,-0.859081631499473,88,182,71,291,55,183,0.325925925925926,0.280632411067194,0.23109243697479
Rufy2,chr10,+,62980251,,0.715817557688,32,12,16,15,32,14,0.727272727272727,0.571428571428571,0.695652173913044
Pbld1,chr10,+,63060712,,9.00719359188,238,30,220,47,107,85,0.888059701492537,0.88,0.557291666666667
Jmjd1c,chr10,+,67127087,0.358932926483,,54,514,66,479,65,249,0.0950704225352113,0.113793103448276,0.207006369426752
Zfp365,chr10,-,67912661,-3.73204239103804,,57,3,17,0,52,0,0.95,0.85,1
Rtkn2,chr10,+,67979569,0.627125492197,,48,167,42,146,34,109,0.223255813953488,0.200956937799043,0.237762237762238
Arid5b,chr10,-,68278725,1.26522229828,,0,207,0,160,0,152,0,0,0
Tmem26,chr10,+,68723745,2.96817295043,-4.43993162330856,16,38,15,45,16,23,0.296296296296296,0.283018867924528,0.41025641025641
Rhobtb1,chr10,+,69208551,-0.77258181548814,1.13324670064,201,4,186,6,201,4,0.980487804878049,0.978947368421053,0.980487804878049
Cdk1,chr10,-,69352911,,-1.05488975445857,3,94,13,71,17,133,0.0309278350515464,0.121495327102804,0.113333333333333
Ank3,chr10,+,69533707,2.05268143438,,66,12,66,4,100,19,0.846153846153846,0.846153846153846,0.840336134453782
Slc16a9,chr10,+,70245275,1.99563201571,,36,106,61,83,101,112,0.253521126760563,0.365269461077844,0.474178403755869
Cisd1,chr10,-,71344848,-0.555377557670511,,72,219,126,311,131,280,0.247422680412371,0.365217391304348,0.318734793187348
Ipmk,chr10,+,71347762,-0.607912481740822,,8,61,19,68,11,68,0.115942028985507,0.2375,0.139240506329114
Zwint,chr10,+,72654845,,-0.696338831451993,34,119,26,102,27,137,0.222222222222222,0.179310344827586,0.164634146341463
Gnaz,chr10,+,74967176,2.06650106595,,16,36,26,57,34,47,0.307692307692308,0.419354838709677,0.419753086419753
Bcr,chr10,+,75060895,0.403619845513,,3,23,4,57,5,53,0.115384615384615,0.148148148148148,0.0862068965517242
Adora2a,chr10,+,75316876,,1.0829560428,85,32,115,53,53,61,0.726495726495727,0.782312925170068,0.464912280701754
Snrpd3,chr10,+,75518041,,-0.589433413472629,21,356,44,364,38,468,0.0557029177718833,0.11,0.075098814229249
Ggt1,chr10,+,75564131,1.67995432188,,65,5,108,12,81,8,0.928571428571429,0.955752212389381,0.910112359550562
Ggt5,chr10,+,75589380,-1.88329569575683,3.34448093836,30,39,27,44,38,32,0.434782608695652,0.409090909090909,0.542857142857143
Ddt,chr10,-,75773373,-0.971296412395023,,1,123,3,107,2,140,0.00806451612903226,0.0238095238095238,0.0140845070422535
Gstt3,chr10,-,75781421,-1.61850865691767,1.73963349058,1,73,4,72,3,111,0.0135135135135135,0.051948051948052,0.0263157894736842
Gstt1,chr10,-,75798583,-3.01763026086635,4.36028783335,100,35,80,45,102,40,0.740740740740741,0.695652173913044,0.71830985915493
Gstt2,chr10,-,75834880,-1.21230593978938,0.981956986513,17,240,12,261,7,251,0.066147859922179,0.0476190476190476,0.0271317829457364
Mif,chr10,-,75860276,,-0.936970403354965,33,16,18,13,27,10,0.673469387755102,0.529411764705882,0.72972972972973
Chchd10,chr10,+,75933129,,-0.994811257025047,42,8,48,4,48,8,0.84,0.857142857142857,0.857142857142857
Gm5134,chr10,+,75954513,1.85922392099,2.80147999544,144,89,123,68,219,105,0.618025751072961,0.580188679245283,0.675925925925926
Dip2a,chr10,-,76345290,-0.485659635746926,,34,29,23,32,40,22,0.53968253968254,0.442307692307692,0.645161290322581
Ybey,chr10,-,76469113,0.532353796406,,20,39,21,36,31,57,0.338983050847458,0.35,0.352272727272727
Lss,chr10,+,76531604,-3.12332510126642,,92,41,89,72,90,88,0.691729323308271,0.684615384615385,0.50561797752809
4930483K19Rik,chr10,-,76562225,-2.95692910505837,,40,1,29,0,26,0,0.975609756097561,0.966666666666667,1
Pcbp3,chr10,-,76961946,0.689584542597,,21,0,21,2,24,3,1,1,0.888888888888889
Slc19a1,chr10,+,77032738,-0.660425486063113,-0.601594491811957,24,3,16,0,19,0,0.888888888888889,0.842105263157895,1
Col18a1,chr10,-,77166529,3.33395897698,-3.97501656845862,12,7,46,2,29,5,0.631578947368421,0.867924528301887,0.852941176470588
Gm10941,chr10,-,77259222,5.68997657386,,11,67,11,54,7,122,0.141025641025641,0.141025641025641,0.0542635658914729
Adarb1,chr10,-,77418272,,0.980805991201,67,15,141,6,107,1,0.817073170731707,0.903846153846154,0.990740740740741
Fam207a,chr10,-,77515812,,-0.698098839742757,6,65,3,84,6,74,0.0845070422535211,0.0441176470588235,0.075
Itgb2,chr10,+,77530369,0.643154547191,,39,60,18,34,46,74,0.393939393939394,0.230769230769231,0.383333333333333
Pttg1ip,chr10,+,77581654,-0.401045046608451,,37,124,23,112,38,124,0.229813664596273,0.156462585034014,0.234567901234568
Trpm2,chr10,-,77969871,-2.9490081103533,,22,123,39,109,35,120,0.151724137931034,0.240740740740741,0.225806451612903
Pfkl,chr10,-,78009806,,-0.821761431161224,4,184,1,151,1,145,0.0212765957446809,0.00540540540540541,0.00684931506849315
Aire,chr10,-,78043609,,6.17323772311,268,99,154,92,225,32,0.73024523160763,0.608695652173913,0.875486381322957
Pwp2,chr10,-,78185148,,-0.671490006876893,17,239,11,210,15,249,0.06640625,0.044,0.0568181818181818
Agpat3,chr10,-,78351699,-1.32997125230077,1.37781211024,7,32,9,27,4,20,0.17948717948718,0.219512195121951,0.166666666666667
Cstb,chr10,+,78425669,-0.925101578830984,,43,9,48,3,38,9,0.826923076923077,0.842105263157895,0.808510638297872
Syde1,chr10,-,78591963,-0.547192379683405,1.78391405743,91,28,69,19,102,34,0.764705882352941,0.711340206185567,0.75
2610008E11Rik,chr10,-,79097599,,1.25725168634,58,26,67,38,71,20,0.690476190476191,0.720430107526882,0.78021978021978
Mier2,chr10,-,79555127,0.813733028249,,29,49,30,89,25,85,0.371794871794872,0.379746835443038,0.227272727272727
Cdc34,chr10,+,79682194,0.629676775764,-1.88258922063999,0,30,5,28,5,22,0,0.142857142857143,0.185185185185185
Bsg,chr10,+,79704357,,-0.740716517272728,23,91,40,98,19,96,0.201754385964912,0.305343511450382,0.165217391304348
Rnf126,chr10,-,79766951,,-0.797137206354167,11,69,16,34,24,85,0.1375,0.188235294117647,0.220183486238532
Prss57,chr10,-,79788984,-1.40433281325236,,45,33,33,25,25,34,0.576923076923077,0.5,0.423728813559322
Ptbp1,chr10,+,79854431,,-0.640945974765836,0,171,1,246,0,105,0,0.00581395348837209,0
Prtn3,chr10,+,79879666,,-1.16091046978661,106,75,68,35,90,76,0.585635359116022,0.475524475524476,0.542168674698795
Elane,chr10,+,79886311,,-3.19268750318303,215,20,266,23,210,24,0.914893617021277,0.93006993006993,0.897435897435897
Arid3a,chr10,+,79927042,3.05029850576,-2.15223631811611,0,48,0,87,0,85,0,0,0
Wdr18,chr10,+,79960151,,-1.1691263429892,15,164,4,98,7,191,0.0837988826815642,0.0238095238095238,0.0353535353535354
Cnn2,chr10,+,79988599,0.455149193794,,166,104,149,136,93,101,0.614814814814815,0.588932806324111,0.479381443298969
Abca7,chr10,+,79996493,,0.609369607992,12,46,29,48,35,36,0.206896551724138,0.386666666666667,0.492957746478873
Sbno2,chr10,-,80102701,-0.506333215243538,0.60875786724,90,104,77,93,65,120,0.463917525773196,0.425414364640884,0.351351351351351
Atp5d,chr10,+,80142274,,-0.657682340818067,11,95,27,202,30,242,0.10377358490566,0.221311475409836,0.110294117647059
Midn,chr10,+,80148271,0.871780125932,-0.586445090215819,10,14,5,24,11,28,0.416666666666667,0.263157894736842,0.282051282051282
Cirbp,chr10,+,80165989,,1.1592088355,59,145,69,211,73,187,0.28921568627451,0.322429906542056,0.280769230769231
Efna2,chr10,+,80179481,3.28542965308,,25,16,39,13,38,12,0.609756097560976,0.709090909090909,0.76
Ndufs7,chr10,+,80249448,,-0.629117302939512,2,161,1,203,2,208,0.0122699386503067,0.00617283950617284,0.00952380952380953
Dazap1,chr10,+,80265013,,-0.652434040532999,59,191,30,221,47,204,0.236,0.135746606334842,0.187250996015936
Apc2,chr10,+,80295955,,2.76122801045,19,9,22,65,13,55,0.678571428571429,0.709677419354839,0.191176470588235
Adamtsl5,chr10,-,80348447,1.35636102178,2.65586040314,0,14,0,18,0,21,0,0,0
Mbd3,chr10,-,80399530,,-0.697486218297565,0,297,3,354,1,307,0,0.01,0.00324675324675325
Uqcr11,chr10,-,80406820,,-0.839036078450953,3,133,8,111,7,162,0.0220588235294118,0.0567375886524823,0.0414201183431953
Tcf3,chr10,-,80433634,0.628274806598,-0.820225651579369,67,90,24,138,34,96,0.426751592356688,0.210526315789474,0.261538461538462
Scamp4,chr10,+,80602881,,-0.813569396242254,12,108,10,95,7,71,0.1,0.0847457627118644,0.0897435897435897
Mknk2,chr10,-,80676292,,-0.644564503284185,0,40,0,23,0,61,0,0,0
Sf3a2,chr10,+,80798734,,-0.775007327949639,3,197,0,119,4,177,0.015,0,0.0220994475138122
Jsrp1,chr10,-,80813497,,3.99528333974,18,4,17,3,19,1,0.818181818181818,0.80952380952381,0.95
Oaz1,chr10,+,80826655,,-0.589896630419549,9,202,9,128,5,208,0.042654028436019,0.042654028436019,0.0234741784037559
Oaz1-ps,chr10,+,80826695,,-0.589896630419549,9,202,9,128,5,208,0.042654028436019,0.042654028436019,0.0234741784037559
Mir1982,chr10,+,80828796,-1.32642982159521,,35,14,24,62,9,33,0.714285714285714,0.631578947368421,0.214285714285714
Lsm7,chr10,-,80855208,,-0.966423292359136,111,61,116,71,108,79,0.645348837209302,0.655367231638418,0.577540106951872
Sppl2b,chr10,+,80855274,,-1.01681315540754,111,61,116,71,108,79,0.645348837209302,0.655367231638418,0.577540106951872
Timm13,chr10,-,80900968,,-1.13022347827491,113,90,80,60,125,68,0.556650246305419,0.470588235294118,0.647668393782383
Gadd45b,chr10,+,80930090,-1.92941648342342,,0,284,2,419,0,197,0,0.00699300699300699,0
Sgta,chr10,-,81060270,,-0.698556546512036,229,221,215,172,205,195,0.508888888888889,0.493119266055046,0.5125
Thop1,chr10,+,81070082,,-1.29184210868222,0,71,1,71,1,60,0,0.0138888888888889,0.0163934426229508
Map2k2,chr10,+,81105914,,-0.742652723076784,25,56,21,44,23,48,0.308641975308642,0.272727272727273,0.323943661971831
Pias4,chr10,-,81167719,0.663528295682,-0.959245852724001,8,138,4,177,2,151,0.0547945205479452,0.028169014084507,0.0130718954248366
Snord37,chr10,+,81178960,,3.36430810457,2388,185,2647,209,2574,211,0.928099494753206,0.934675141242938,0.924236983842011
Dapk3,chr10,+,81183006,,-0.783234692591017,263,212,222,117,304,153,0.553684210526316,0.511520737327189,0.665207877461707
Zfr2,chr10,+,81233162,1.43314432628,,61,11,51,10,65,11,0.847222222222222,0.82258064516129,0.855263157894737
Matk,chr10,+,81252934,,0.946865374802,53,20,40,17,41,32,0.726027397260274,0.666666666666667,0.561643835616438
Tjp3,chr10,-,81291580,-0.542613839115561,,70,47,28,45,53,42,0.598290598290598,0.373333333333333,0.557894736842105
Gipc3,chr10,-,81343358,,2.57592090961,55,31,61,42,52,52,0.63953488372093,0.66304347826087,0.5
Fzr1,chr10,-,81378369,,-0.771056715292956,14,83,6,89,9,47,0.144329896907216,0.0674157303370787,0.160714285714286
Dohh,chr10,+,81384433,,-1.07421075956057,30,33,45,66,28,53,0.476190476190476,0.576923076923077,0.345679012345679
Smim24,chr10,+,81393063,0.722404728158,,36,46,38,40,55,50,0.439024390243902,0.452380952380952,0.523809523809524
Nfic,chr10,-,81427172,-0.729873382938616,1.43066041009,34,0,19,0,14,1,1,1,0.933333333333333
Ncln,chr10,-,81496362,,-0.593928568566908,16,104,11,115,8,111,0.133333333333333,0.0956521739130435,0.0672268907563025
Gna15,chr10,-,81524224,-0.860834742756961,,1,22,1,23,1,33,0.0434782608695652,0.0434782608695652,0.0294117647058824
Tle2,chr10,+,81575286,-0.863496203060363,3.26478150215,14,29,28,39,15,41,0.325581395348837,0.491228070175439,0.267857142857143
Tle6,chr10,-,81600899,-1.0107946551219,2.48615707043,28,306,27,224,36,270,0.0838323353293413,0.0810810810810811,0.117647058823529
Ankrd24,chr10,+,81628539,0.81467325329,,102,6,119,10,119,7,0.944444444444444,0.952,0.944444444444444
Tdg,chr10,+,82629837,0.367305227025,-0.803672397227385,52,68,36,45,55,42,0.433333333333333,0.346153846153846,0.567010309278351
Txnrd1,chr10,+,82833950,,-0.561999432562921,145,3,168,5,96,2,0.97972972972973,0.982456140350877,0.979591836734694
Chst11,chr10,+,82985496,-0.460574877317209,,12,134,10,86,12,80,0.0821917808219178,0.0694444444444445,0.130434782608696
Appl2,chr10,-,83648663,-0.803070401755027,1.05906443718,46,85,58,133,36,144,0.351145038167939,0.405594405594406,0.2
1500009L16Rik,chr10,+,83722864,-1.58817842307444,,30,29,52,55,37,37,0.508474576271186,0.641975308641975,0.5
Nuak1,chr10,-,84440667,-3.44704638373605,,13,24,4,16,15,11,0.351351351351351,0.142857142857143,0.576923076923077
Tcp11l2,chr10,+,84576946,0.692042833383,1.30102478293,13,55,5,106,1,124,0.191176470588235,0.0833333333333333,0.008
Mterf2,chr10,-,85128026,0.622398223952,,59,34,57,33,41,33,0.634408602150538,0.626373626373626,0.554054054054054
Btbd11,chr10,+,85386813,1.58786535348,,0,6,1,25,0,19,0,0.142857142857143,0
Bpifc,chr10,-,86011859,-3.16810988935927,4.52984162376,34,0,33,0,25,3,1,1,0.892857142857143
Nt5dc3,chr10,+,86779004,-0.522395266702735,,25,46,33,29,13,52,0.352112676056338,0.417721518987342,0.2
Stab2,chr10,-,87007941,7.58421087514,-3.78930330871171,79,12,89,20,84,18,0.868131868131868,0.881188118811881,0.823529411764706
Igf1,chr10,+,87858264,7.18788008578,-1.86576215714994,13,16,6,11,7,18,0.448275862068966,0.272727272727273,0.28
Gnptab,chr10,+,88379267,-0.668419885825461,,63,121,40,121,48,107,0.342391304347826,0.248447204968944,0.309677419354839
Chpt1,chr10,-,88503969,-1.02114738371855,1.28357381545,104,89,104,196,71,135,0.538860103626943,0.538860103626943,0.344660194174757
Mybpc1,chr10,-,88605151,5.1921464989,,130,35,155,33,138,26,0.787878787878788,0.81578947368421,0.841463414634146
Gas2l3,chr10,-,89443966,-1.34677830229189,1.28581250682,35,152,33,132,36,123,0.18716577540107,0.178378378378378,0.226415094339623
Slc17a8,chr10,-,89621248,,7.80878943539,276,14,285,11,294,19,0.951724137931035,0.953177257525084,0.939297124600639
Apaf1,chr10,-,91082742,-0.377907684915072,,22,99,3,117,3,146,0.181818181818182,0.0294117647058824,0.0201342281879195
Ikbip,chr10,+,91083038,-0.816085469918786,1.6200732197,33,99,13,119,15,155,0.25,0.116071428571429,0.0882352941176471
Slc25a3,chr10,-,91123966,,-0.667276720803064,151,91,116,101,93,56,0.62396694214876,0.560386473429952,0.624161073825503
Nedd1,chr10,-,92722417,-0.60183300341519,,20,12,13,11,20,6,0.625,0.52,0.769230769230769
Cdk17,chr10,+,93160875,0.449920119222,,0,34,0,19,0,23,0,0,0
Elk3,chr10,-,93311158,0.394536691863,,1,37,7,43,6,39,0.0263157894736842,0.159090909090909,0.133333333333333
Gm17745,chr10,+,93336210,1.18950758671,,7,117,8,67,11,168,0.0564516129032258,0.064,0.0614525139664804
Lta4h,chr10,+,93453395,-0.387275760472766,,10,390,7,326,4,277,0.025,0.017632241813602,0.0142348754448399
Ccdc38,chr10,+,93540631,0.317350275302,-0.667075220855898,21,8,23,8,23,13,0.724137931034483,0.741935483870968,0.638888888888889
4933408J17Rik,chr10,+,93589412,1.44883824809,-0.768176260703904,137,201,164,183,184,172,0.405325443786982,0.449315068493151,0.51685393258427
Snrpf,chr10,-,93589657,0.548666523937,-0.750974729504744,227,211,237,196,232,178,0.518264840182648,0.529017857142857,0.565853658536585
Gm15915,chr10,-,93683321,3.41654863046,-3.02621706821028,224,22,246,19,278,22,0.910569105691057,0.917910447761194,0.926666666666667
Fgd6,chr10,+,94036000,1.9356577413,-3.07499828402444,0,192,0,236,0,194,0,0,0
Ndufa12,chr10,+,94199034,,-0.64823272287812,164,282,119,290,144,222,0.367713004484305,0.296758104738155,0.39344262295082
Tmcc3,chr10,+,94311948,2.2861494761,,18,11,10,8,4,6,0.620689655172414,0.476190476190476,0.4
Cep83os,chr10,-,94688612,,1.32852822154,36,298,49,352,32,237,0.107784431137725,0.141210374639769,0.118959107806691
Plxnc1,chr10,-,94944844,0.376095212507,1.31054855189,5,67,14,72,9,79,0.0694444444444445,0.17283950617284,0.102272727272727
Cradd,chr10,-,95324136,,-1.21532523851028,14,224,16,283,13,273,0.0588235294117647,0.0666666666666667,0.0454545454545455
Socs2,chr10,-,95416856,-2.23286262633159,,2,143,2,104,2,66,0.0137931034482759,0.0137931034482759,0.0294117647058824
5730420D15Rik,chr10,+,95417374,-3.09540816744163,,2,143,2,104,2,66,0.0137931034482759,0.0137931034482759,0.0294117647058824
Mrpl42,chr10,-,95501948,,-0.607126603794482,159,208,97,177,174,181,0.433242506811989,0.318032786885246,0.490140845070423
Ube2n,chr10,+,95515161,,-0.570343212570283,17,50,26,47,24,40,0.253731343283582,0.342105263157895,0.375
Eea1,chr10,+,95940662,,0.819186291075,17,77,32,80,16,68,0.180851063829787,0.293577981651376,0.19047619047619
Btg1,chr10,+,96617000,,1.32984178676,2,77,0,175,0,112,0.0253164556962025,0,0
Galnt4,chr10,+,99108134,,0.962798171826,65,169,130,173,139,152,0.277777777777778,0.434782608695652,0.47766323024055
Dusp6,chr10,+,99263230,,0.878033346229,0,371,0,337,0,341,0,0,0
Cep290,chr10,+,100487581,,1.20953301176,0,20,0,33,0,28,0,0,0
Rassf9,chr10,+,102512221,6.9888900712,,25,0,21,3,30,1,1,1,0.967741935483871
Slc6a15,chr10,+,103367807,-2.53698080497099,3.98805603239,6,31,3,35,3,29,0.162162162162162,0.0882352941176471,0.09375
Ppp1r12a,chr10,+,108162097,,0.867919225025,18,123,22,102,18,107,0.127659574468085,0.151724137931034,0.144
Pawr,chr10,+,108332188,,-1.3949207984161,4,22,5,41,4,35,0.153846153846154,0.185185185185185,0.102564102564103
Csrp2,chr10,+,110920175,0.72183975314,-1.46417505109036,25,167,21,142,26,166,0.130208333333333,0.111702127659574,0.135416666666667
Zdhhc17,chr10,-,111010065,,0.907405566443,1,27,0,23,1,39,0.0357142857142857,0,0.025
Osbpl8,chr10,+,111164801,-0.899512119880285,1.26009660803,6,170,3,71,1,170,0.0340909090909091,0.0173410404624277,0.00584795321637427
Phlda1,chr10,+,111506285,1.87793631625,,42,173,58,106,47,247,0.195348837209302,0.251082251082251,0.159863945578231
Krr1,chr10,+,111972694,-0.746613378657004,,54,62,47,56,60,58,0.46551724137931,0.431192660550459,0.508474576271186
Glipr1,chr10,-,111997263,-1.83631218866178,1.28486230094,10,75,0,71,0,102,0.117647058823529,0,0
Caps2,chr10,+,112163620,5.80503697478,,145,24,138,31,160,33,0.857988165680473,0.851851851851852,0.829015544041451
Tbc1d15,chr10,-,115251492,-0.43409146019472,,13,177,10,180,10,180,0.068421052631579,0.053475935828877,0.0526315789473684
Lgr5,chr10,-,115587779,2.98115309521,,0,46,1,58,1,40,0,0.0212765957446809,0.024390243902439
Tspan8,chr10,+,115817283,3.02512399171,-2.16047010639444,76,49,89,43,76,49,0.608,0.644927536231884,0.608
Ptprb,chr10,+,116301373,7.60822013511,-2.81448242630928,31,30,35,18,30,20,0.508196721311475,0.538461538461538,0.6
Myrfl,chr10,-,116896878,4.93850606809,,314,25,321,18,262,18,0.926253687315634,0.927745664739884,0.935714285714286
Cct2,chr10,-,117063851,,-0.648394290556215,84,170,71,124,87,152,0.330708661417323,0.294605809128631,0.364016736401674
Yeats4,chr10,-,117224506,0.563993591073,,33,40,27,13,38,25,0.452054794520548,0.402985074626866,0.603174603174603
Lyz2,chr10,-,117282271,0.441214282573,,36,28,32,29,31,32,0.5625,0.533333333333333,0.492063492063492
Slc35e3,chr10,-,117746357,,0.816906252026,128,18,88,7,122,6,0.876712328767123,0.830188679245283,0.953125
Nup107,chr10,-,117792704,,-0.676802262338887,26,289,33,280,33,254,0.0825396825396825,0.102484472049689,0.114982578397213
Rap1b,chr10,-,117845973,,1.42708879037,52,314,24,268,54,111,0.14207650273224,0.0710059171597633,0.327272727272727
Mdm1,chr10,+,118141786,,0.729172829314,48,140,42,94,73,152,0.25531914893617,0.230769230769231,0.324444444444444
Grip1,chr10,+,119454033,,-7.1979177537714,2,45,0,33,0,12,0.0425531914893617,0,0
Helb,chr10,-,120112964,-0.503783067917677,,8,149,15,211,13,89,0.0509554140127389,0.0914634146341463,0.127450980392157
Irak3,chr10,-,120202129,-0.648253850987404,1.36890954577,17,132,18,119,3,156,0.114093959731544,0.12,0.0188679245283019
Tmbim4,chr10,+,120208825,-0.603950743802162,,45,203,40,263,17,215,0.181451612903226,0.164609053497942,0.0732758620689655
9230105E05Rik,chr10,+,120389522,3.59388432105,,31,14,32,4,35,9,0.688888888888889,0.695652173913044,0.795454545454545
Hmga2,chr10,-,120476468,4.16582535093,-4.02218453654838,1,52,2,55,2,32,0.0188679245283019,0.037037037037037,0.0588235294117647
Gm15910,chr10,+,120857628,2.91253588526,,383,38,303,34,334,23,0.909738717339667,0.888563049853372,0.935574229691877
Msrb3,chr10,-,120898970,1.40542949059,-2.83121220909794,19,3,8,1,16,1,0.863636363636364,0.727272727272727,0.941176470588235
Gns,chr10,+,121365089,-0.763016483218841,,74,191,35,169,54,163,0.279245283018868,0.154867256637168,0.248847926267281
Xpot,chr10,-,121626331,,-0.533219628580888,12,114,23,141,19,100,0.0952380952380952,0.167883211678832,0.159663865546218
D930020B18Rik,chr10,+,121641700,6.73917162127,-3.20415122726709,15,411,9,347,27,346,0.0352112676056338,0.0214285714285714,0.0723860589812333
Srgap1,chr10,-,122047314,3.20086493906,-2.3272210970638,0,148,8,75,8,109,0,0.0512820512820513,0.0683760683760684
Gm4489,chr10,+,122119696,4.19943509491,,73,35,43,35,51,33,0.675925925925926,0.551282051282051,0.607142857142857
Ppm1h,chr10,+,122678761,-0.927483061243146,,126,20,126,11,153,16,0.863013698630137,0.863013698630137,0.905325443786982
Mir26a-2,chr10,+,126995529,5.32099102091,,135,23,128,14,138,9,0.854430379746835,0.847682119205298,0.938775510204082
Tsfm,chr10,-,127030813,,-0.916768131884308,51,146,47,143,53,72,0.258883248730964,0.243523316062176,0.424
Cdk4,chr10,+,127063534,,-0.971188414737213,26,132,14,143,18,119,0.164556962025316,0.0958904109589041,0.131386861313869
Tspan31,chr10,-,127070260,-0.401487922380769,,14,291,12,260,30,261,0.0459016393442623,0.0396039603960396,0.103092783505155
Agap2,chr10,+,127078906,0.946739846105,,244,52,352,18,271,29,0.824324324324324,0.871287128712871,0.903333333333333
B4galnt1,chr10,+,127165155,-0.939014887965612,,32,1,29,0,18,0,0.96969696969697,0.966666666666667,1
Arhgef25,chr10,-,127190082,0.889976527768,-1.26537422438866,4,101,2,166,4,182,0.0380952380952381,0.0194174757281553,0.021505376344086
Dtx3,chr10,-,127195727,,0.914455007827,24,12,17,5,19,7,0.666666666666667,0.586206896551724,0.730769230769231
Pip4k2c,chr10,-,127211621,,-0.685527242458133,20,140,30,117,29,198,0.125,0.176470588235294,0.127753303964758
Kif5a,chr10,-,127263362,-1.31880164002227,2.05242087951,60,145,42,107,43,91,0.292682926829268,0.224598930481283,0.32089552238806
Mbd6,chr10,-,127289017,0.706816030134,,2,39,1,48,2,48,0.0487804878048781,0.025,0.04
Arhgap9,chr10,+,127321963,0.613470775337,,160,39,143,28,97,15,0.804020100502513,0.785714285714286,0.866071428571429
Ndufa4l2,chr10,+,127514938,5.19510979566,-6.68445634897366,1,15,2,12,2,12,0.0625,0.117647058823529,0.142857142857143
Shmt2,chr10,-,127522443,,-1.0496791093029,131,227,121,252,149,231,0.365921787709497,0.347701149425287,0.392105263157895
Stat6,chr10,+,127642985,-0.334177894395211,,0,27,0,20,0,16,0,0,0
Tac2,chr10,+,127724477,,-7.00835480856633,27,0,15,0,21,0,1,1,1
Zbtb39,chr10,+,127739529,0.734394057145,,15,85,19,87,13,113,0.15,0.182692307692308,0.103174603174603
Gpr182,chr10,-,127751797,3.56781440786,,168,8,154,5,118,6,0.954545454545455,0.950617283950617,0.951612903225806
Ptges3,chr10,+,128058981,,-0.558521578340873,4,368,2,518,5,332,0.010752688172043,0.00540540540540541,0.0148367952522255
Atp5b,chr10,+,128083306,,-0.98807854046066,2,481,0,279,2,401,0.0041407867494824,0,0.00496277915632754
Spryd4,chr10,-,128211793,0.411870696589,,89,148,78,109,99,152,0.375527426160338,0.345132743362832,0.394422310756972
Timeless,chr10,+,128232062,,-0.740163205636187,1,163,0,107,2,163,0.00609756097560976,0,0.0121212121212121
Stat2,chr10,+,128270497,-0.71730373200763,,104,59,84,69,83,78,0.638036809815951,0.587412587412587,0.515527950310559
Pan2,chr10,+,128303334,0.390362801364,,19,171,7,193,16,110,0.1,0.0393258426966292,0.126984126984127
Cnpy2,chr10,+,128322458,-0.362120507563986,,87,145,82,219,40,189,0.375,0.361233480176211,0.174672489082969
Cs,chr10,+,128337726,,-0.989149483529865,15,83,8,84,3,97,0.153061224489796,0.0879120879120879,0.03
Nabp2,chr10,-,128410550,-0.375843191256058,,34,201,35,175,34,139,0.14468085106383,0.148305084745763,0.196531791907514
Myl6,chr10,-,128493885,-0.63671971512815,,3,86,2,82,3,72,0.0337078651685393,0.0227272727272727,0.04
Myl6b,chr10,-,128498684,-1.29294956492482,-1.16732379696203,59,124,52,57,47,91,0.3224043715847,0.295454545454545,0.340579710144928
Esyt1,chr10,-,128525858,-0.885971239034245,,11,265,3,280,7,228,0.0398550724637681,0.0111940298507463,0.0297872340425532
Rpl41,chr10,-,128549167,,-0.597056277746739,1,101,1,85,1,79,0.00980392156862745,0.00980392156862745,0.0125
Pa2g4,chr10,-,128565933,,-0.759705834204268,3,32,5,26,2,42,0.0857142857142857,0.135135135135135,0.0454545454545455
Erbb3,chr10,-,128589634,-0.919161718407916,,9,192,31,170,22,81,0.0447761194029851,0.139013452914798,0.213592233009709
Ikzf4,chr10,-,128645992,-2.56740232472394,1.91189134331,27,23,59,12,63,12,0.54,0.719512195121951,0.84
Suox,chr10,-,128673917,-0.655940358104825,,20,174,22,143,17,152,0.103092783505155,0.112244897959184,0.100591715976331
Dgka,chr10,-,128745083,,1.26030718663,142,125,116,109,111,98,0.531835205992509,0.481327800829876,0.5311004784689
Cd63,chr10,+,128908918,-2.46204872886433,1.03014370829,27,2,9,1,37,2,0.931034482758621,0.818181818181818,0.948717948717949
Tespa1,chr10,+,130322851,0.46331723694,-2.51585998309151,0,11,0,10,2,9,0,0,0.181818181818182
Pisd-ps1,chr11,+,3124001,-0.636642549325158,1.79380419465,17,337,8,323,6,213,0.0480225988700565,0.0231884057971015,0.0273972602739726
Sfi1,chr11,-,3200651,0.513141402013,,1561,427,1696,492,1628,424,0.785211267605634,0.798869524258125,0.793372319688109
Pik3ip1,chr11,+,3330730,,1.44910009305,2,89,0,115,0,92,0.021978021978022,0,0
Rnf185,chr11,-,3452955,-0.466913356715611,,24,39,36,38,18,46,0.380952380952381,0.48,0.28125
Morc2a,chr11,+,3649436,-0.376579460168266,,102,145,108,200,99,180,0.412955465587045,0.426877470355731,0.354838709677419
Dusp18,chr11,+,3895239,-2.29603125863929,,8,153,18,80,17,77,0.0496894409937888,0.105263157894737,0.180851063829787
Slc35e4,chr11,-,3914663,-1.55542662017231,,18,199,31,199,34,182,0.0829493087557604,0.134782608695652,0.157407407407407
Pes1,chr11,+,3963974,,-0.78951365264433,97,73,135,64,153,29,0.570588235294118,0.649038461538462,0.840659340659341
Gal3st1,chr11,+,3983635,2.42561503355,,1,31,1,15,0,34,0.03125,0.03125,0
Mtfp1,chr11,-,4095430,,-1.27040888477658,9,31,12,42,9,48,0.225,0.27906976744186,0.157894736842105
Sec14l2,chr11,-,4118728,,2.82162774207,5,15,1,28,0,16,0.25,0.0625,0
Rnf215,chr11,+,4135159,,0.878427518159,50,66,58,54,45,40,0.431034482758621,0.467741935483871,0.529411764705882
Ccdc157,chr11,-,4160292,,1.68951849926,14,106,10,21,18,70,0.116666666666667,0.0862068965517242,0.204545454545455
Sf3a1,chr11,+,4160353,,-0.624646976234944,14,106,10,21,18,70,0.116666666666667,0.0862068965517242,0.204545454545455
Osm,chr11,+,4236784,-1.94352979451194,3.63160264113,7,0,7,2,0,3,1,1,0
Hormad2,chr11,-,4441081,2.30426693725,-2.41127203866726,569,27,476,25,574,20,0.954697986577181,0.946322067594433,0.966329966329966
Uqcr10,chr11,-,4704343,,-0.808483633407368,29,126,29,121,21,180,0.187096774193548,0.187096774193548,0.104477611940299
Thoc5,chr11,+,4895342,,-0.666717351308705,98,104,87,135,98,67,0.485148514851485,0.455497382198953,0.593939393939394
Ap1b1,chr11,+,4947520,0.460323743658,-0.70812208434904,23,64,15,98,5,67,0.264367816091954,0.189873417721519,0.0694444444444445
Nefh,chr11,-,4948063,-1.48390827414789,0.78428157437,31,82,23,46,45,45,0.274336283185841,0.219047619047619,0.5
Emid1,chr11,-,5152229,0.617056820084,-0.846664371305705,198,90,233,64,262,85,0.6875,0.721362229102167,0.755043227665706
Kremen1,chr11,-,5261609,-0.426108218510704,,13,44,10,23,14,27,0.228070175438597,0.185185185185185,0.341463414634146
Znrf3,chr11,-,5444846,-0.528470835808658,,3,145,5,201,10,139,0.0202702702702703,0.0333333333333333,0.0671140939597315
Xbp1,chr11,+,5520640,-2.83251573719425,,11,85,6,102,8,115,0.114583333333333,0.0659340659340659,0.0650406504065041
Ccdc117,chr11,-,5542216,-0.573871043845727,,4,392,1,317,5,248,0.0101010101010101,0.00254452926208651,0.0197628458498024
Mrps24,chr11,-,5707700,,-0.9435453808592,290,125,211,97,175,32,0.698795180722892,0.627976190476191,0.845410628019324
Polm,chr11,-,5838015,2.57962793429,,104,144,109,159,122,150,0.419354838709677,0.430830039525692,0.448529411764706
Pold2,chr11,-,5878255,0.431124755528,,81,236,40,144,88,120,0.255520504731861,0.144927536231884,0.423076923076923
Gck,chr11,-,5950080,3.2938359636,-3.56929433247788,15,1,31,1,32,0,0.9375,0.96875,1
Ogdh,chr11,+,6291596,-0.349101348323993,,16,128,14,96,9,143,0.111111111111111,0.0985915492957746,0.0592105263157895
Ppia,chr11,+,6415866,,-0.668890016279535,9,208,13,249,12,159,0.0414746543778802,0.0588235294117647,0.0701754385964912
Purb,chr11,-,6476075,-0.740658188262406,1.02017425654,46,129,40,146,21,171,0.262857142857143,0.236686390532544,0.109375
Ccm2,chr11,+,6546886,0.518603529321,,7,95,1,81,5,112,0.0686274509803922,0.0104166666666667,0.0427350427350427
Tbrg4,chr11,-,6626066,,-0.65417444852565,36,92,39,104,36,68,0.28125,0.297709923664122,0.346153846153846
Adcy1,chr11,+,7063432,5.69943084006,,2,27,3,43,8,65,0.0689655172413793,0.1,0.10958904109589
Igfbp3,chr11,-,7213922,5.94035372807,-7.7009259410962,11,121,11,95,21,168,0.0833333333333333,0.0833333333333333,0.111111111111111
Tns3,chr11,-,8664534,-0.932581634527634,1.38840972222,80,52,120,29,66,41,0.606060606060606,0.697674418604651,0.616822429906542
Upp1,chr11,+,9118007,-2.23639149249851,3.07241672984,1,41,1,56,0,47,0.0238095238095238,0.0238095238095238,0
Zpbp,chr11,-,11462418,0.766064119327,,164,30,129,36,175,36,0.845360824742268,0.811320754716981,0.829383886255924
Ikzf1,chr11,+,11685924,0.470326957563,-0.611308417992685,6,349,10,335,28,199,0.0169014084507042,0.0278551532033426,0.123348017621145
Fignl1,chr11,-,11808961,,-0.96947656283347,54,411,35,397,50,376,0.116129032258065,0.07847533632287,0.117370892018779
Ddc,chr11,-,11898143,2.1313471072,,182,8,153,5,145,5,0.957894736842105,0.950310559006211,0.966666666666667
Grb10,chr11,-,12037419,2.38037028285,-1.31682405249609,15,147,12,122,10,137,0.0925925925925926,0.0754716981132076,0.0680272108843538
Sec61g,chr11,-,16508483,,-0.960915948985822,6,231,20,263,8,143,0.0253164556962025,0.0796812749003984,0.0529801324503311
Plek,chr11,-,17008717,-0.922047499845678,2.54260502647,35,38,20,41,9,81,0.479452054794521,0.344827586206897,0.1
Cnrip1,chr11,+,17051858,1.34392962086,,0,56,0,33,0,40,0,0,0
Pno1,chr11,-,17211588,,-0.902736748032089,42,258,39,184,31,279,0.14,0.131313131313131,0.1
Meis1,chr11,-,19018968,,1.07164711694,1,478,1,524,4,560,0.00208768267223382,0.00208768267223382,0.00709219858156028
Cep68,chr11,-,20249423,0.561461718862,,9,31,9,30,12,18,0.225,0.225,0.4
Slc1a4,chr11,-,20332712,-1.05148449628182,-1.9365827915106,4,90,4,67,4,66,0.0425531914893617,0.0425531914893617,0.0571428571428571
Aftph,chr11,-,20741555,-0.455161615962234,0.857548265144,0,107,0,65,0,58,0,0,0
Lgalsl,chr11,-,20831107,-0.993533142701107,0.986945798401,53,88,33,129,39,128,0.375886524822695,0.272727272727273,0.233532934131737
Wdpcp,chr11,+,21572280,,1.53584143702,15,295,13,376,8,422,0.0483870967741936,0.0422077922077922,0.0186046511627907
Tmem17,chr11,+,22512282,0.939809117825,,20,22,12,27,14,28,0.476190476190476,0.352941176470588,0.333333333333333
B3gnt2,chr11,-,22860335,-0.790773234571639,0.678599046057,58,36,51,48,54,60,0.617021276595745,0.586206896551724,0.473684210526316
Zrsr1,chr11,+,22972004,-0.581649267819597,1.55587059202,849,510,506,426,451,342,0.624724061810155,0.498031496062992,0.568726355611602
Commd1,chr11,-,22982283,,-0.91857880113581,97,117,92,104,89,85,0.453271028037383,0.440191387559809,0.511494252873563
Cct4,chr11,+,22990592,,-0.493317734297994,42,125,10,147,53,108,0.251497005988024,0.0740740740740741,0.329192546583851
Fam161a,chr11,+,23008346,,2.50210572247,7,270,1,214,0,193,0.0252707581227437,0.003690036900369,0
Ahsa2,chr11,-,23498038,-0.486552209511414,,0,23,0,19,0,36,0,0,0
0610010F05Rik,chr11,-,23633630,-0.718119383574922,,31,11,17,6,27,6,0.738095238095238,0.607142857142857,0.818181818181818
Pus10,chr11,+,23665673,-0.424418924538268,,26,153,18,174,31,171,0.145251396648045,0.105263157894737,0.153465346534653
Pex13,chr11,-,23665882,-0.394972091912444,,15,136,11,164,21,162,0.0993377483443709,0.0748299319727891,0.114754098360656
Rel,chr11,-,23770968,-0.697482979505742,,0,158,0,133,0,111,0,0,0
Bcl11a,chr11,+,24078055,1.64797010757,,0,97,1,126,0,155,0,0.0102040816326531,0
Efemp1,chr11,+,28853204,4.43742117319,,22,146,19,60,21,143,0.130952380952381,0.115151515151515,0.128048780487805
Ccdc88a,chr11,+,29373657,-0.625259071451699,1.33397353549,16,86,7,71,7,127,0.156862745098039,0.0752688172043011,0.0522388059701493
Clhc1,chr11,+,29547949,,-2.12864372008653,10,125,4,101,6,104,0.0740740740740741,0.0310077519379845,0.0545454545454545
Eml6,chr11,-,30026032,,1.3938295371,31,0,32,0,26,1,1,1,0.962962962962963
Stc2,chr11,-,31370060,,-3.69534843918816,3,241,5,369,9,267,0.0122950819672131,0.0203252032520325,0.0326086956521739
Nsg2,chr11,+,32000418,3.10689803919,-1.52555293137641,9,18,14,24,13,12,0.333333333333333,0.4375,0.52
Il9r,chr11,-,32200278,7.7610980859,-2.12291302639612,21,9,19,2,19,1,0.7,0.678571428571429,0.95
Snrnp25,chr11,+,32205414,0.468216100066,-0.880399512977555,43,73,45,42,48,92,0.370689655172414,0.38135593220339,0.342857142857143
Mpg,chr11,+,32226504,0.649011910603,,10,116,15,173,8,226,0.0793650793650794,0.114503816793893,0.0341880341880342
Hba-x,chr11,+,32276599,,-6.40095490950178,23,7,16,4,29,4,0.766666666666667,0.695652173913044,0.878787878787879
Hba-a1,chr11,+,32283671,10.7139228224,-7.53131838448559,5,6,10,2,8,1,0.454545454545455,0.625,0.888888888888889
Hba-a2,chr11,+,32283674,10.7139228224,-7.53131838448559,5,6,10,2,8,1,0.454545454545455,0.625,0.888888888888889
Hbq1b,chr11,+,32286963,4.10195421661,,185,195,92,147,161,185,0.486842105263158,0.320557491289199,0.465317919075145
Sh3pxd2b,chr11,+,32347839,0.689617341879,-1.25675480501695,15,50,14,29,18,53,0.230769230769231,0.21875,0.253521126760563
Ubtd2,chr11,+,32455369,0.920582420403,-0.923828412707642,12,55,10,37,9,21,0.17910447761194,0.153846153846154,0.3
Stk10,chr11,+,32533265,1.24407062674,,2,252,6,164,2,90,0.0078740157480315,0.0232558139534884,0.0217391304347826
Npm1,chr11,-,33163205,,-0.641619147190755,314,226,275,207,236,144,0.581481481481482,0.548902195608782,0.621052631578947
Lcp2,chr11,+,34046927,-0.564591082212113,0.740858398911,20,10,15,54,14,42,0.666666666666667,0.6,0.25
Spdl1,chr11,-,34833640,,-1.25354564394964,60,163,43,110,40,153,0.269058295964126,0.20873786407767,0.207253886010363
Slit3,chr11,+,35121455,1.83423621544,,2,82,0,72,4,67,0.0238095238095238,0,0.0563380281690141
Pank3,chr11,+,35769494,-0.93013166326613,,114,73,103,55,80,49,0.609625668449198,0.585227272727273,0.62015503875969
Rars,chr11,-,35834527,,-0.523545068486039,39,92,32,114,30,97,0.297709923664122,0.258064516129032,0.236220472440945
Nudcd2,chr11,+,40733660,,-0.822128673006479,10,95,4,75,9,80,0.0952380952380952,0.0404040404040404,0.101123595505618
Ccng1,chr11,-,40755285,-1.56420183166881,,91,75,70,72,82,113,0.548192771084337,0.482758620689655,0.420512820512821
Slu7,chr11,+,43433730,,0.71823636698,24,23,33,21,30,21,0.51063829787234,0.589285714285714,0.588235294117647
Ublcp1,chr11,-,44470547,1.17272842453,,9,203,3,173,8,137,0.0424528301886792,0.0145631067961165,0.0551724137931035
Rnf145,chr11,+,44518955,0.435202407988,-0.773535604235128,34,15,39,21,30,24,0.693877551020408,0.722222222222222,0.555555555555556
Ebf1,chr11,+,44618099,6.35775607826,,2,72,7,63,3,67,0.027027027027027,0.0886075949367089,0.0428571428571429
Thg1l,chr11,-,45955502,0.505980882321,-0.819355953674462,31,12,35,8,30,26,0.72093023255814,0.74468085106383,0.535714285714286
Adam19,chr11,+,46054501,5.99586928988,-7.81962340195625,27,12,27,9,34,6,0.692307692307692,0.692307692307692,0.85
Cyfip2,chr11,-,46312858,-0.683283467347146,0.763391780024,0,3,2,35,3,34,0,0.4,0.0810810810810811
Havcr2,chr11,+,46454930,-3.71173249492515,,188,79,174,49,196,91,0.704119850187266,0.687747035573123,0.682926829268293
Timd4,chr11,+,46810798,6.50646724054,-11.5435808836705,24,0,37,3,43,4,1,1,0.914893617021277
Trim7,chr11,+,48826137,-2.94049693884979,,0,12,0,21,0,24,0,0,0
Irgm1,chr11,-,48871419,,0.851803157093,10,135,0,115,0,160,0.0689655172413793,0,0
Tgtp1,chr11,-,48992245,-2.89837428267015,4.08424592417,9,2,2,5,0,8,0.818181818181818,0.5,0
Tgtp2,chr11,-,49064211,-0.929135109307706,2.88007857201,13,7,0,19,0,23,0.65,0,0
Ifi47,chr11,+,49076586,,1.12562019434,0,119,0,123,1,108,0,0,0.0091743119266055
Olfr56,chr11,+,49134172,,1.24172785077,99,5,136,8,127,5,0.951923076923077,0.964539007092199,0.962121212121212
Btnl9,chr11,-,49187088,1.16539499943,2.41418230599,211,37,95,22,188,22,0.850806451612903,0.71969696969697,0.895238095238095
Zfp62,chr11,+,49203291,,1.09659932276,0,103,0,113,1,70,0,0,0.0140845070422535
Flt4,chr11,+,49609678,3.87625993919,-1.86550729844797,1,173,1,165,3,137,0.00574712643678161,0.00574712643678161,0.0214285714285714
Gfpt2,chr11,+,49794154,2.32526344864,,26,73,33,65,21,17,0.262626262626263,0.311320754716981,0.552631578947369
Rnf130,chr11,+,50025330,-0.565230026848923,,13,38,5,53,11,44,0.254901960784314,0.116279069767442,0.2
Sqstm1,chr11,-,50210819,-0.650182960813601,,9,31,4,21,2,28,0.225,0.114285714285714,0.0666666666666667
Maml1,chr11,-,50292335,0.727692153265,,2,39,0,97,0,120,0.0487804878048781,0,0
Zfp354c,chr11,-,50827730,1.03832554125,,21,60,2,50,6,71,0.259259259259259,0.032258064516129,0.0779220779220779
Grm6,chr11,+,50850684,3.03094187386,-7.21019553145022,1,34,1,5,2,16,0.0285714285714286,0.0285714285714286,0.111111111111111
Zfp454,chr11,-,50887509,4.40825565902,,17,27,25,30,18,21,0.386363636363636,0.480769230769231,0.461538461538462
Zfp354a,chr11,+,51059224,1.38346792109,,55,4,44,2,56,4,0.932203389830508,0.916666666666667,0.933333333333333
Clk4,chr11,+,51263113,,1.48605048925,21,212,19,207,20,178,0.0901287553648069,0.0822510822510823,0.101010101010101
Hnrnpab,chr11,-,51606880,,-0.660007220138556,52,188,32,93,33,168,0.216666666666667,0.145454545454545,0.164179104477612
Nhp2,chr11,+,51619772,,-0.978439680116063,26,87,27,96,17,119,0.230088495575221,0.236842105263158,0.125
Rmnd5b,chr11,-,51635895,-0.660427389740899,,4,165,3,114,7,143,0.0236686390532544,0.0178571428571429,0.0466666666666667
Jade2,chr11,-,51857667,-0.643234524858511,1.12574927643,0,49,0,50,0,60,0,0,0
Vdac1,chr11,+,52360850,,-0.595980692458804,14,231,17,245,19,266,0.0571428571428571,0.0685483870967742,0.0666666666666667
9530068E07Rik,chr11,+,52396427,-0.513824889029179,,150,225,142,185,153,170,0.4,0.386920980926431,0.473684210526316
Hspa4,chr11,-,53300478,,-0.595252979382099,0,132,0,157,1,120,0,0,0.00826446280991736
Aff4,chr11,+,53350766,-0.405851547098467,0.99197442707,25,1,34,0,21,0,0.961538461538461,0.971428571428571,1
Uqcrq,chr11,-,53430830,,-1.02697178966413,21,62,4,67,13,55,0.253012048192771,0.0606060606060606,0.191176470588235
Sowaha,chr11,-,53480194,7.17140049623,-2.5760124448153,0,48,0,0,9,73,0,0,0.109756097560976
Rad50,chr11,-,53707318,,0.557767692946,54,130,44,144,50,125,0.293478260869565,0.252873563218391,0.285714285714286
Irf1,chr11,+,53770013,,0.994590385832,29,124,21,113,18,173,0.189542483660131,0.144827586206897,0.0942408376963351
Gm12216,chr11,-,53859255,,2.58519282262,76,18,108,21,114,41,0.808510638297872,0.857142857142857,0.735483870967742
Slc22a4,chr11,-,54028103,2.09781511302,-2.32755258220242,15,141,17,147,19,107,0.0961538461538462,0.107594936708861,0.150793650793651
Acsl6,chr11,+,54303823,2.84336204766,-3.96334597710329,15,15,18,11,24,10,0.5,0.545454545454545,0.705882352941177
Fnip1,chr11,+,54438178,-0.837882987453572,0.76570709045,17,103,7,157,10,159,0.141666666666667,0.0636363636363636,0.0591715976331361
Hint1,chr11,+,54866382,,-0.687059072143058,21,54,10,45,12,47,0.28,0.15625,0.203389830508475
Gpx3,chr11,+,54902853,,-2.66011622717924,102,90,58,23,121,60,0.53125,0.391891891891892,0.668508287292818
Tnip1,chr11,-,54962939,-0.732538365902771,0.604488761658,68,16,46,13,64,27,0.80952380952381,0.741935483870968,0.703296703296703
Anxa6,chr11,-,55033470,,-1.12705576969073,62,81,65,56,86,35,0.433566433566434,0.445205479452055,0.710743801652893
Ccdc69,chr11,-,55078130,,1.38988601867,21,37,13,45,15,35,0.362068965517241,0.26,0.3
Gm2a,chr11,+,55097984,-0.927343154590858,,55,83,13,75,22,110,0.398550724637681,0.135416666666667,0.166666666666667
Slc36a1,chr11,+,55204339,-0.654766614673599,,49,228,44,206,33,153,0.176895306859206,0.161764705882353,0.17741935483871
Fat2,chr11,-,55312256,5.03306495718,,299,52,219,44,296,35,0.851851851851852,0.808118081180812,0.894259818731118
Sparc,chr11,-,55420079,2.61889743187,-1.35142894670922,91,27,68,20,119,5,0.771186440677966,0.715789473684211,0.959677419354839
Larp1,chr11,+,58009063,,-0.521363587830172,6,150,1,123,0,200,0.0384615384615385,0.00662251655629139,0
Gemin5,chr11,-,58168538,,-0.97828269924838,93,17,72,13,68,8,0.845454545454546,0.808988764044944,0.894736842105263
Mrpl22,chr11,+,58171663,,-0.971731177910974,41,284,41,387,41,410,0.126153846153846,0.126153846153846,0.0909090909090909
Gm12250,chr11,+,58183842,-1.37476723566556,3.25150463337,118,9,70,32,52,51,0.929133858267716,0.886075949367089,0.504854368932039
Igtp,chr11,+,58199555,-1.24215834107784,1.22838831883,77,83,66,104,69,86,0.48125,0.442953020134228,0.445161290322581
Irgm2,chr11,+,58214976,-0.624275205622443,1.74237269561,89,56,47,62,16,71,0.613793103448276,0.456310679611651,0.183908045977012
Trim58,chr11,+,58640464,-1.29562780523318,,20,83,4,118,2,86,0.194174757281553,0.0459770114942529,0.0227272727272727
2810021J22Rik,chr11,+,58867239,0.929315926927,,2,136,4,141,25,194,0.0144927536231884,0.0285714285714286,0.114155251141553
Btnl10,chr11,+,58917907,5.90449730147,,92,11,94,7,76,2,0.893203883495146,0.895238095238095,0.974358974358974
Obscn,chr11,-,59136374,1.85980634881,1.69539589406,22,78,39,69,45,83,0.22,0.333333333333333,0.3515625
Iba57,chr11,-,59163744,0.695926287928,-1.12503657061134,108,57,67,51,90,36,0.654545454545455,0.540322580645161,0.714285714285714
Guk1,chr11,-,59191951,,-0.663517814458892,19,227,28,204,21,307,0.0772357723577236,0.109803921568627,0.0640243902439024
Mrpl55,chr11,+,59202485,0.401937723818,-0.952023759212676,0,102,1,64,5,105,0,0.00970873786407767,0.0454545454545455
2310033P09Rik,chr11,+,59208360,0.610768359794,,33,192,30,167,48,156,0.146666666666667,0.135135135135135,0.235294117647059
Arf1,chr11,-,59228266,-0.399007598944777,,13,121,6,67,4,133,0.0970149253731343,0.047244094488189,0.0291970802919708
Snap47,chr11,-,59450033,-0.743874848654707,,16,17,40,30,25,29,0.484848484848485,0.701754385964912,0.462962962962963
Zkscan17,chr11,-,59506639,-0.375800151301794,,95,53,97,40,97,33,0.641891891891892,0.646666666666667,0.746153846153846
Nlrp3,chr11,+,59541568,,-7.13377057274571,101,50,96,47,127,37,0.668874172185431,0.657534246575342,0.774390243902439
Mprip,chr11,+,59662494,,0.542260447794,17,59,16,38,17,72,0.223684210526316,0.213333333333333,0.191011235955056
Pld6,chr11,-,59787656,0.978337908159,,126,173,158,115,131,181,0.421404682274248,0.477341389728097,0.419871794871795
Cops3,chr11,-,59839766,,-0.615394687664853,38,154,26,162,42,161,0.197916666666667,0.144444444444444,0.206896551724138
Med9,chr11,+,59948213,,-0.686767304976546,39,191,29,189,30,251,0.169565217391304,0.131818181818182,0.106761565836299
Rasd1,chr11,-,59964943,2.88738842508,-2.27730601757676,10,122,11,100,10,120,0.0757575757575758,0.0827067669172932,0.0769230769230769
Srebf1,chr11,-,60222580,,-0.767572082127286,68,0,43,5,32,0,1,1,1
Tom1l2,chr11,-,60352904,,0.705174554992,33,23,11,12,26,23,0.589285714285714,0.323529411764706,0.530612244897959
Drg2,chr11,+,60454590,,-0.792736214790501,42,152,42,153,44,140,0.216494845360825,0.216494845360825,0.239130434782609
Smcr8,chr11,+,60777524,-0.737413802138031,,49,116,42,102,36,114,0.296969696969697,0.265822784810127,0.24
Shmt1,chr11,-,60811264,,-0.717592314763281,27,42,39,23,20,45,0.391304347826087,0.481481481481482,0.307692307692308
Tmem11,chr11,-,60879037,,-0.71564799165968,0,74,0,75,0,47,0,0,0
Natd1,chr11,-,60913791,-0.516814549400765,,45,167,26,168,50,167,0.212264150943396,0.134715025906736,0.230414746543779
Aldh3a1,chr11,+,61208741,-2.16909759723314,,77,4,67,12,55,26,0.950617283950617,0.943661971830986,0.679012345679012
Mapk7,chr11,-,61494265,0.379005427933,,57,89,74,56,43,34,0.39041095890411,0.45398773006135,0.558441558441558
Epn2,chr11,-,61579686,4.09635234347,-2.63408368421071,6,19,3,17,0,6,0.24,0.136363636363636,0
Grap,chr11,+,61653320,4.41374329001,-4.20326353791036,39,30,36,11,45,30,0.565217391304348,0.545454545454545,0.6
Fam83g,chr11,+,61684409,,-2.86491974582374,251,375,496,253,756,195,0.400958466453674,0.569460390355913,0.794952681388013
Prpsap2,chr11,-,61762087,-0.460934009238571,,22,39,24,27,24,31,0.360655737704918,0.380952380952381,0.436363636363636
Ulk2,chr11,-,61855091,,0.759323892887,37,127,44,142,28,177,0.225609756097561,0.257309941520468,0.136585365853659
Adora2b,chr11,+,62248983,-2.6349721851134,,30,288,58,303,58,196,0.0943396226415094,0.167630057803468,0.228346456692913
Cenpv,chr11,-,62539260,-0.963941177685558,,97,304,124,270,112,155,0.241895261845387,0.289719626168224,0.419475655430712
Trpv2,chr11,+,62574485,-0.55241138527686,,20,20,7,30,4,15,0.5,0.259259259259259,0.210526315789474
Fbxw10,chr11,+,62847122,,1.74067868,91,24,83,30,95,57,0.791304347826087,0.775700934579439,0.625
Tvp23b,chr11,+,62879454,-0.494464928476509,,11,80,12,73,9,76,0.120879120879121,0.130434782608696,0.105882352941176
Cox10,chr11,-,64079471,,-1.02687540666069,1,37,0,57,0,33,0.0263157894736842,0,0
2810001G20Rik,chr11,+,64079483,0.916188796636,,1,37,0,57,0,33,0.0263157894736842,0,0
Arhgap44,chr11,-,65162960,1.6584600362,,128,61,102,82,145,79,0.677248677248677,0.625766871165644,0.647321428571429
Dnah9,chr11,-,66168550,4.4141262941,,28,18,43,31,48,30,0.608695652173913,0.704918032786885,0.615384615384615
Gas7,chr11,+,67532997,,-7.33887254142083,172,9,162,5,121,6,0.950276243093923,0.947368421052632,0.952755905511811
Pik3r6,chr11,+,68503018,1.46422790635,-4.28279447599989,69,12,37,5,53,4,0.851851851851852,0.755102040816326,0.929824561403509
Arhgef15,chr11,-,68956886,1.58455316282,,14,2,23,0,20,0,0.875,0.92,1
Slc25a35,chr11,+,68968130,,1.73826225379,95,162,112,154,103,69,0.369649805447471,0.408759124087591,0.598837209302326
Rangrf,chr11,-,68975184,0.540456632247,-0.681040466566377,149,27,93,16,127,11,0.846590909090909,0.775,0.920289855072464
Mir3062,chr11,-,68990677,,-1.04852714126611,162,3,156,1,177,2,0.981818181818182,0.981132075471698,0.988826815642458
Pfas,chr11,-,69008459,,-0.685748552243221,157,504,87,286,152,388,0.237518910741301,0.147208121827411,0.281481481481482
Aurkb,chr11,+,69045636,,-1.3501568082306,22,254,26,245,29,255,0.0797101449275362,0.0928571428571429,0.102112676056338
Kdm6b,chr11,-,69416193,1.39646184322,,2,12,0,13,3,7,0.142857142857143,0,0.3
Dnah2,chr11,-,69549107,3.07695700786,,121,12,73,9,117,11,0.909774436090226,0.858823529411765,0.9140625
Trp53,chr11,+,69580358,,-0.559541863743065,2,218,2,264,1,292,0.00909090909090909,0.00909090909090909,0.00341296928327645
Atp1b2,chr11,-,69605959,6.11620656336,-3.32562853955666,1,35,0,29,1,44,0.0277777777777778,0,0.0222222222222222
Cd68,chr11,-,69666169,,-2.28658356600017,48,43,53,36,48,39,0.527472527472528,0.552083333333333,0.551724137931035
Eif4a1,chr11,-,69672422,,-0.852237048830412,9,3,3,1,7,4,0.75,0.5,0.636363636363636
Tnfsf13,chr11,-,69685553,-3.63466437940355,3.62778137145,92,9,89,23,9,66,0.910891089108911,0.908163265306122,0.12
Tnfsf12,chr11,-,69696097,-1.29704553113043,1.60058373905,116,18,92,20,38,27,0.865671641791045,0.836363636363636,0.584615384615385
Polr2a,chr11,-,69758632,,-0.496654216395651,1,21,0,22,0,24,0.0454545454545455,0,0
Zbtb4,chr11,+,69765911,,1.21037369784,54,0,36,0,59,5,1,1,0.921875
Chrnb1,chr11,-,69795936,,1.537692258,78,228,51,196,49,153,0.254901960784314,0.182795698924731,0.242574257425743
Fgf11,chr11,-,69802279,,1.32864253415,29,89,37,78,29,92,0.245762711864407,0.293650793650794,0.239669421487603
G630025P09Rik,chr11,+,69803668,-1.53206576464306,2.63822869766,9,255,15,268,4,208,0.0340909090909091,0.0555555555555556,0.0188679245283019
Tmem102,chr11,-,69805623,-1.47360558414287,2.71471031562,87,190,204,128,204,107,0.314079422382672,0.517766497461929,0.655948553054662
Nlgn2,chr11,-,69837783,,0.589005935991,8,152,0,145,0,49,0.05,0,0
Tmem256,chr11,+,69838524,-0.561325254765331,,8,152,0,145,0,49,0.05,0,0
Plscr3,chr11,+,69846371,0.533243856106,,7,5,5,14,8,13,0.583333333333333,0.5,0.380952380952381
Kctd11,chr11,-,69880984,-1.15624965512616,,149,96,132,95,142,90,0.608163265306122,0.578947368421053,0.612068965517241
Acap1,chr11,-,69895538,-0.461406005935065,0.754067769199,24,38,14,11,23,38,0.387096774193548,0.269230769230769,0.377049180327869
Neurl4,chr11,+,69901815,0.407502423942,,37,177,36,159,19,149,0.172897196261682,0.169014084507042,0.113095238095238
Eif5a,chr11,-,69921957,,-0.887474346794229,10,275,8,300,12,299,0.0350877192982456,0.0282685512367491,0.0385852090032154
Slc2a4,chr11,-,69948196,4.19383571228,,0,75,0,53,0,42,0,0,0
Elp5,chr11,-,69981234,,-0.765315719560601,1,64,8,33,4,52,0.0153846153846154,0.111111111111111,0.0714285714285714
Gabarap,chr11,+,69991369,-0.395055860761598,,0,157,2,114,5,141,0,0.0125786163522013,0.0342465753424658
Acadvl,chr11,-,70015427,-0.608519755976923,,158,48,113,16,115,29,0.766990291262136,0.701863354037267,0.798611111111111
Asgr1,chr11,+,70054123,5.79785539189,,72,2,64,2,91,1,0.972972972972973,0.96969696969697,0.989130434782609
Slc16a11,chr11,+,70213909,3.13786185791,,37,260,34,277,41,262,0.124579124579125,0.115646258503401,0.135313531353135
Slc16a13,chr11,-,70220993,0.531698767129,,0,126,1,110,1,101,0,0.0078740157480315,0.00980392156862745
Bcl6b,chr11,-,70229797,2.87584476242,,11,365,10,261,10,242,0.0292553191489362,0.0266666666666667,0.0396825396825397
0610010K14Rik,chr11,-,70237913,0.469713266136,,8,49,8,33,8,55,0.140350877192982,0.140350877192982,0.126984126984127
Alox12,chr11,-,70255369,1.93057166565,,30,122,27,79,50,113,0.197368421052632,0.181208053691275,0.306748466257669
Alox15,chr11,-,70352030,3.33466093431,,49,31,32,34,42,13,0.6125,0.507936507936508,0.763636363636364
Pelp1,chr11,-,70410030,,-0.884780794398947,40,94,52,117,44,119,0.298507462686567,0.356164383561644,0.269938650306748
Med11,chr11,+,70451917,0.360756923577,,47,24,37,10,64,20,0.661971830985916,0.60655737704918,0.761904761904762
Gltpd2,chr11,+,70519208,6.349703473,,222,117,307,83,349,51,0.654867256637168,0.724056603773585,0.8725
Psmb6,chr11,+,70525356,,-0.817639648318022,9,182,4,171,19,158,0.0471204188481675,0.021505376344086,0.107344632768362
Mink1,chr11,+,70562880,,0.724354685909,0,117,0,20,0,79,0,0,0
Gp1ba,chr11,+,70639121,0.705709460917,1.18286440551,161,30,170,30,107,38,0.842931937172775,0.85,0.737931034482759
Slc25a11,chr11,-,70647038,-0.372960938357991,,28,98,8,36,7,69,0.222222222222222,0.0754716981132076,0.0921052631578947
Camta2,chr11,-,70688104,,0.793688004396,7,135,8,159,13,109,0.0492957746478873,0.0559440559440559,0.10655737704918
Inca1,chr11,-,70700154,-5.06297378388089,,10,48,8,58,13,31,0.172413793103448,0.142857142857143,0.295454545454545
Kif1c,chr11,+,70700547,-2.73618169378227,0.779094634579,18,75,31,81,15,66,0.193548387096774,0.292452830188679,0.185185185185185
Mir6925,chr11,+,70705989,-2.52526977680806,,204,6,131,7,194,4,0.971428571428571,0.956204379562044,0.97979797979798
Rabep1,chr11,+,70844760,-0.6463866783453,,16,40,12,38,9,24,0.285714285714286,0.230769230769231,0.272727272727273
Nup88,chr11,-,70969972,,-0.630948380552752,14,66,20,74,18,104,0.175,0.232558139534884,0.147540983606557
C1qbp,chr11,-,70983025,,-1.08579115010279,22,67,10,104,13,77,0.247191011235955,0.12987012987013,0.144444444444444
Dhx33,chr11,-,71004431,-0.38116763877311,,39,356,18,338,26,342,0.0987341772151899,0.0481283422459893,0.0706521739130435
Derl2,chr11,-,71019840,-0.402163495026727,,0,14,3,23,0,23,0,0.176470588235294,0
6330403K07Rik,chr11,-,71033616,5.78999221417,,92,8,96,8,80,3,0.92,0.923076923076923,0.963855421686747
Nlrp1b,chr11,-,71230732,2.83152309959,,10,9,10,10,16,8,0.526315789473684,0.526315789473684,0.666666666666667
Wscd1,chr11,+,71750684,4.65602858413,,27,145,25,91,29,90,0.156976744186047,0.147058823529412,0.243697478991597
Xaf1,chr11,+,72301628,,0.861638409836,34,21,25,1,28,14,0.618181818181818,0.543478260869565,0.666666666666667
Smtnl2,chr11,-,72411712,2.52985610719,-2.76899249054225,68,26,50,23,73,12,0.723404255319149,0.657894736842105,0.858823529411765
Mybbp1a,chr11,+,72441326,,-0.826876601463099,27,230,12,113,26,240,0.105058365758755,0.0495867768595041,0.0977443609022556
Spns3,chr11,-,72550245,-1.9997608452702,1.39277723333,42,34,56,38,47,44,0.552631578947369,0.622222222222222,0.516483516483517
Atp2a3,chr11,+,72961168,,0.99477522226,19,19,17,22,8,22,0.5,0.472222222222222,0.266666666666667
P2rx1,chr11,+,72999144,1.74534482001,0.602402914243,16,8,12,4,24,8,0.666666666666667,0.6,0.75
Camkk1,chr11,+,73018987,3.34854220271,,0,147,0,87,3,100,0,0,0.029126213592233
Aspa,chr11,-,73324636,,3.26285087866,137,25,129,39,52,151,0.845679012345679,0.837662337662338,0.25615763546798
Rap1gap2,chr11,-,74610914,2.92567658927,,21,59,19,54,18,64,0.2625,0.243589743589744,0.219512195121951
Cluh,chr11,+,74649503,,-0.806121639949176,1,171,7,298,1,209,0.00581395348837209,0.0393258426966292,0.00476190476190476
Mettl16,chr11,+,74770862,,-0.688857160059132,220,27,198,17,207,42,0.890688259109312,0.88,0.831325301204819
Smg6,chr11,+,74925853,,0.527396129673,13,59,10,80,8,88,0.180555555555556,0.144927536231884,0.0833333333333333
Rpa1,chr11,-,75348382,,-0.697423095664116,182,133,121,145,179,101,0.577777777777778,0.476377952755906,0.639285714285714
Serpinf2,chr11,-,75439500,7.1367870886,-5.94687451467734,137,4,130,4,124,3,0.971631205673759,0.970149253731343,0.976377952755906
Mir22hg,chr11,+,75461538,-2.15590619255912,,7,290,3,259,2,286,0.0235690235690236,0.0102389078498294,0.00694444444444444
Scarf1,chr11,+,75513540,-0.481120919612715,,21,41,11,78,6,83,0.338709677419355,0.211538461538462,0.0674157303370787
Slc43a2,chr11,+,75531693,0.865040996245,-0.922839247012382,0,13,0,34,0,36,0,0,0
Inpp5k,chr11,+,75631019,,0.871585180535,42,331,25,316,49,201,0.11260053619303,0.0702247191011236,0.196
Ywhae,chr11,+,75732886,,-0.633876675214953,12,74,22,73,12,42,0.13953488372093,0.229166666666667,0.222222222222222
1700016K19Rik,chr11,+,75999911,4.47948084888,-4.16825631374124,111,167,74,153,106,95,0.399280575539568,0.307053941908714,0.527363184079602
Vps53,chr11,-,76179637,-0.355216314659489,,23,123,17,229,14,213,0.157534246575342,0.121428571428571,0.0616740088105727
Gemin4,chr11,-,76217571,,-0.679284419399535,38,11,37,11,27,8,0.775510204081633,0.770833333333333,0.771428571428571
Abr,chr11,-,76577738,-0.450807424198494,,100,31,102,14,83,24,0.763358778625954,0.766917293233083,0.775700934579439
Cpd,chr11,-,76847007,0.423176862437,,27,196,15,124,25,174,0.121076233183857,0.0710900473933649,0.125628140703518
Blmh,chr11,+,76945655,,-0.718549375819979,13,38,8,24,18,36,0.254901960784314,0.173913043478261,0.333333333333333
Slc6a4,chr11,+,76998596,-3.253472563232,,7,177,29,302,19,137,0.0380434782608696,0.140776699029126,0.121794871794872
Ankrd13b,chr11,-,77490041,-0.5144952234907,,53,10,50,15,32,14,0.841269841269841,0.833333333333333,0.695652173913044
Abhd15,chr11,+,77515116,-1.36204184730298,2.24080212177,6,8,4,23,1,22,0.428571428571429,0.333333333333333,0.0434782608695652
Dhrs13,chr11,+,78032312,,-0.862480876886192,97,131,60,241,86,251,0.425438596491228,0.31413612565445,0.255192878338279
Eral1,chr11,-,78080382,,-0.71879415896462,32,47,41,62,17,57,0.405063291139241,0.465909090909091,0.22972972972973
Fam222b,chr11,+,78094689,-0.411254154988781,,175,312,138,225,128,256,0.359342915811088,0.306666666666667,0.333333333333333
Traf4,chr11,-,78165549,,-1.40642885351539,2,60,1,72,5,92,0.032258064516129,0.0163934426229508,0.0515463917525773
Tlcd1,chr11,+,78178129,,-1.58134536392849,2,58,0,54,0,42,0.0333333333333333,0,0
Spag5,chr11,+,78301590,,-0.888865760244719,44,88,26,51,36,77,0.333333333333333,0.228070175438597,0.31858407079646
Aldoc,chr11,+,78323072,-3.48678700534009,1.56951205898,10,1,10,1,12,2,0.909090909090909,0.909090909090909,0.857142857142857
Vtn,chr11,+,78499119,5.97017300063,,151,66,153,55,170,45,0.695852534562212,0.698630136986301,0.790697674418605
Tmem199,chr11,-,78512167,-0.626109896423312,,25,180,34,155,21,122,0.121951219512195,0.158878504672897,0.146853146853147
Poldip2,chr11,+,78512295,-0.254802710542464,-0.64305598386577,15,178,18,151,12,120,0.077720207253886,0.0918367346938776,0.0909090909090909
Tnfaip1,chr11,-,78536259,,-1.66728664825152,33,239,27,191,37,192,0.121323529411765,0.101503759398496,0.161572052401747
Tmem97,chr11,-,78550734,-0.820825491845891,-1.44106947348597,31,93,32,154,33,153,0.25,0.256,0.17741935483871
Nlk,chr11,-,78697424,0.379334467394,,58,134,42,128,49,152,0.302083333333333,0.238636363636364,0.243781094527363
Lyrm9,chr11,+,78826594,,0.976654710326,125,112,60,179,47,143,0.527426160337553,0.348837209302326,0.247368421052632
Nos2,chr11,+,78920786,3.95600719415,,42,4,34,11,32,3,0.91304347826087,0.894736842105263,0.914285714285714
Lgals9,chr11,-,78984923,0.456806609849,,39,63,21,83,50,61,0.382352941176471,0.25,0.450450450450451
Nf1,chr11,+,79339891,-0.543971480721572,0.727334154596,31,63,24,61,38,68,0.329787234042553,0.275862068965517,0.358490566037736
Evi2b,chr11,-,79523761,,0.949094908138,21,117,13,80,17,143,0.152173913043478,0.1,0.10625
Crlf3,chr11,-,80080990,0.49068864534,,8,43,5,47,3,59,0.156862745098039,0.104166666666667,0.0483870967741936
5730455P16Rik,chr11,-,80378014,,0.820139543001,37,57,32,53,48,37,0.393617021276596,0.359550561797753,0.564705882352941
Psmd11,chr11,+,80428614,,-0.674253784741447,17,154,16,262,9,264,0.0994152046783626,0.0941176470588235,0.032967032967033
Cdk5r1,chr11,+,80477022,1.48139530817,,78,32,39,14,112,36,0.709090909090909,0.549295774647887,0.756756756756757
Myo1d,chr11,-,80780024,,0.903055570742,18,46,13,16,42,45,0.28125,0.220338983050847,0.482758620689655
Tmem98,chr11,+,80810365,0.575912048083,,17,50,10,40,18,48,0.253731343283582,0.166666666666667,0.272727272727273
Tmem132e,chr11,+,82388899,5.77750737013,,2,49,2,60,2,44,0.0392156862745098,0.0392156862745098,0.0434782608695652
Rffl,chr11,-,82871209,0.456992835464,,53,108,65,141,37,86,0.329192546583851,0.375722543352601,0.300813008130081
Slfn5,chr11,+,82952101,,2.49147889823,1,20,8,29,2,30,0.0476190476190476,0.285714285714286,0.0625
Slfn9,chr11,-,82991829,-0.610307435112758,,3,49,6,54,1,37,0.0576923076923077,0.109090909090909,0.0263157894736842
Slfn8,chr11,-,83020809,,2.30038333524,51,68,30,94,43,84,0.428571428571429,0.306122448979592,0.338582677165354
Slfn10-ps,chr11,-,83040532,,1.53216532935,22,59,13,54,7,64,0.271604938271605,0.180555555555556,0.0985915492957746
Slfn3,chr11,+,83191329,-0.408163211301685,,67,48,36,51,67,65,0.582608695652174,0.428571428571429,0.507575757575758
Mmp28,chr11,-,83463039,1.41039645609,,64,21,60,16,28,26,0.752941176470588,0.740740740740741,0.518518518518519
Ccl9,chr11,-,83578635,-3.4558403336975,-1.79577257171463,104,45,85,50,115,43,0.697986577181208,0.653846153846154,0.727848101265823
Ccl6,chr11,-,83593086,,-5.51746737576973,59,3,33,10,61,12,0.951612903225806,0.916666666666667,0.835616438356164
Ccl3,chr11,-,83649377,-2.17731725340697,2.7809723186,75,86,62,73,49,103,0.46583850931677,0.418918918918919,0.322368421052632
Wfdc17,chr11,+,83704055,2.73189226933,-4.24638774519292,39,17,38,15,64,9,0.696428571428571,0.690909090909091,0.876712328767123
Aatf,chr11,-,84513500,,-0.722457202337494,12,25,12,19,21,25,0.324324324324324,0.324324324324324,0.456521739130435
Mrm1,chr11,-,84819514,0.556194393753,,12,32,8,14,7,22,0.272727272727273,0.2,0.241379310344828
Dhrs11,chr11,-,84829002,,-0.83620205652134,17,38,14,33,21,19,0.309090909090909,0.269230769230769,0.525
Pigw,chr11,-,84880284,0.491144512158,,0,4,0,10,0,10,0,0,0
Znhit3,chr11,-,84916365,,-1.11191585444815,117,162,89,151,93,155,0.419354838709677,0.354581673306773,0.375
Usp32,chr11,-,85139954,,1.10965685117,12,140,14,175,14,196,0.0789473684210526,0.0909090909090909,0.0666666666666667
Ppm1d,chr11,+,85311253,-0.325594705989292,,27,198,17,278,7,250,0.12,0.0790697674418605,0.0272373540856031
Brip1,chr11,-,86201192,-0.430555389059526,,2,285,0,143,0,290,0.00696864111498258,0,0
Cltc,chr11,-,86757566,-0.640397186416934,,1,51,0,48,2,61,0.0192307692307692,0,0.0317460317460317
Dhx40,chr11,-,86807659,-1.17977551706894,,112,116,73,120,152,128,0.491228070175439,0.386243386243386,0.542857142857143
Ypel2,chr11,-,86993761,-0.682308436490974,,17,27,22,15,12,13,0.386363636363636,0.448979591836735,0.48
Gdpd1,chr11,-,87074136,,-1.75600626088019,25,226,34,189,29,184,0.099601593625498,0.130769230769231,0.136150234741784
Prr11,chr11,-,87108713,,-1.27694905149476,0,160,1,155,2,145,0,0.0062111801242236,0.0136054421768707
Trim37,chr11,+,87127074,-0.478055965506288,,10,183,24,110,32,150,0.0518134715025907,0.115942028985507,0.175824175824176
Tex14,chr11,+,87405064,3.24409523915,,170,17,184,13,238,14,0.909090909090909,0.915422885572139,0.944444444444444
Mtmr4,chr11,+,87592165,,-0.67614022337583,5,241,0,305,4,262,0.0203252032520325,0,0.0150375939849624
Rnf43,chr11,+,87663086,2.95277451833,,203,212,189,170,196,180,0.489156626506024,0.471321695760599,0.521276595744681
Supt4a,chr11,+,87737550,0.392841467844,,20,266,13,188,33,245,0.0699300699300699,0.0465949820788531,0.118705035971223
Mir142b,chr11,-,87756954,,2.66644446371,13,34,1,42,21,40,0.276595744680851,0.0285714285714286,0.344262295081967
Mpo,chr11,+,87793783,,-4.45770760828087,19,58,20,19,30,22,0.246753246753247,0.256410256410256,0.576923076923077
Mks1,chr11,+,87853214,0.550237698927,,146,228,145,195,154,180,0.390374331550802,0.388739946380697,0.461077844311377
Epx,chr11,-,87875535,5.42289455858,-10.4912874013546,8,6,16,24,31,20,0.571428571428571,0.727272727272727,0.607843137254902
Vezf1,chr11,+,88068278,,1.18687908766,14,184,2,156,4,148,0.0707070707070707,0.010752688172043,0.0263157894736842
Cuedc1,chr11,+,88099145,,1.29520650916,0,6,3,17,2,19,0,0.333333333333333,0.0952380952380952
Msi2,chr11,-,88718276,,0.571996742888,0,31,0,35,0,9,0,0,0
C030037D09Rik,chr11,+,88718642,1.02378343892,,52,92,17,92,37,68,0.361111111111111,0.155963302752294,0.352380952380952
Akap1,chr11,-,88864585,-0.67117040280151,,18,104,20,105,31,108,0.147540983606557,0.161290322580645,0.223021582733813
Scpep1os,chr11,+,88905927,-1.45024371169754,,178,15,149,13,151,4,0.922279792746114,0.908536585365854,0.974193548387097
Scpep1,chr11,-,88955441,-1.68647697450749,,3,34,9,34,12,33,0.0810810810810811,0.209302325581395,0.266666666666667
Coil,chr11,+,88973934,0.364241845292,-0.75960662842909,100,64,114,62,143,90,0.609756097560976,0.640449438202247,0.613733905579399
Dgke,chr11,-,89060747,-0.770717544672653,,39,99,21,80,10,75,0.282608695652174,0.175,0.117647058823529
Mbtd1,chr11,+,93885849,0.475463841007,,2,102,9,100,1,96,0.0192307692307692,0.0810810810810811,0.0103092783505155
Nme2,chr11,-,93956255,-0.441709607196757,-0.824468916493237,25,58,50,65,37,62,0.301204819277108,0.462962962962963,0.373737373737374
Nme1,chr11,-,93968271,-0.34558513488492,-0.998372575247807,34,191,29,159,35,119,0.151111111111111,0.131818181818182,0.227272727272727
Spag9,chr11,+,93996090,-0.428014352464832,0.835664958327,2,100,0,97,2,125,0.0196078431372549,0,0.015748031496063
Tob1,chr11,+,94211453,-1.05188251697442,,0,36,0,0,0,34,0,0,0
Wfikkn2,chr11,-,94242578,1.70347899884,,85,68,90,97,81,76,0.555555555555556,0.569620253164557,0.515923566878981
Mycbpap,chr11,-,94521501,1.74737525735,,84,84,85,81,85,55,0.5,0.502958579881657,0.607142857142857
Chad,chr11,+,94565046,,2.45379517332,18,8,20,6,5,5,0.692307692307692,0.714285714285714,0.5
Acsf2,chr11,-,94601785,-0.575023295500678,,49,14,97,49,90,28,0.777777777777778,0.873873873873874,0.76271186440678
Lrrc59,chr11,+,94629776,,-0.772820713019971,2,75,0,36,0,101,0.025974025974026,0,0
Eme1,chr11,-,94653742,,-1.38039625424343,75,83,66,53,73,96,0.474683544303797,0.442953020134228,0.431952662721893
Samd14,chr11,+,95009878,1.56641634325,-1.08145526048989,7,62,3,49,0,62,0.101449275362319,0.0461538461538462,0
Pdk2,chr11,-,95041370,1.18082635727,,6,138,4,110,1,107,0.0416666666666667,0.028169014084507,0.00925925925925926
Itga3,chr11,-,95076810,-1.88273956076343,,9,145,12,114,16,115,0.0584415584415584,0.0764331210191083,0.122137404580153
Kat7,chr11,-,95310245,-0.417913837830628,,18,426,3,389,0,344,0.0405405405405405,0.00699300699300699,0
Slc35b1,chr11,+,95384855,-0.853126308749309,,34,204,42,257,29,255,0.142857142857143,0.170731707317073,0.102112676056338
Phb,chr11,+,95666956,,-1.00885363472697,150,119,145,129,117,111,0.557620817843866,0.549242424242424,0.513157894736842
Zfp652os,chr11,-,95712753,,7.0689690572,0,98,2,31,0,107,0,0.02,0
Phospho1,chr11,+,95824499,1.37309341391,,56,71,53,49,96,50,0.440944881889764,0.42741935483871,0.657534246575342
Gngt2,chr11,+,95842294,-1.49596106923736,,0,43,0,30,5,30,0,0,0.142857142857143
Mir3063,chr11,-,95963382,9.29323551719,-8.56840974515002,193,9,160,6,184,6,0.955445544554455,0.946745562130177,0.968421052631579
Igf2bp1,chr11,-,96005943,13.8781095883,-8.79227940744262,0,21,0,0,4,18,0,0,0.181818181818182
Snf8,chr11,+,96034884,,-0.805107059494114,122,77,133,53,164,66,0.613065326633166,0.633333333333333,0.71304347826087
Atp5g1,chr11,-,96075693,,-1.24558910997817,98,207,47,181,76,287,0.321311475409836,0.18503937007874,0.209366391184573
Ttll6,chr11,+,96133785,4.69807669329,,75,71,69,62,41,38,0.513698630136986,0.492857142857143,0.518987341772152
Gm53,chr11,+,96251659,3.80752192548,,8,72,13,101,18,82,0.1,0.152941176470588,0.18
Mir196a-1,chr11,+,96265163,3.29079969725,,29,15,54,23,38,5,0.659090909090909,0.782608695652174,0.883720930232558
Hoxb9,chr11,+,96271329,2.67441907713,,7,230,9,168,10,169,0.029535864978903,0.0376569037656904,0.0558659217877095
Hoxb8,chr11,+,96281904,3.49571253472,,17,198,26,171,14,133,0.0790697674418605,0.116071428571429,0.0952380952380952
Hoxb6,chr11,+,96299073,1.5834165527,,13,25,25,26,18,25,0.342105263157895,0.5,0.418604651162791
Hoxb5,chr11,+,96303511,1.46557856965,,34,66,42,56,52,73,0.34,0.388888888888889,0.416
Hoxb3,chr11,+,96323125,1.04068337349,,191,10,193,11,166,5,0.950248756218905,0.950738916256158,0.970760233918129
Cbx1,chr11,+,96789134,0.507226438302,-0.501998562761596,65,150,45,98,77,142,0.302325581395349,0.230769230769231,0.351598173515982
Copz2,chr11,+,96849875,-1.67107633460255,2.18954800017,67,38,58,26,59,32,0.638095238095238,0.604166666666667,0.648351648351648
Cdk5rap3,chr11,-,96916513,-0.276868050310442,,9,206,25,254,21,197,0.0418604651162791,0.108225108225108,0.0963302752293578
Pnpo,chr11,-,96944018,0.585317627978,-1.06584907152802,88,33,55,51,85,55,0.727272727272727,0.625,0.607142857142857
D030028A08Rik,chr11,+,96944145,,-0.751917079230798,77,33,43,49,73,55,0.7,0.565789473684211,0.5703125
Tbkbp1,chr11,-,97151505,0.441023214258,,1,23,0,24,2,35,0.0416666666666667,0,0.0540540540540541
Kpnb1,chr11,-,97187891,,-0.517807582231563,0,174,0,114,0,113,0,0,0
Npepps,chr11,-,97280575,-0.45749194599839,,68,95,86,131,78,119,0.417177914110429,0.475138121546961,0.395939086294416
Mrpl45,chr11,+,97315715,-0.269642334262108,,90,211,78,214,60,194,0.299003322259136,0.269896193771626,0.236220472440945
4933428G20Rik,chr11,-,97500339,0.748599649405,,2677,189,2626,78,2814,49,0.934054431263084,0.932859680284192,0.982885085574572
Mllt6,chr11,+,97663411,,0.791586373989,0,35,0,61,2,76,0,0,0.0256410256410256
Cisd3,chr11,+,97685595,-1.38580373603721,,47,29,52,44,58,58,0.618421052631579,0.641975308641975,0.5
Pcgf2,chr11,-,97700496,-0.672380840057808,,8,139,12,186,12,91,0.054421768707483,0.0794701986754967,0.116504854368932
Psmb3,chr11,+,97703433,,-0.846161209658319,37,469,26,569,17,545,0.0731225296442688,0.0525252525252525,0.0302491103202847
Plxdc1,chr11,-,97986445,,-3.76065366921946,11,62,12,97,6,37,0.150684931506849,0.162162162162162,0.13953488372093
Cacnb1,chr11,-,98022626,,2.11665624951,33,16,12,13,32,16,0.673469387755102,0.428571428571429,0.666666666666667
Fbxl20,chr11,-,98149615,,0.668953223267,3,167,1,157,1,151,0.0176470588235294,0.00595238095238095,0.00657894736842105
Stard3,chr11,+,98358367,-0.377640028114639,,25,44,24,49,27,95,0.36231884057971,0.352941176470588,0.221311475409836
Psmd3,chr11,+,98682553,,-0.890693990449047,25,115,18,77,19,74,0.178571428571429,0.135338345864662,0.204301075268817
Med24,chr11,-,98729418,,-0.590313986380665,162,148,140,190,201,227,0.52258064516129,0.486111111111111,0.469626168224299
Gm12359,chr11,-,98810088,0.780269761518,,87,180,109,150,82,165,0.325842696629214,0.377162629757785,0.331983805668016
Rapgefl1,chr11,+,98836784,1.00643543571,,27,25,28,10,30,14,0.519230769230769,0.528301886792453,0.681818181818182
Cdc6,chr11,+,98907800,,-1.63877921797274,37,201,44,149,31,234,0.15546218487395,0.179591836734694,0.116981132075472
Rara,chr11,+,98937695,0.502207577806,-1.29044818165952,3,90,4,104,6,111,0.032258064516129,0.0425531914893617,0.0512820512820513
Top2a,chr11,-,99024188,,-0.593715432990713,67,234,45,210,63,285,0.222591362126246,0.161290322580645,0.181034482758621
Igfbp4,chr11,+,99041243,-0.623190986223655,,0,32,1,25,0,25,0,0.0303030303030303,0
Ccr7,chr11,-,99155076,2.12238338226,,169,58,185,101,242,89,0.744493392070485,0.761316872427984,0.731117824773414
Smarce1,chr11,-,99231016,0.319089092259,,91,164,74,152,93,92,0.356862745098039,0.310924369747899,0.502702702702703
Krt26,chr11,-,99337964,6.48266158275,,133,14,63,3,162,5,0.904761904761905,0.818181818181818,0.970059880239521
Krt10,chr11,-,99389363,0.945422570568,,458,19,445,22,441,14,0.960167714884696,0.959051724137931,0.969230769230769
Hap1,chr11,-,100356140,1.45300742606,,13,63,16,60,25,59,0.171052631578947,0.20253164556962,0.297619047619048
Jup,chr11,-,100397789,1.89234539925,-0.895885700992804,52,27,54,13,76,19,0.658227848101266,0.666666666666667,0.8
Fkbp10,chr11,+,100415693,3.27778618171,,58,36,47,21,93,37,0.617021276595745,0.566265060240964,0.715384615384615
Acly,chr11,-,100527999,-0.920247962557322,,7,18,13,22,2,24,0.28,0.419354838709677,0.0769230769230769
Zfp385c,chr11,-,100692465,,-0.952848905098997,11,96,9,67,9,114,0.102803738317757,0.0857142857142857,0.0731707317073171
Dhx58,chr11,-,100704270,,1.00450001634,19,6,15,25,5,27,0.76,0.714285714285714,0.15625
Atp6v0a1,chr11,+,101009440,-0.880402256141669,,20,211,10,168,9,170,0.0865800865800866,0.0452488687782805,0.0502793296089386
Naglu,chr11,+,101070093,-1.36476547336219,,41,210,43,226,40,232,0.163346613545817,0.1699604743083,0.147058823529412
Hsd17b1,chr11,+,101078410,-3.37707131477027,,121,12,119,14,123,16,0.909774436090226,0.908396946564885,0.884892086330935
Tubg1,chr11,+,101120116,,-1.06548693615745,13,88,6,35,13,68,0.128712871287129,0.0638297872340426,0.160493827160494
Cntnap1,chr11,+,101176116,-1.98855366386657,,15,77,10,54,17,77,0.16304347826087,0.114942528735632,0.180851063829787
Ezh1,chr11,-,101226462,,0.957330190783,40,115,30,78,39,122,0.258064516129032,0.206896551724138,0.242236024844721
Ramp2,chr11,+,101246333,3.22987534959,-3.05430969929424,18,24,20,28,24,33,0.428571428571429,0.454545454545455,0.421052631578947
Wnk4,chr11,+,101260566,2.40952634885,,0,36,0,28,2,30,0,0,0.0625
Coa3,chr11,-,101278947,,-0.788957382829355,55,113,22,120,25,104,0.327380952380952,0.162962962962963,0.193798449612403
Psme3,chr11,+,101316212,,-0.742030701355863,77,121,135,80,60,105,0.388888888888889,0.52734375,0.363636363636364
Aoc2,chr11,+,101325062,0.707414451646,,106,2,76,1,127,0,0.981481481481481,0.974358974358974,1
Aarsd1,chr11,-,101417432,,-0.803872432089376,35,105,24,52,27,117,0.25,0.186046511627907,0.1875
Vat1,chr11,-,101466198,-0.908125625221167,,70,47,48,38,54,72,0.598290598290598,0.505263157894737,0.428571428571429
Tmem106a,chr11,+,101582241,-0.713813307173011,,31,21,15,10,33,20,0.596153846153846,0.416666666666667,0.622641509433962
Dhx8,chr11,+,101732955,,-0.748992367403964,47,164,66,128,47,109,0.222748815165877,0.28695652173913,0.301282051282051
Etv4,chr11,-,101785309,-3.22763669835418,,0,19,6,17,8,30,0,0.24,0.210526315789474
Mpp3,chr11,-,102026954,2.76788530479,,11,14,12,16,19,10,0.44,0.461538461538462,0.655172413793103
Cd300lg,chr11,+,102041510,2.86325977151,-8.48241401606171,42,13,47,5,37,6,0.763636363636364,0.783333333333333,0.86046511627907
Mpp2,chr11,-,102088514,1.52185058659,-1.27324555084695,0,355,1,230,0,278,0,0.00280898876404494,0
Nags,chr11,+,102145512,5.91287597478,,64,197,57,449,52,313,0.245210727969349,0.224409448818898,0.142465753424658
Lsm12,chr11,-,102185255,,-0.774443065806652,50,74,48,106,63,97,0.403225806451613,0.39344262295082,0.39375
G6pc3,chr11,+,102189698,-0.930377983932016,,61,77,68,70,57,87,0.442028985507246,0.468965517241379,0.395833333333333
Hdac5,chr11,-,102230171,,0.886821741837,8,39,14,58,10,18,0.170212765957447,0.264150943396226,0.357142857142857
Slc4a1,chr11,-,102365280,10.1569830084,-10.6445619264409,70,13,87,15,90,11,0.843373493975904,0.87,0.891089108910891
Rundc3a,chr11,+,102393402,0.734068511295,,41,102,37,95,56,130,0.286713286713287,0.266187050359712,0.301075268817204
Slc25a39,chr11,-,102407516,-0.345972893191033,,3,93,0,95,3,97,0.03125,0,0.03
Grn,chr11,+,102430506,-1.24525784197078,,18,59,5,48,9,68,0.233766233766234,0.078125,0.116883116883117
Itga2b,chr11,-,102469882,-0.776720144376614,2.67263799787,25,19,24,6,28,24,0.568181818181818,0.558139534883721,0.538461538461538
Gpatch8,chr11,-,102556157,0.31797430588,,6,86,1,49,5,66,0.0652173913043478,0.0114942528735632,0.0704225352112676
Fzd2,chr11,+,102604430,,-3.13754372618024,0,12,0,14,0,3,0,0,0
Adam11,chr11,+,102761434,,1.44150555228,14,6,7,0,12,7,0.7,0.538461538461538,0.631578947368421
Eftud2,chr11,-,102880974,,-0.807398699357367,31,246,22,231,20,210,0.111913357400722,0.082089552238806,0.0869565217391304
Gfap,chr11,-,102897199,2.41989188784,,207,26,196,20,359,26,0.888412017167382,0.882882882882883,0.932467532467532
Kif18b,chr11,-,102925123,,-0.879800413950894,94,378,82,247,103,244,0.199152542372881,0.178260869565217,0.296829971181556
Dcakd,chr11,-,103017146,0.372095493503,-1.41427598325942,86,11,139,13,137,7,0.88659793814433,0.926666666666667,0.951388888888889
Nmt1,chr11,+,103028542,,-0.745353014887385,39,160,25,187,39,217,0.195979899497487,0.135135135135135,0.15234375
Map3k14,chr11,-,103267400,,0.820123092462,104,106,75,73,89,112,0.495238095238095,0.414364640883978,0.442786069651741
Arhgap27os3,chr11,+,103344752,0.764028541594,,7,25,5,23,0,11,0.21875,0.166666666666667,0
Gosr2,chr11,-,103697722,-0.535195689813336,,10,55,10,42,16,28,0.153846153846154,0.153846153846154,0.363636363636364
Nsf,chr11,-,103954055,-0.466892985232288,,37,548,24,392,35,316,0.0632478632478633,0.041958041958042,0.0997150997150997
Arf2,chr11,+,103966724,-0.631711510665132,,36,233,71,215,88,280,0.133828996282528,0.233552631578947,0.239130434782609
Mapt,chr11,+,104231435,2.9006324869,-8.26581491803757,9,104,1,119,1,67,0.079646017699115,0.00952380952380953,0.0147058823529412
Itgb3,chr11,+,104607999,,2.47882618512,9,2,5,2,15,0,0.818181818181818,0.714285714285714,1
Mrc2,chr11,+,105292645,5.11921987195,,13,143,8,75,14,53,0.0833333333333333,0.0529801324503311,0.208955223880597
Cyb561,chr11,-,105944486,-1.11894702148832,,60,69,45,63,27,60,0.465116279069768,0.394736842105263,0.310344827586207
Taco1,chr11,+,106066090,,-0.767182711556569,112,142,88,144,95,139,0.440944881889764,0.382608695652174,0.405982905982906
Map3k3,chr11,+,106084586,0.894581339357,,2,101,1,42,2,81,0.0194174757281553,0.00980392156862745,0.0240963855421687
Limd2,chr11,-,106160728,1.14402242072,-0.667305979306929,43,22,26,11,51,9,0.661538461538462,0.541666666666667,0.85
Ccdc47,chr11,-,106216366,-0.567212903801629,,23,249,21,218,22,156,0.0845588235294118,0.0777777777777778,0.123595505617978
Ftsj3,chr11,-,106256083,,-0.554274895475944,28,96,18,93,18,122,0.225806451612903,0.157894736842105,0.128571428571429
Psmc5,chr11,+,106256184,,-0.858844389119592,45,89,32,74,31,99,0.335820895522388,0.264462809917355,0.238461538461538
Smarcd2,chr11,-,106272971,,-0.538947956568361,115,111,103,75,84,86,0.508849557522124,0.481308411214953,0.494117647058824
Tcam1,chr11,+,106276671,1.06255068327,1.0749238929,169,90,134,81,134,95,0.652509652509653,0.598214285714286,0.585152838427948
Cd79b,chr11,-,106314561,0.96518803732,,22,1,28,1,10,1,0.956521739130435,0.96551724137931,0.909090909090909
Ern1,chr11,-,106487795,,1.46394975756,6,147,21,173,10,184,0.0392156862745098,0.125,0.0515463917525773
Tex2,chr11,-,106612929,-0.445863714260895,0.720287355117,6,130,1,103,0,68,0.0441176470588235,0.00763358778625954,0
Mir3064,chr11,-,106782758,,0.906524779342,87,2,68,1,78,7,0.97752808988764,0.971428571428571,0.917647058823529
Ddx5,chr11,-,106789184,,0.773361337297,8,134,0,134,4,64,0.0563380281690141,0,0.0588235294117647
Kpna2,chr11,-,106999524,,-1.7688301441249,57,259,82,237,100,215,0.180379746835443,0.240469208211144,0.317460317460317
Prkca,chr11,-,108343887,,1.06685620719,126,151,77,82,114,88,0.454873646209386,0.337719298245614,0.564356435643564
1700096J18Rik,chr11,+,109346866,,5.80966738849,55,49,25,61,30,50,0.528846153846154,0.337837837837838,0.375
Gna13,chr11,+,109362793,-0.502684407070415,,0,190,0,194,1,130,0,0,0.00763358778625954
Gm11696,chr11,-,109363653,,0.890706210257,15,32,6,59,4,49,0.319148936170213,0.157894736842105,0.0754716981132076
Arsg,chr11,+,109473373,0.957256966102,,0,52,0,13,0,47,0,0,0
Abca9,chr11,-,110168152,4.57409152988,-8.65431600436452,232,44,276,39,296,45,0.840579710144928,0.8625,0.868035190615836
Abca5,chr11,-,110337715,,2.39773000899,16,125,21,149,18,76,0.113475177304965,0.143835616438356,0.191489361702128
Map2k6,chr11,+,110399101,0.890525270877,,35,197,41,144,28,167,0.150862068965517,0.172268907563025,0.143589743589744
2610035D17Rik,chr11,-,113201837,,1.75752133023,53,335,48,315,38,315,0.13659793814433,0.12532637075718,0.107648725212465
Sstr2,chr11,+,113619326,1.47872577487,,0,44,0,48,1,48,0,0,0.0204081632653061
Slc39a11,chr11,-,113650091,-0.395856555698211,,143,55,125,30,136,36,0.722222222222222,0.694444444444445,0.790697674418605
4932435O22Rik,chr11,-,114448859,3.7909460242,,128,45,154,19,168,32,0.739884393063584,0.773869346733668,0.84
Ttyh2,chr11,+,114675467,-2.72073787104842,-2.18465263469154,43,5,16,12,22,14,0.895833333333333,0.761904761904762,0.611111111111111
Cd300a,chr11,+,114890040,-1.80386924849212,,64,59,34,40,44,39,0.520325203252033,0.365591397849462,0.530120481927711
Cd300lb,chr11,-,114934370,-2.26450422806406,,141,31,97,40,104,17,0.819767441860465,0.7578125,0.859504132231405
Cd300c,chr11,-,114960506,-5.44098426188812,,51,1,47,0,59,2,0.980769230769231,0.979166666666667,0.967213114754098
Cd300ld,chr11,-,114989885,3.76548425776,-5.83261312495327,77,2,79,4,39,0,0.974683544303798,0.975308641975309,1
Cd300e,chr11,-,115062038,,-9.12616826681993,85,76,91,29,67,62,0.527950310559006,0.544910179640719,0.51937984496124
Rab37,chr11,+,115091430,-0.848211624676066,1.7215555907,56,70,65,79,85,75,0.444444444444444,0.481481481481482,0.53125
Cd300lf,chr11,-,115133991,,-2.76698378335817,10,17,10,5,7,14,0.37037037037037,0.37037037037037,0.333333333333333
Slc9a3r1,chr11,+,115163340,,-0.794331674563799,0,236,1,404,1,152,0,0.00421940928270042,0.0065359477124183
Cdr2l,chr11,+,115381915,1.43234589704,,76,14,64,12,77,5,0.844444444444445,0.82051282051282,0.939024390243902
Armc7,chr11,+,115475666,0.582208293978,,23,75,27,107,17,71,0.23469387755102,0.264705882352941,0.193181818181818
Nt5c,chr11,-,115491813,,-0.962957530317512,36,72,53,76,44,55,0.333333333333333,0.424,0.444444444444444
Sumo2,chr11,-,115536229,0.682206877686,-0.63776119079455,16,270,29,221,10,38,0.0559440559440559,0.0969899665551839,0.208333333333333
Nup85,chr11,+,115564443,,-0.926569412762656,39,251,27,235,48,267,0.13448275862069,0.0971223021582734,0.152380952380952
Mrps7,chr11,+,115604139,,-0.812242732784695,7,31,4,52,3,85,0.184210526315789,0.114285714285714,0.0340909090909091
Tsen54,chr11,+,115814738,0.465173616839,,10,3,8,3,4,0,0.769230769230769,0.727272727272727,1
Galk1,chr11,-,116012718,,-0.762397329481491,57,42,36,35,62,32,0.575757575757576,0.461538461538462,0.659574468085106
H3f3b,chr11,-,116024503,,0.697255179285,41,162,49,172,38,192,0.201970443349754,0.232227488151659,0.165217391304348
Mrpl38,chr11,-,116138867,,-0.924239821192084,60,126,71,108,45,101,0.32258064516129,0.360406091370558,0.308219178082192
Acox1,chr11,-,116199044,-0.466562223039425,0.676424999507,76,261,72,206,67,246,0.225519287833828,0.216216216216216,0.21405750798722
Galr2,chr11,+,116280938,,-7.13566409927829,67,77,70,78,71,70,0.465277777777778,0.476190476190476,0.50354609929078
Rnf157,chr11,-,116413031,,-1.07113106888863,3,132,2,109,8,183,0.0222222222222222,0.0149253731343284,0.0418848167539267
Ubald2,chr11,+,116434093,0.724171438386,-0.743469402390678,0,200,0,263,0,170,0,0,0
Gm7367,chr11,+,116434212,0.724064114752,-0.743469402390678,0,200,0,263,0,170,0,0,0
Sphk1,chr11,+,116531099,8.2155292764,-2.59916626999879,28,45,20,32,27,22,0.383561643835616,0.307692307692308,0.551020408163265
Ube2o,chr11,-,116581446,,-0.616734572946315,75,50,61,55,49,51,0.6,0.54954954954955,0.49
Mxra7,chr11,-,116828126,1.82826117381,,62,7,76,15,74,11,0.898550724637681,0.91566265060241,0.870588235294118
Jmjd6,chr11,-,116843448,,-0.633701017212132,4,671,10,784,8,694,0.00592592592592593,0.0146842878120411,0.0113960113960114
Mettl23,chr11,+,116843514,0.439736706221,,4,638,10,750,8,647,0.00623052959501558,0.0154320987654321,0.0122137404580153
Mfsd11,chr11,+,116853761,-0.41371486274325,,9,77,0,52,5,88,0.104651162790698,0,0.0537634408602151
2900041M22Rik,chr11,+,117611246,-2.69872332421447,,5,15,5,9,2,14,0.25,0.25,0.125
Tmc6,chr11,-,117780691,0.586918680302,,0,41,0,19,0,41,0,0,0
Tmc8,chr11,+,117782296,1.0913889188,-1.12829837564287,1,10,1,10,1,7,0.0909090909090909,0.0909090909090909,0.125
Syngr2,chr11,+,117809666,-0.598619227592975,,0,11,0,16,0,4,0,0,0
Tk1,chr11,-,117826013,-0.484335869752971,-0.928002565656168,74,42,91,39,72,40,0.637931034482759,0.68421052631579,0.642857142857143
Birc5,chr11,+,117849236,,-1.67219175681751,28,70,20,57,38,85,0.285714285714286,0.222222222222222,0.308943089430894
Tha1,chr11,-,117873525,,1.14412006739,101,109,125,111,43,82,0.480952380952381,0.534188034188034,0.344
Socs3,chr11,-,117969365,-1.57123067240068,,7,43,17,39,16,40,0.14,0.283333333333333,0.285714285714286
Pgs1,chr11,+,117986856,-0.554097295340785,,55,109,44,120,48,104,0.335365853658537,0.287581699346405,0.315789473684211
Cyth1,chr11,-,118248557,,1.18092287489,0,76,0,116,0,107,0,0,0
Timp2,chr11,-,118355410,,0.827000597322,20,40,24,33,23,31,0.333333333333333,0.375,0.425925925925926
Lgals3bp,chr11,-,118401958,-1.94857443307281,1.55875962403,47,19,37,27,34,16,0.712121212121212,0.660714285714286,0.68
Engase,chr11,+,118476831,1.01932900839,,17,114,27,63,10,86,0.129770992366412,0.191489361702128,0.104166666666667
Cbx2,chr11,+,119023020,0.487342210847,-1.08533977828001,46,213,66,282,29,205,0.177606177606178,0.236559139784946,0.123931623931624
Cbx8,chr11,-,119040912,0.904336554398,,0,50,0,56,0,37,0,0,0
Tbc1d16,chr11,-,119228498,0.302409162929,,0,27,0,12,0,28,0,0,0
Gaa,chr11,+,119267962,-0.711725629336404,,52,116,48,141,43,162,0.30952380952381,0.292682926829268,0.209756097560976
Eif4a3,chr11,-,119300042,,-0.808496307185879,6,63,12,45,5,52,0.0869565217391304,0.16,0.087719298245614
Sgsh,chr11,-,119355509,-0.622598778504532,,30,40,24,33,22,29,0.428571428571429,0.375,0.431372549019608
Slc26a11,chr11,+,119355556,-1.37915998686258,,8,36,3,29,1,25,0.181818181818182,0.0769230769230769,0.0384615384615385
Rptor,chr11,+,119602904,,-0.68095655387508,24,342,23,318,21,422,0.0655737704918033,0.063013698630137,0.0474040632054176
Rptoros,chr11,-,119834364,0.92392604693,,59,3,82,0,74,1,0.951612903225806,0.964705882352941,0.986666666666667
Baiap2,chr11,+,119943091,-0.884537200737834,,5,59,3,28,0,62,0.078125,0.0483870967741936,0
Aatk,chr11,-,120047151,-3.09841353625028,,51,56,47,28,50,30,0.476635514018692,0.456310679611651,0.625
Slc38a10,chr11,-,120151350,-0.393368978557667,,23,190,15,264,13,310,0.107981220657277,0.0731707317073171,0.0402476780185759
Mir6935,chr11,-,120347412,-1.15646862607196,,0,13,0,0,0,11,0,0,0
Actg1,chr11,-,120348494,-0.386883739845021,,0,82,0,96,0,23,0,0,0
Nploc4,chr11,-,120437699,-0.425891974810555,-0.5778388035204,2,103,0,44,1,101,0.0190476190476191,0,0.00980392156862745
Mrpl12,chr11,+,120484636,,-1.32620833096812,11,248,12,253,6,237,0.0424710424710425,0.0461538461538462,0.0246913580246914
P4hb,chr11,-,120573252,-0.734294026360996,,0,633,0,608,2,404,0,0,0.00492610837438424
Arhgdia,chr11,-,120581623,,-0.689229962622448,32,114,28,207,34,229,0.219178082191781,0.197183098591549,0.129277566539924
Alyref,chr11,-,120598364,,-0.973585767923707,3,215,3,288,17,250,0.0137614678899083,0.0137614678899083,0.0636704119850187
Anapc11,chr11,+,120598420,,-0.666261684060418,13,216,17,288,26,250,0.0567685589519651,0.0729613733905579,0.0942028985507246
Pcyt2,chr11,-,120617944,-1.19721566228824,,50,23,80,25,68,17,0.684931506849315,0.776699029126214,0.8
Mafg,chr11,-,120633546,-0.602019407597066,,59,42,53,15,66,23,0.584158415841584,0.557894736842105,0.741573033707865
Myadml2,chr11,-,120648336,2.61756276815,,162,28,210,16,157,18,0.852631578947369,0.882352941176471,0.897142857142857
Dcxr,chr11,-,120727283,-0.664386285340565,,6,0,8,0,12,0,1,1,1
Gps1,chr11,+,120784269,,-0.657761184840553,8,404,13,232,30,366,0.0194174757281553,0.0311750599520384,0.0757575757575758
Dus1l,chr11,-,120796394,,-0.798419238159409,51,60,65,56,32,47,0.45945945945946,0.52,0.405063291139241
Fasn,chr11,-,120824546,-0.853802465383199,-0.571071670435211,0,89,0,78,0,66,0,0,0
Slc16a3,chr11,+,120948483,,-3.25173456914907,88,114,91,88,67,127,0.435643564356436,0.44390243902439,0.345360824742268
Narf,chr11,+,121237235,0.856438396004,,0,140,0,81,0,132,0,0,0
Foxk2,chr11,+,121259986,-0.461349487894859,,6,280,1,273,4,88,0.020979020979021,0.00355871886120996,0.0434782608695652
Rab40b,chr11,-,121388250,,2.38763407959,49,117,52,116,47,149,0.295180722891566,0.307692307692308,0.239795918367347
Fn3k,chr11,+,121434952,,2.46452875057,21,43,12,35,14,46,0.328125,0.218181818181818,0.233333333333333
Tbcd,chr11,+,121451990,-0.367558073774233,,71,168,94,110,96,111,0.297071129707113,0.358778625954198,0.463768115942029
Metrnl,chr11,+,121702426,-4.34043806072398,,0,12,0,0,0,11,0,0,0
Rab10,chr12,-,3309968,-0.367925620300982,,0,11,0,13,0,11,0,0,0
1110002L01Rik,chr12,-,3426746,0.694259905551,,35,262,23,206,38,347,0.117845117845118,0.0807017543859649,0.0987012987012987
Dtnb,chr12,+,3572390,-0.614687454718275,,7,10,11,4,8,3,0.411764705882353,0.523809523809524,0.727272727272727
Efr3b,chr12,-,4038914,-1.11850086144022,,36,168,29,120,31,109,0.176470588235294,0.147208121827411,0.221428571428571
Dnajc27,chr12,+,4082573,,0.76662514138,52,44,25,42,58,27,0.541666666666667,0.36231884057971,0.682352941176471
Ncoa1,chr12,-,4477181,-0.68854235080215,1.6173887541,43,9,64,17,53,14,0.826923076923077,0.876712328767123,0.791044776119403
Fam228b,chr12,-,4769233,2.09593080235,,169,38,145,46,153,32,0.816425120772947,0.792349726775956,0.827027027027027
Mfsd2b,chr12,-,4874358,2.02165178465,,131,74,85,71,103,51,0.639024390243903,0.534591194968554,0.668831168831169
Atad2b,chr12,+,4917352,0.358674417393,,19,115,21,130,32,171,0.141791044776119,0.154411764705882,0.157635467980296
Apob,chr12,+,7977676,3.52289572193,,124,3,132,3,159,3,0.976377952755906,0.977777777777778,0.981481481481481
Hs1bp3,chr12,+,8313432,-0.764635973051414,,44,28,42,12,49,18,0.611111111111111,0.6,0.73134328358209
Rhob,chr12,-,8500008,,2.26479873735,18,235,20,211,34,105,0.0711462450592885,0.0784313725490196,0.244604316546763
Sdc1,chr12,+,8771395,1.67869136984,-2.28282929014992,1,54,0,102,0,77,0.0181818181818182,0,0
Laptm4a,chr12,+,8921306,-0.386643941749266,,44,2,38,2,42,2,0.956521739130435,0.95,0.954545454545455
Gen1,chr12,-,11265806,,-1.10962990497187,1,79,1,72,5,104,0.0125,0.0125,0.0458715596330275
4921511I17Rik,chr12,-,12392474,1.52192389407,,310,16,301,28,258,19,0.950920245398773,0.949526813880126,0.931407942238267
Mycn,chr12,-,12941835,0.814694432506,,1,250,0,262,0,153,0.00398406374501992,0,0
Trib2,chr12,-,15816784,2.45277053038,,2,129,0,131,1,184,0.0152671755725191,0,0.00540540540540541
Lpin1,chr12,-,16610965,-1.17831409971051,0.904554983188,24,5,32,4,33,1,0.827586206896552,0.864864864864865,0.970588235294118
Greb1,chr12,-,16800885,2.29217542149,,5,6,0,0,9,6,0.454545454545455,0,0.6
Rock2,chr12,+,16894977,,0.860090710695,0,9,0,33,0,31,0,0,0
Pqlc3,chr12,-,17000117,-3.7074851317255,1.50867673349,0,17,0,23,0,16,0,0,0
2410004P03Rik,chr12,-,17011726,-5.96884036834236,,13,14,15,18,5,11,0.481481481481482,0.517241379310345,0.3125
Pdia6,chr12,+,17266588,,-0.611699556166038,17,117,12,163,8,231,0.126865671641791,0.0930232558139535,0.0334728033472803
Nol10,chr12,+,17348492,,-0.95466577839076,30,399,16,362,34,281,0.0699300699300699,0.0385542168674699,0.107936507936508
Odc1,chr12,+,17544872,,-1.06982918492529,20,23,28,15,34,23,0.465116279069768,0.549019607843137,0.596491228070175
Hpcal1,chr12,+,17690808,-0.513519904419386,,9,15,13,9,0,10,0.375,0.464285714285714,0
Cpsf3,chr12,+,21286296,,-0.600274069440406,36,120,44,96,46,121,0.230769230769231,0.268292682926829,0.275449101796407
Klf11,chr12,+,24651370,,1.19506157068,8,55,3,92,3,76,0.126984126984127,0.0517241379310345,0.0379746835443038
Rrm2,chr12,+,24708253,-0.422010123664046,-1.70200096383844,2,158,0,114,1,166,0.0125,0,0.00598802395209581
Mboat2,chr12,+,24831598,-2.32446499449425,,0,6,1,6,1,11,0,0.142857142857143,0.0833333333333333
Rnf144a,chr12,-,26415261,,0.740642866429,11,3,12,4,9,3,0.785714285714286,0.8,0.75
Rsad2,chr12,-,26456451,,1.93680833785,0,13,0,8,0,13,0,0,0
Sox11,chr12,-,27342717,6.46799703551,,0,34,1,31,4,25,0,0.0285714285714286,0.137931034482759
Adi1,chr12,+,28675206,-0.946335028156028,,64,44,50,33,54,42,0.592592592592593,0.531914893617021,0.5625
Pxdn,chr12,+,29938035,2.25972108659,-3.09840404723919,12,51,22,67,19,39,0.19047619047619,0.301369863013699,0.327586206896552
Sh3yl1,chr12,+,30911668,1.30873882844,,13,40,10,63,10,46,0.245283018867925,0.2,0.178571428571429
Fam110c,chr12,+,31073967,,2.45138698705,61,27,78,73,31,105,0.693181818181818,0.742857142857143,0.227941176470588
Prkar2b,chr12,-,32061276,-0.510049000813862,0.603893123812,125,151,74,119,93,138,0.452898550724638,0.328888888888889,0.402597402597403
Nampt,chr12,+,32820334,-1.19741461623093,0.76027509031,42,205,32,162,21,250,0.17004048582996,0.135021097046414,0.0774907749077491
4933406C10Rik,chr12,-,32953788,,3.12914812066,6,155,4,124,1,198,0.0372670807453416,0.0251572327044025,0.0050251256281407
Sypl,chr12,+,32953944,-0.832727327545783,,6,171,4,132,1,211,0.0338983050847458,0.0228571428571429,0.00471698113207547
Twistnb,chr12,+,33429623,,0.735069026401,68,181,64,154,88,145,0.273092369477912,0.261224489795918,0.377682403433476
Hdac9,chr12,-,34917094,-1.53045911577713,1.51934337622,55,5,54,4,45,4,0.916666666666667,0.915254237288136,0.918367346938776
Snx13,chr12,+,35047188,-0.477440587198759,1.18181481323,2,101,6,204,1,209,0.0194174757281553,0.0560747663551402,0.00476190476190476
Ahr,chr12,-,35534988,1.27639271119,,21,17,23,11,13,13,0.552631578947369,0.575,0.5
Bzw2,chr12,-,36156824,,-0.549607644581237,0,191,2,251,1,154,0,0.0103626943005181,0.00645161290322581
Ankmy2,chr12,+,36157123,-0.606268253501063,,0,148,2,162,0,109,0,0.0133333333333333,0
Agmo,chr12,+,37241638,,3.77064232315,47,9,38,4,52,12,0.839285714285714,0.808510638297872,0.8125
Arl4a,chr12,-,40037986,-0.815574046301879,,14,94,9,110,13,152,0.12962962962963,0.087378640776699,0.0787878787878788
Scin,chr12,-,40134227,-10.3489079656581,,175,228,138,233,169,179,0.43424317617866,0.377049180327869,0.485632183908046
Mir1938,chr12,-,40222810,,4.99761117837,9,212,6,154,0,94,0.0407239819004525,0.0275229357798165,0
Ifrd1,chr12,-,40223188,-0.775655862831269,,15,155,18,117,6,50,0.0882352941176471,0.104046242774566,0.107142857142857
Dnajb9,chr12,-,44210067,,0.834372814302,6,52,6,72,1,65,0.103448275862069,0.103448275862069,0.0151515151515152
Pnpla8,chr12,+,44269153,,0.813986748687,45,70,42,92,32,80,0.391304347826087,0.375,0.285714285714286
Nrcam,chr12,+,44328884,,-7.12812878113106,23,8,21,1,47,2,0.741935483870968,0.724137931034483,0.959183673469388
Stxbp6,chr12,-,45074482,-4.12813004161823,,4,112,0,169,2,112,0.0344827586206897,0,0.0175438596491228
Nova1,chr12,-,46818766,1.82671107673,,0,27,2,31,1,53,0,0.0689655172413793,0.0185185185185185
Prkd1,chr12,-,50649248,2.71422672019,,15,18,21,11,34,22,0.454545454545455,0.538461538461538,0.607142857142857
Strn3,chr12,-,51691913,,0.646657806744,0,51,0,63,1,62,0,0,0.0158730158730159
Arhgap5,chr12,+,52516076,-1.29312573102722,1.95952436102,136,5,160,4,158,3,0.964539007092199,0.96969696969697,0.981366459627329
Egln3,chr12,-,54203873,-1.34894114571079,,23,177,42,192,32,80,0.115,0.191780821917808,0.285714285714286
Baz1a,chr12,-,54986335,,-0.544855593150953,54,332,45,370,64,207,0.139896373056995,0.119363395225464,0.236162361623616
Nfkbia,chr12,-,55492646,-0.863864007207783,1.70109420365,74,188,91,183,41,296,0.282442748091603,0.326164874551971,0.121661721068249
Ralgapa1,chr12,-,55821515,,0.720583380432,52,8,33,7,56,12,0.866666666666667,0.804878048780488,0.823529411764706
Slc25a21,chr12,-,57197471,8.79992313587,-2.36307371395233,75,59,55,81,64,97,0.559701492537313,0.482456140350877,0.397515527950311
Clec14a,chr12,-,58269257,9.57423756413,,33,2,27,0,7,3,0.942857142857143,0.931034482758621,0.7
Fbxo33,chr12,-,59219482,-0.671501737678118,,0,223,0,181,0,130,0,0,0
Gm527,chr12,+,64917910,1.34468624401,,53,67,52,65,43,65,0.441666666666667,0.436974789915966,0.398148148148148
Lrr1,chr12,+,69168813,,-1.21570452965693,94,78,93,67,81,59,0.546511627906977,0.543859649122807,0.578571428571429
Mgat2,chr12,+,69184157,-0.448352253258513,,29,344,22,300,24,235,0.0777479892761394,0.0601092896174863,0.0926640926640927
Klhdc1,chr12,+,69241831,,1.54975337595,95,104,96,85,66,77,0.477386934673367,0.48,0.461538461538462
Nemf,chr12,-,69357175,,0.876104063545,66,151,51,140,47,162,0.304147465437788,0.252475247524753,0.22488038277512
5830428M24Rik,chr12,-,69475549,,3.26248369406,52,89,11,83,7,102,0.368794326241135,0.11,0.0642201834862385
Sos2,chr12,-,69681851,-0.384660481861104,1.04020306991,0,145,0,194,0,97,0,0,0
Atl1,chr12,+,69893104,1.86162460822,,21,255,16,195,13,259,0.0760869565217391,0.0590405904059041,0.0477941176470588
Pygl,chr12,-,70227682,-0.451188121120566,,116,13,92,5,105,23,0.89922480620155,0.876190476190476,0.8203125
Frmd6,chr12,+,70825513,-1.07243922806748,,1,20,0,29,0,27,0.0476190476190476,0,0
Psma3,chr12,+,70974622,,-0.639863826580362,68,90,4,92,44,75,0.430379746835443,0.0425531914893617,0.369747899159664
3110056K07Rik,chr12,-,71015822,0.715002063621,,0,149,0,140,0,111,0,0,0
Arid4a,chr12,+,71015966,0.358541244944,1.1498911247,0,144,0,133,0,99,0,0,0
Daam1,chr12,+,71831067,0.76779068304,-1.18682399195219,12,41,7,44,12,24,0.226415094339623,0.145833333333333,0.333333333333333
L3hypdh,chr12,-,72085312,-0.921579834671067,,19,85,31,42,22,37,0.182692307692308,0.267241379310345,0.372881355932203
4930447C04Rik,chr12,-,72917764,3.08669124744,,262,170,212,77,237,89,0.606481481481482,0.554973821989529,0.726993865030675
Prkch,chr12,+,73584795,-0.939888832159901,0.760130863347,28,93,27,113,17,92,0.231404958677686,0.225,0.155963302752294
Rhoj,chr12,+,75308312,-1.48451364185292,1.55017831495,150,277,121,177,100,265,0.351288056206089,0.304020100502513,0.273972602739726
Rplp2-ps1,chr12,-,75631748,-0.667459170242271,,590,6,601,3,670,15,0.98993288590604,0.990115321252059,0.978102189781022
Sgpp1,chr12,-,75735728,-0.681706570548294,,48,203,39,286,71,264,0.191235059760956,0.161157024793388,0.211940298507463
Syne2,chr12,+,75818317,0.583783427391,,8,46,9,28,21,34,0.148148148148148,0.163636363636364,0.381818181818182
Mthfd1,chr12,+,76255231,,-1.1932105103454,52,49,56,38,45,31,0.514851485148515,0.533333333333333,0.592105263157895
Akap5,chr12,+,76324890,1.63022483013,,75,64,129,48,143,65,0.539568345323741,0.66839378238342,0.6875
Plekhg3,chr12,+,76533559,-1.13847211295337,,5,235,10,271,11,190,0.0208333333333333,0.0408163265306122,0.054726368159204
Sptb,chr12,-,76710546,5.74750437119,-3.10252159199827,19,44,19,22,8,45,0.301587301587302,0.301587301587302,0.150943396226415
Rab15,chr12,-,76822523,2.54704210753,,49,69,69,77,40,36,0.415254237288136,0.5,0.526315789473684
Fntb,chr12,+,76837466,0.490789521688,-0.890743711573947,91,65,85,60,84,60,0.583333333333333,0.566666666666667,0.583333333333333
Gphn,chr12,+,78226654,-0.527659146188324,,0,22,0,27,0,31,0,0,0
Atp6v1d,chr12,-,78861637,-0.500855959984351,,12,199,10,202,3,109,0.0568720379146919,0.0478468899521531,0.0267857142857143
Eif2s1,chr12,+,78862071,,-0.505877307094749,2,217,1,219,2,127,0.0091324200913242,0.00458715596330275,0.0155038759689922
9230116L04Rik,chr12,-,79103938,1.23164376127,,139,16,130,14,147,15,0.896774193548387,0.89041095890411,0.907407407407407
Rdh11,chr12,-,79191854,-1.3467671625552,,32,64,49,54,48,77,0.333333333333333,0.433628318584071,0.384
Rdh12,chr12,+,79208912,0.830132927066,,63,22,47,28,56,27,0.741176470588235,0.681159420289855,0.674698795180723
Rad51b,chr12,+,79297281,-0.51349517679175,,4,541,0,335,5,432,0.0073394495412844,0,0.011441647597254
Zfp36l1,chr12,-,80113012,0.666314989843,,1,468,0,415,3,515,0.00213219616204691,0,0.00579150579150579
2310015A10Rik,chr12,-,80132843,0.954517831698,1.06726483747,78,175,47,162,94,141,0.308300395256917,0.211711711711712,0.4
Actn1,chr12,-,80260362,-1.69395949043068,,12,162,21,189,15,124,0.0689655172413793,0.114754098360656,0.107913669064748
Erh,chr12,-,80644110,0.448044631064,-0.869701471663518,27,57,27,48,52,36,0.321428571428571,0.321428571428571,0.590909090909091
Slc39a9,chr12,+,80644214,-0.432357923507814,,66,72,67,61,109,48,0.478260869565217,0.482014388489209,0.694267515923567
Srsf5,chr12,+,80945498,,0.700984558611,21,102,10,92,3,108,0.170731707317073,0.0892857142857143,0.027027027027027
Smoc1,chr12,+,81026807,2.45971207458,-2.04582659129442,46,32,62,15,80,39,0.58974358974359,0.659574468085106,0.672268907563025
Med6,chr12,-,81595007,,-0.764098758206134,47,284,65,319,64,206,0.141993957703928,0.186246418338109,0.237037037037037
Map3k9,chr12,-,81781169,-1.32531411031811,1.7125522144,1,78,0,86,6,77,0.0126582278481013,0,0.072289156626506
Pcnx,chr12,+,81860029,,0.931250060916,23,30,10,24,15,36,0.433962264150943,0.25,0.294117647058824
Sipa1l1,chr12,+,82170015,-1.16704671845065,0.882378746642,19,234,13,303,1,234,0.075098814229249,0.0526315789473684,0.00425531914893617
Dpf3,chr12,-,83487735,2.16356107443,,0,248,2,337,1,367,0,0.008,0.00271739130434783
Numb,chr12,-,83921933,0.503839207924,,0,343,1,369,2,319,0,0.00290697674418605,0.00623052959501558
Acot2,chr12,+,83987860,0.917858592522,,60,253,36,259,39,232,0.191693290734824,0.124567474048443,0.143911439114391
Acot1,chr12,+,84009501,1.13580002502,,17,29,15,37,14,38,0.369565217391304,0.340909090909091,0.269230769230769
Acot4,chr12,+,84038378,3.60230387798,,162,127,197,124,192,118,0.560553633217993,0.608024691358025,0.619354838709677
Acot3,chr12,+,84052143,4.85121666938,,106,6,99,5,116,3,0.946428571428571,0.942857142857143,0.974789915966386
Coq6,chr12,+,84361967,,-0.886605796733991,48,261,40,203,39,161,0.155339805825243,0.132890365448505,0.195
Entpd5,chr12,-,84409028,-1.39380669786402,0.720358783691,18,121,6,86,14,121,0.129496402877698,0.047244094488189,0.103703703703704
Aldh6a1,chr12,-,84451023,0.683852454967,,119,218,71,227,110,217,0.353115727002967,0.245674740484429,0.336391437308869
Npc2,chr12,-,84773111,-0.681124237777385,,10,82,13,113,6,106,0.108695652173913,0.136842105263158,0.0535714285714286
Ltbp2,chr12,-,84876490,3.39968183091,,3,66,15,94,20,173,0.0434782608695652,0.185185185185185,0.103626943005181
Dlst,chr12,+,85110832,,-0.641414174022818,14,141,12,119,3,176,0.0903225806451613,0.0784313725490196,0.0167597765363129
Acyp1,chr12,-,85288437,0.98216142877,,241,144,203,155,118,140,0.625974025974026,0.585014409221902,0.457364341085271
Tmed10,chr12,-,85374716,-0.356011222065914,,44,203,25,176,31,261,0.178137651821862,0.109649122807018,0.106164383561644
Fos,chr12,+,85473889,,9.54213495127,0,45,0,61,3,82,0,0,0.0352941176470588
Jdp2,chr12,+,85599104,-1.10079852760786,1.01872491213,5,21,2,3,1,24,0.192307692307692,0.0869565217391304,0.04
Ttll5,chr12,+,85824919,-0.433671515998215,,21,192,17,139,9,209,0.0985915492957746,0.0813397129186603,0.0412844036697248
Tgfb3,chr12,-,86079040,-3.12770379912902,2.26072222726,44,131,30,106,69,67,0.251428571428571,0.186335403726708,0.507352941176471
Vash1,chr12,+,86678699,0.44179033077,,3,33,0,42,1,34,0.0833333333333333,0,0.0285714285714286
Irf2bpl,chr12,-,86884813,-0.624146322633598,,35,78,38,54,33,40,0.309734513274336,0.327586206896552,0.452054794520548
Cipc,chr12,+,86947040,-0.439466248231922,,0,125,0,73,3,115,0,0,0.0254237288135593
Pomt2,chr12,-,87147901,-0.437895656300646,,175,142,153,168,154,181,0.55205047318612,0.51864406779661,0.459701492537313
Tmed8,chr12,-,87200228,-0.477028197873503,,13,177,14,235,12,281,0.068421052631579,0.0732984293193717,0.0409556313993174
Noxred1,chr12,-,87238600,2.30882134714,,69,3,73,5,93,8,0.958333333333333,0.960526315789474,0.920792079207921
Ahsa1,chr12,+,87266727,,-0.842096734396328,0,228,0,282,2,174,0,0,0.0113636363636364
Sptlc2,chr12,-,87388354,-0.641500478351623,,31,6,37,12,26,7,0.837837837837838,0.86046511627907,0.787878787878788
Nrxn3,chr12,+,88794503,4.44597033792,,153,4,185,17,167,12,0.974522292993631,0.978835978835979,0.932960893854749
Dio2,chr12,-,90739037,-1.96720306515473,3.40018264996,56,6,83,14,77,32,0.903225806451613,0.932584269662921,0.706422018348624
Gtf2a1,chr12,-,91590486,0.433317818882,,0,89,0,78,1,73,0,0,0.0135135135135135
Ston2,chr12,-,91786435,1.57799826666,-1.32584898345254,223,10,139,4,207,8,0.957081545064378,0.932885906040269,0.962790697674419
Flrt2,chr12,+,95692225,6.67812021183,,6,98,6,84,11,91,0.0576923076923077,0.0576923076923077,0.107843137254902
Galc,chr12,-,98259458,-0.703080125017449,,39,73,28,71,17,100,0.348214285714286,0.277227722772277,0.145299145299145
Gpr65,chr12,+,98268634,-0.979269751217346,,110,146,85,129,121,168,0.4296875,0.367965367965368,0.418685121107266
Ptpn21,chr12,-,98737404,-1.07655385851514,1.74618659234,27,90,36,136,8,137,0.230769230769231,0.285714285714286,0.0551724137931035
Zc3h14,chr12,+,98746967,-0.311305725211532,,33,207,35,304,36,319,0.1375,0.144628099173554,0.101408450704225
Eml5,chr12,-,98901483,,1.03822438581,30,37,50,40,40,74,0.447761194029851,0.574712643678161,0.350877192982456
Foxn3,chr12,-,99450073,0.731686089295,0.743837644845,49,3,58,0,48,4,0.942307692307692,0.950819672131147,0.923076923076923
Tdp1,chr12,+,99884517,,-0.718541784945956,7,407,12,296,8,292,0.0169082125603865,0.0286396181384248,0.0266666666666667
Kcnk13,chr12,+,99964498,,-8.25362534895449,7,62,9,65,11,67,0.101449275362319,0.126760563380282,0.141025641025641
Psmc1,chr12,+,100112330,,-0.625488476700865,234,15,200,9,225,11,0.939759036144578,0.930232558139535,0.953389830508475
Gm10433,chr12,+,100187967,5.42378158144,,47,403,21,339,37,280,0.104444444444444,0.0495283018867925,0.116719242902208
Calm1,chr12,+,100199434,,-0.616536962122952,49,62,50,42,24,45,0.441441441441441,0.446428571428571,0.347826086956522
Gpr68,chr12,-,100908197,-3.67094175418547,,2,7,1,11,2,8,0.222222222222222,0.125,0.2
Ccdc88c,chr12,-,101028890,0.379724428411,,12,135,0,86,11,79,0.0816326530612245,0,0.122222222222222
Tc2n,chr12,-,101718522,,7.96279746023,3,63,12,47,5,23,0.0454545454545455,0.16,0.178571428571429
Lgmn,chr12,-,102439727,1.79077799888,-6.28151573749744,6,349,3,331,10,215,0.0169014084507042,0.00852272727272727,0.0444444444444444
Golga5,chr12,+,102469133,,0.714348074636,31,180,18,243,20,207,0.146919431279621,0.0909090909090909,0.0881057268722467
Chga,chr12,+,102554940,,-8.52492411899091,11,93,17,106,21,59,0.105769230769231,0.154545454545455,0.2625
Moap1,chr12,-,102743660,0.42055047025,,198,398,169,395,179,305,0.332214765100671,0.298059964726631,0.369834710743802
Gm20604,chr12,-,102757809,0.526607054918,,7,468,8,304,5,260,0.0147368421052632,0.0168067226890756,0.0188679245283019
Unc79,chr12,+,102948858,,4.5677368424,17,29,7,31,10,33,0.369565217391304,0.194444444444444,0.232558139534884
Asb2,chr12,-,103356000,,-4.61961295646341,42,1,45,3,66,2,0.976744186046512,0.978260869565217,0.970588235294118
Otub2,chr12,+,103376893,0.677478075911,0.871102938272,218,14,265,20,176,6,0.939655172413793,0.949820788530466,0.967032967032967
Ifi27,chr12,+,103434188,-0.688564906974367,1.61328028857,47,26,50,23,43,27,0.643835616438356,0.657894736842105,0.614285714285714
Ifi27l2a,chr12,-,103443679,,1.24191729267,15,6,22,2,20,3,0.714285714285714,0.785714285714286,0.869565217391304
Serpina6,chr12,-,103657217,6.19886374051,-8.99115165546197,98,14,71,6,88,3,0.875,0.835294117647059,0.967032967032967
Serpina1b,chr12,-,103738188,6.91153532526,-8.23954411231452,69,10,17,4,54,14,0.873417721518987,0.62962962962963,0.794117647058824
Serpina1d,chr12,-,103773632,5.13218335295,,42,7,62,7,80,6,0.857142857142857,0.898550724637681,0.930232558139535
Serpina1a,chr12,-,103863618,4.73944207324,,26,0,23,3,30,1,1,1,0.967741935483871
Serpina1e,chr12,-,103956896,4.74451664788,,12,0,7,0,11,1,1,1,0.916666666666667
Serpina3g,chr12,+,104214453,-2.1816846986157,1.76600668499,5,0,15,1,19,2,1,1,0.904761904761905
Serpina3f,chr12,+,104214543,-4.20433969618953,2.59029733956,5,0,15,1,19,2,1,1,0.904761904761905
Syne3,chr12,-,105009808,-0.909140562098615,0.575230963873,0,11,0,13,0,4,0,0,0
Glrx5,chr12,+,105032617,0.580550794565,-1.61546021833443,0,74,1,96,0,73,0,0.0133333333333333,0
D430019H16Rik,chr12,+,105453855,3.22828305435,-2.96746330730568,63,7,32,3,94,4,0.9,0.82051282051282,0.959183673469388
Ccnk,chr12,+,108179737,,-0.607378593034227,30,80,28,118,15,73,0.272727272727273,0.259259259259259,0.170454545454545
Ccdc85c,chr12,-,108275392,1.71930790073,-1.3678271450787,1,175,1,71,1,89,0.00568181818181818,0.00568181818181818,0.0111111111111111
Cyp46a1,chr12,+,108334315,,7.60372806364,0,44,0,42,0,49,0,0,0
Eml1,chr12,+,108371152,6.09123409911,,73,18,27,3,51,11,0.802197802197802,0.6,0.82258064516129
Evl,chr12,+,108554719,3.34903730803,-2.05807743515397,9,80,16,79,13,58,0.101123595505618,0.166666666666667,0.183098591549296
Gm16596,chr12,-,108555617,5.47923749765,,34,143,42,148,45,86,0.192090395480226,0.227027027027027,0.343511450381679
Degs2,chr12,-,108702305,3.18362112459,-1.96147545042661,25,54,30,79,18,47,0.316455696202532,0.357142857142857,0.276923076923077
Wars,chr12,-,108894173,,-0.596006291334865,25,17,15,13,55,6,0.595238095238095,0.46875,0.901639344262295
Begain,chr12,-,109068241,3.43459782152,,5,15,9,27,8,20,0.25,0.375,0.285714285714286
Dlk1,chr12,+,109452822,,-4.89386273859732,10,122,11,111,12,82,0.0757575757575758,0.0827067669172932,0.127659574468085
Meg3,chr12,+,109540995,2.78603148579,,83,68,43,28,57,45,0.549668874172185,0.387387387387387,0.558823529411765
Mir1906-1,chr12,+,109544540,3.3869883515,,58,1,75,1,55,0,0.983050847457627,0.986842105263158,1
Mir1906-2,chr12,+,109544540,3.3869883515,,58,1,75,1,55,0,0.983050847457627,0.986842105263158,1
Cinp,chr12,-,110889144,,-1.0100764753312,14,296,7,203,16,348,0.0451612903225806,0.0231023102310231,0.043956043956044
Exoc3l4,chr12,+,111417429,,1.83609314813,85,16,81,9,45,7,0.841584158415842,0.835051546391753,0.865384615384615
Tnfaip2,chr12,+,111442660,-0.777734702551264,-1.06990802959487,14,113,15,69,2,118,0.110236220472441,0.1171875,0.0166666666666667
2810029C07Rik,chr12,-,111574401,2.41855673891,,24,63,29,158,37,158,0.275862068965517,0.315217391304348,0.18974358974359
Ckb,chr12,-,111672337,3.18055636449,-3.25077214055622,34,104,37,110,39,74,0.246376811594203,0.262411347517731,0.345132743362832
Trmt61a,chr12,+,111678104,,-0.917281377488244,15,86,11,26,14,100,0.148514851485149,0.11340206185567,0.12280701754386
Zfyve21,chr12,+,111814169,,-1.00602230130126,5,227,0,197,11,209,0.021551724137931,0,0.05
Kif26a,chr12,+,112146207,2.71300531932,-3.01725186752861,1,95,0,61,0,78,0.0104166666666667,0,0
Inf2,chr12,+,112588766,-0.891403901105932,1.18588798049,51,43,50,23,48,43,0.542553191489362,0.537634408602151,0.527472527472528
Adssl1,chr12,+,112620046,-0.896056555393335,,0,221,5,136,0,148,0,0.0221238938053097,0
Siva1,chr12,+,112644827,,-0.978589451902488,28,114,15,133,9,97,0.197183098591549,0.116279069767442,0.0849056603773585
Zbtb42,chr12,+,112678839,-0.967630021758519,1.1672391993,70,46,69,24,85,28,0.603448275862069,0.6,0.752212389380531
Cdca4,chr12,-,112829520,,-0.69989953493701,3,258,8,283,1,251,0.0114942528735632,0.0300751879699248,0.00396825396825397
Gpr132,chr12,-,112860915,0.675920714764,,24,32,51,37,45,29,0.428571428571429,0.614457831325301,0.608108108108108
Pacs2,chr12,+,113014507,-0.439197560966162,-0.614138727180292,4,3,7,4,6,8,0.571428571428571,0.7,0.428571428571429
Crip2,chr12,+,113140235,1.43658959163,-3.4238074392099,3,107,2,57,3,71,0.0272727272727273,0.018348623853211,0.0405405405405405
Crip1,chr12,+,113152011,-1.02884354676145,,133,214,110,167,78,180,0.38328530259366,0.339506172839506,0.302325581395349
Tmem121,chr12,+,113185902,-1.83423435515545,,6,7,22,4,22,3,0.461538461538462,0.758620689655172,0.88
Zfp386,chr12,+,116047723,,1.50659389252,80,226,76,229,66,268,0.261437908496732,0.251655629139073,0.197604790419162
Esyt2,chr12,+,116281221,,0.994043832906,0,9,0,11,0,14,0,0,0
D430020J02Rik,chr12,-,116405160,-0.601973716757649,,72,0,19,0,68,0,1,1,1
Ncapg2,chr12,+,116405435,-0.424419580241656,,60,2,17,6,56,3,0.967741935483871,0.894736842105263,0.949152542372881
Ptprn2,chr12,+,116485719,6.1815055225,,12,3,7,4,8,0,0.8,0.7,1
Rapgef5,chr12,+,117516525,0.677048598191,,62,44,72,39,73,30,0.584905660377359,0.620689655172414,0.70873786407767
Sp4,chr12,-,118301439,0.503067931966,0.949436852209,9,88,3,69,0,59,0.0927835051546392,0.032967032967033,0
Asb13,chr13,+,3634031,-0.763570426883163,1.35423240664,71,91,72,76,63,79,0.438271604938272,0.441717791411043,0.443661971830986
Net1,chr13,-,3918219,0.376521098091,,113,243,132,310,119,360,0.317415730337079,0.352,0.248434237995825
Akr1c13,chr13,+,4191186,-4.24512434003896,1.76170272685,50,19,47,19,41,34,0.72463768115942,0.712121212121212,0.546666666666667
Akr1c19,chr13,+,4233739,,6.02333998296,18,1,9,0,15,1,0.947368421052632,0.9,0.9375
Klf6,chr13,+,5861488,,1.17716224117,22,14,13,2,30,6,0.611111111111111,0.481481481481482,0.833333333333333
Pitrm1,chr13,+,6548156,,-0.796557415411165,37,80,27,88,46,57,0.316239316239316,0.252336448598131,0.446601941747573
Pfkp,chr13,-,6648770,-1.59330990178426,0.710345210389,0,57,0,68,0,36,0,0,0
Dip2c,chr13,+,9276524,-1.42295626656207,1.51749100798,15,22,25,86,25,87,0.405405405405405,0.531914893617021,0.223214285714286
Zmynd11,chr13,-,9765320,,0.861614763018,17,41,16,30,7,33,0.293103448275862,0.280701754385965,0.175
Ryr2,chr13,-,12106944,4.05510906614,,33,63,18,122,28,90,0.34375,0.222222222222222,0.23728813559322
Actn2,chr13,-,12340731,2.88177841887,,0,11,0,4,2,11,0,0,0.153846153846154
Lgals8,chr13,-,12461737,-0.376906896602875,1.01943611817,14,182,9,172,12,145,0.0714285714285714,0.0471204188481675,0.0764331210191083
Edaradd,chr13,-,12520449,2.63077238476,,89,137,83,105,73,84,0.393805309734513,0.377272727272727,0.464968152866242
Gpr137b-ps,chr13,-,12650394,0.630303626024,,1,43,1,45,0,22,0.0227272727272727,0.0227272727272727,0
Nid1,chr13,+,13437601,7.11635747178,-4.59556081086621,0,0,0,9,2,6,,,0.25
Lyst,chr13,+,13590408,,0.890166199754,7,69,3,64,5,46,0.0921052631578947,0.0416666666666667,0.0980392156862745
B3galnt2,chr13,+,13954673,-0.550000156072349,,1,127,2,77,5,108,0.0078125,0.0155038759689922,0.0442477876106195
Tbce,chr13,-,14039637,-0.533945569840478,,18,53,34,64,31,93,0.253521126760563,0.390804597701149,0.25
Psma2,chr13,+,14613241,,-0.695267633729808,3,34,2,41,4,36,0.0810810810810811,0.0555555555555556,0.1
Inhba,chr13,+,16011850,2.33601334538,,26,13,38,2,40,6,0.666666666666667,0.745098039215686,0.869565217391304
Epdr1,chr13,-,19619829,,-1.07782988534213,51,38,26,38,24,16,0.573033707865169,0.40625,0.6
Sfrp4,chr13,+,19623174,6.05478663669,,98,16,121,22,110,23,0.859649122807018,0.883211678832117,0.827067669172932
Trim27,chr13,+,21179930,,-0.855716329618716,27,70,29,83,30,86,0.278350515463918,0.292929292929293,0.258620689655172
Zscan26,chr13,-,21453726,,1.08467357793,29,98,25,95,26,114,0.228346456692913,0.203252032520325,0.185714285714286
Zkscan4,chr13,+,21478848,,2.06616088469,36,24,33,16,30,19,0.6,0.578947368421053,0.612244897959184
Zkscan8,chr13,-,21531113,,0.987950959413,24,29,39,17,57,15,0.452830188679245,0.573529411764706,0.791666666666667
Prss16,chr13,-,22009740,-1.8083786344593,,22,5,10,2,21,4,0.814814814814815,0.666666666666667,0.84
Btn1a1,chr13,-,23465900,3.40694556503,,0,110,3,69,1,124,0,0.0265486725663717,0.008
Hfe,chr13,-,23710853,-1.11849778238694,,122,15,93,36,78,31,0.89051094890511,0.861111111111111,0.715596330275229
Cmah,chr13,+,24327403,2.60357662702,,142,7,104,5,102,3,0.953020134228188,0.936936936936937,0.971428571428571
Gm11346,chr13,-,24604766,,1.43013340117,8,108,0,66,0,11,0.0689655172413793,0,0
Gmnn,chr13,-,24761936,,-1.1374827531366,85,96,79,75,77,115,0.469613259668508,0.451428571428571,0.401041666666667
4932702P03Rik,chr13,+,24905599,,2.37537340072,262,8,236,10,288,7,0.97037037037037,0.967213114754098,0.976271186440678
Aldh5a1,chr13,-,24937660,,1.70828485457,136,99,97,93,57,97,0.578723404255319,0.494897959183674,0.37012987012987
Dcdc2a,chr13,+,25056003,4.90448754336,,0,12,1,11,0,16,0,0.0769230769230769,0
Mboat1,chr13,+,30136489,-1.19536091778259,,17,142,17,93,13,81,0.106918238993711,0.106918238993711,0.138297872340426
Uqcrfs1,chr13,-,30545315,,-0.834760233191036,37,355,44,273,34,328,0.0943877551020408,0.110275689223058,0.0939226519337017
Dusp22,chr13,+,30660058,2.40582294295,-1.28421345766855,67,28,68,14,70,10,0.705263157894737,0.708333333333333,0.875
Irf4,chr13,+,30749232,4.50907293655,-3.1741704969892,191,161,119,78,149,147,0.542613636363636,0.425,0.503378378378378
Serpinb1a,chr13,-,32851184,-0.647222331292148,1.21878658423,35,61,38,94,46,108,0.364583333333333,0.383838383838384,0.298701298701299
Serpinb9,chr13,+,33004540,,1.21216176115,0,4,0,11,0,15,0,0,0
Nqo2,chr13,+,33964658,-0.741438537032076,,30,21,29,44,25,47,0.588235294117647,0.58,0.347222222222222
Ripk1,chr13,+,34002362,-0.366463008403721,,28,395,26,367,34,141,0.066193853427896,0.0617577197149644,0.194285714285714
Serpinb6a,chr13,-,34002793,-0.865430682320163,,6,388,6,365,6,136,0.0152284263959391,0.0152284263959391,0.0422535211267606
Tubb2a,chr13,-,34078007,0.820387091839,-1.09379081168017,14,56,10,65,14,46,0.2,0.151515151515152,0.233333333333333
Slc22a23,chr13,-,34345217,,-2.39067675743405,6,182,14,163,27,65,0.0319148936170213,0.0714285714285714,0.293478260869565
Fam217a,chr13,-,34919991,2.84854619726,,71,3,85,9,90,5,0.959459459459459,0.965909090909091,0.947368421052632
Nrn1,chr13,-,36734476,5.87466315855,,3,79,6,153,12,135,0.0365853658536585,0.0705882352941176,0.0816326530612245
Ly86,chr13,+,37345344,4.68582813821,-4.56228038838414,356,36,321,17,236,4,0.908163265306122,0.899159663865546,0.983333333333333
Ssr1,chr13,-,37994207,-0.662288690749027,,49,43,27,63,48,72,0.532608695652174,0.385714285714286,0.4
Cage1,chr13,-,38036936,,1.9193873563,96,43,84,28,144,55,0.690647482014389,0.661417322834646,0.723618090452261
Dsp,chr13,+,38151293,1.59450443069,,27,107,17,63,48,94,0.201492537313433,0.137096774193548,0.338028169014085
Bmp6,chr13,+,38345715,5.87462093822,,0,16,0,0,0,24,0,0,0
Txndc5,chr13,-,38528823,-1.11807000955161,,92,53,116,63,111,45,0.63448275862069,0.686390532544379,0.711538461538462
Eef1e1,chr13,-,38659027,,-0.71895289166824,50,76,43,91,22,112,0.396825396825397,0.361344537815126,0.164179104477612
Slc35b3,chr13,-,38960878,,0.885248071716,60,101,60,95,42,61,0.372670807453416,0.372670807453416,0.407766990291262
Gcnt2,chr13,+,40859767,,1.03056025531,208,113,127,104,125,136,0.64797507788162,0.529166666666667,0.478927203065134
Tmem14c,chr13,+,41016249,0.278759591585,-1.50992561331175,104,322,92,397,86,318,0.244131455399061,0.222222222222222,0.212871287128713
Elovl2,chr13,-,41220402,1.99032779339,,84,48,73,50,81,21,0.636363636363636,0.603305785123967,0.794117647058824
Tmem170b,chr13,+,41605881,-0.910250343094286,0.788720861298,11,80,1,70,6,131,0.120879120879121,0.0123456790123457,0.0437956204379562
Hivep1,chr13,+,42052020,,0.660459038239,4,111,0,152,4,87,0.0347826086956522,0,0.043956043956044
Phactr1,chr13,+,42680798,,3.54969745304,147,80,101,52,145,45,0.647577092511013,0.558011049723757,0.763157894736842
Gfod1,chr13,-,43304171,-1.18536511764271,1.26526158099,37,63,45,41,39,22,0.37,0.416666666666667,0.639344262295082
Mcur1,chr13,-,43560190,,0.633818215419,22,256,2,193,7,214,0.079136690647482,0.00775193798449612,0.0316742081447964
Jarid2,chr13,+,44730773,0.664772880323,,0,279,0,348,1,241,0,0,0.00413223140495868
Mylip,chr13,+,45389741,2.40323957214,,114,18,103,9,77,11,0.863636363636364,0.851239669421488,0.875
Gmpr,chr13,+,45507443,0.450788005542,,18,185,9,213,12,211,0.0886699507389163,0.0463917525773196,0.0538116591928251
Ptpdc1,chr13,-,48625671,,1.71681979231,14,7,13,11,11,4,0.666666666666667,0.65,0.733333333333333
Fam120aos,chr13,+,48968111,0.734305522888,0.857781581067,4,94,2,84,3,77,0.0408163265306122,0.0208333333333333,0.0375
Ninj1,chr13,+,49187528,-1.94840224292889,1.01348780103,0,25,0,19,0,8,0,0,0
Susd3,chr13,-,49248705,-1.67621932937063,1.27283109938,19,5,22,5,31,6,0.791666666666667,0.814814814814815,0.837837837837838
Fgd3,chr13,-,49309207,-0.728183991184684,1.45137666863,0,11,0,8,0,14,0,0,0
Ecm2,chr13,+,49504809,2.19709873347,,51,29,54,21,41,27,0.6375,0.650602409638554,0.602941176470588
Iars,chr13,+,49682129,,-0.891189069441381,71,228,85,239,60,221,0.237458193979933,0.271565495207668,0.213523131672598
S1pr3,chr13,+,51408617,-2.49130298666303,,11,11,7,2,18,2,0.5,0.388888888888889,0.9
Cks2,chr13,+,51645231,,-1.27723213762813,64,251,50,221,54,208,0.203174603174603,0.166112956810631,0.206106870229008
Sfxn1,chr13,+,54071844,-0.59944135915122,,55,161,49,160,66,128,0.25462962962963,0.233333333333333,0.34020618556701
Cplx2,chr13,+,54302555,-1.63400773278924,3.52910604985,43,29,40,26,63,47,0.597222222222222,0.579710144927536,0.572727272727273
Thoc3,chr13,-,54468839,,-0.717861199915683,32,33,25,19,26,41,0.492307692307692,0.431034482758621,0.388059701492537
Simc1,chr13,+,54503804,-0.92695695783193,,87,225,71,102,98,255,0.278846153846154,0.239864864864865,0.277620396600567
Nop16,chr13,-,54590073,,-0.76578897940038,41,123,39,45,26,112,0.25,0.240740740740741,0.188405797101449
Higd2a,chr13,+,54590230,,-0.725707039338598,20,106,17,43,10,106,0.158730158730159,0.138211382113821,0.0862068965517242
Cltb,chr13,-,54611372,0.422087317811,,72,57,38,60,73,77,0.558139534883721,0.4,0.486666666666667
Rnf44,chr13,-,54693959,0.74195818992,,45,139,45,109,28,55,0.244565217391304,0.244565217391304,0.337349397590361
Tspan17,chr13,+,54789404,-0.832861845929301,,8,105,7,84,12,58,0.0707964601769912,0.0625,0.171428571428571
Hk3,chr13,-,55021384,-4.68256209473055,,65,8,54,28,27,44,0.89041095890411,0.870967741935484,0.380281690140845
Uimc1,chr13,-,55100299,-0.460334416732003,0.730487330726,80,18,36,29,68,38,0.816326530612245,0.666666666666667,0.641509433962264
Prelid1,chr13,+,55322054,-0.352964402219745,-1.01382666960034,22,95,14,180,24,176,0.188034188034188,0.128440366972477,0.12
Mxd3,chr13,-,55329730,-0.494059272805352,,30,10,36,3,35,11,0.75,0.782608695652174,0.760869565217391
Rgs14,chr13,+,55369731,,0.927227136518,26,73,9,47,8,88,0.262626262626263,0.109756097560976,0.0833333333333333
Dbn1,chr13,-,55488075,2.24314640655,,14,28,17,16,31,9,0.333333333333333,0.377777777777778,0.775
Fam193b,chr13,-,55571119,,0.743594644786,6,31,10,39,6,57,0.162162162162162,0.24390243902439,0.0952380952380952
B4galt7,chr13,+,55599895,-0.503644904098109,,55,211,43,82,49,174,0.206766917293233,0.169291338582677,0.219730941704036
Tifab,chr13,-,56178884,3.42234458599,,30,3,12,0,31,4,0.909090909090909,0.8,0.885714285714286
Tgfbi,chr13,+,56609585,2.48399331566,,90,3,97,7,78,14,0.967741935483871,0.97,0.847826086956522
Klhl3,chr13,-,58113646,1.20952132703,,38,147,28,129,37,124,0.205405405405405,0.16,0.229813664596273
Hnrnpa0,chr13,-,58128555,0.790544931325,-0.644066020804727,0,64,0,56,0,26,0,0,0
Mir6369,chr13,-,58313148,,-1.33477688501057,68,5,57,9,72,8,0.931506849315068,0.919354838709677,0.9
Kif27,chr13,-,58354946,3.38914589917,,123,6,112,3,95,4,0.953488372093023,0.949152542372881,0.95959595959596
2210016F16Rik,chr13,-,58385224,0.855830832728,-1.07727506583996,141,91,156,34,153,104,0.607758620689655,0.631578947368421,0.595330739299611
Agtpbp1,chr13,-,59557346,-0.405218807179562,0.871939058582,14,95,5,76,15,88,0.128440366972477,0.05,0.145631067961165
Golm1,chr13,-,59675783,,-1.44157509613479,9,39,5,63,12,43,0.1875,0.113636363636364,0.218181818181818
Isca1,chr13,-,59769788,0.516943148178,,0,262,1,152,0,256,0,0.00380228136882129,0
Etohd2,chr13,+,59769965,,0.857168507516,0,262,1,152,0,256,0,0.00380228136882129,0
Dapk1,chr13,+,60601946,-0.437115688747273,,40,1,76,1,71,0,0.975609756097561,0.987012987012987,1
Ctla2b,chr13,-,60897446,-0.461417809980313,1.73365614501,31,7,6,0,36,9,0.81578947368421,0.461538461538462,0.8
Fbp1,chr13,-,62888281,,2.40038380636,107,37,55,13,92,24,0.743055555555556,0.597826086956522,0.793103448275862
Zfp367,chr13,-,64153198,-0.392886207630455,0.94652551462,0,69,1,70,0,35,0,0.0142857142857143,0
Cdc14b,chr13,-,64274987,0.912392319834,,1,160,6,143,0,138,0.0062111801242236,0.036144578313253,0
Ctsl,chr13,-,64370519,,-0.773101908358923,87,65,88,54,92,75,0.572368421052632,0.57516339869281,0.550898203592814
Ptdss1,chr13,+,66932829,-0.540768351398798,,9,44,17,56,11,41,0.169811320754717,0.278688524590164,0.211538461538462
Zfp712,chr13,-,67061169,,1.20551900524,17,173,11,105,14,173,0.0894736842105263,0.0597826086956522,0.0748663101604278
Zfp759,chr13,+,67128227,,1.70916820123,37,62,44,57,31,52,0.373737373737374,0.415094339622642,0.373493975903614
Zfp87,chr13,-,67526230,-0.476236525199795,,16,100,15,102,27,125,0.137931034482759,0.130434782608696,0.177631578947368
Fastkd3,chr13,+,68582209,-0.714667606426626,,38,47,46,64,45,70,0.447058823529412,0.494623655913979,0.391304347826087
Srd5a1,chr13,-,69611462,-0.827565632907779,,0,47,0,66,1,46,0,0,0.0212765957446809
Nsun2,chr13,+,69612015,,-0.600574995324945,4,178,10,166,12,186,0.021978021978022,0.0531914893617021,0.0606060606060606
Med10,chr13,+,69802369,0.660151353896,,65,8,49,3,66,7,0.89041095890411,0.859649122807018,0.904109589041096
Adamts16,chr13,-,70841810,5.22329233045,,30,7,45,11,41,11,0.810810810810811,0.865384615384615,0.788461538461538
Ndufs6,chr13,-,73328481,,-0.923626471629596,64,33,55,31,52,28,0.65979381443299,0.625,0.65
Mrpl36,chr13,+,73331008,,-0.934287634284694,32,46,30,30,33,38,0.41025641025641,0.394736842105263,0.464788732394366
Lpcat1,chr13,+,73467230,0.521847757669,-1.07496980101761,39,26,34,16,21,25,0.6,0.566666666666667,0.456521739130435
Slc6a3,chr13,+,73536746,3.33704858834,,6,54,8,67,3,22,0.1,0.129032258064516,0.12
Clptm1l,chr13,+,73604001,-0.322435195022164,-0.544763378995224,18,175,18,89,17,205,0.0932642487046632,0.0932642487046632,0.0765765765765766
Slc12a7,chr13,+,73763659,-0.447422063141926,,27,11,35,10,37,4,0.710526315789474,0.760869565217391,0.902439024390244
Trip13,chr13,-,73937766,,-0.961705867911563,16,23,16,19,12,6,0.41025641025641,0.41025641025641,0.666666666666667
Exoc3,chr13,-,74208699,-0.796613878413669,,14,25,9,24,18,34,0.358974358974359,0.264705882352941,0.346153846153846
Ahrr,chr13,-,74292330,-4.6816534239946,,36,17,40,7,29,6,0.679245283018868,0.701754385964912,0.828571428571429
Pdcd6,chr13,-,74317325,-0.408521239894691,,5,135,9,83,9,55,0.0357142857142857,0.0625,0.140625
Sdha,chr13,-,74350239,-0.45121622915803,,13,81,17,71,14,69,0.138297872340426,0.173469387755102,0.168674698795181
Ccdc127,chr13,+,74350316,-0.482029514791023,,13,81,17,71,14,69,0.138297872340426,0.173469387755102,0.168674698795181
Erap1,chr13,+,74639852,,0.827454095841,0,0,0,12,0,11,,,0
Cast,chr13,-,74808759,-0.509918986719623,1.03139604582,17,20,13,42,13,35,0.45945945945946,0.393939393939394,0.270833333333333
Ell2,chr13,+,75707483,0.597218995208,,15,146,22,118,30,139,0.093167701863354,0.130952380952381,0.177514792899408
Glrx,chr13,+,75839884,-0.730595136630751,,55,48,49,68,50,41,0.533980582524272,0.505154639175258,0.54945054945055
Spata9,chr13,+,75967738,1.87625514344,,54,2,64,1,69,5,0.964285714285714,0.96969696969697,0.932432432432432
Arsk,chr13,-,76098659,,1.35713851052,31,93,18,112,15,87,0.25,0.162162162162162,0.147058823529412
Mctp1,chr13,+,76384138,,1.51509949477,47,60,74,44,33,26,0.439252336448598,0.552238805970149,0.559322033898305
Arrdc3,chr13,+,80883383,1.53277972361,,28,232,14,237,11,251,0.107692307692308,0.0569105691056911,0.0419847328244275
Mblac2,chr13,+,81711416,-0.74242909063215,,2,87,7,81,3,66,0.0224719101123596,0.074468085106383,0.0434782608695652
Mef2c,chr13,+,83504033,0.848498129512,0.991266539871,199,12,216,14,226,12,0.943127962085308,0.947368421052632,0.949579831932773
Rasa1,chr13,-,85289485,,1.01606148657,30,51,14,51,20,65,0.37037037037037,0.215384615384615,0.235294117647059
Cox7c,chr13,-,86046794,,-0.918322431715292,69,175,42,86,84,148,0.282786885245902,0.193548387096774,0.362068965517241
4833422C13Rik,chr13,-,91741871,0.632300796267,,64,5,75,7,63,3,0.927536231884058,0.9375,0.954545454545455
Serinc5,chr13,+,92611137,0.515566988731,-0.672328354651167,2,45,0,25,2,53,0.0425531914893617,0,0.0363636363636364
Mtx3,chr13,+,92844767,,1.04665517204,148,28,150,25,114,15,0.840909090909091,0.842696629213483,0.883720930232558
Bhmt,chr13,-,93637757,5.71781261964,,107,3,95,3,127,2,0.972727272727273,0.969387755102041,0.984496124031008
Arsb,chr13,+,93771678,-0.714796901469123,,90,75,78,195,43,219,0.545454545454545,0.509803921568627,0.16412213740458
Lhfpl2,chr13,+,94057795,-1.28136650355154,1.46239012559,52,58,27,62,51,58,0.472727272727273,0.317647058823529,0.467889908256881
Scamp1,chr13,-,94285830,-0.829775602818888,,91,39,77,33,66,24,0.7,0.663793103448276,0.733333333333333
Ap3b1,chr13,+,94358959,-0.424584311172248,,108,208,94,158,90,215,0.341772151898734,0.311258278145695,0.295081967213115
F2r,chr13,-,95618465,-1.13638170539077,1.05913475552,12,85,8,95,10,70,0.123711340206186,0.0860215053763441,0.125
F2rl2,chr13,+,95696919,,1.3769101272,173,68,134,96,132,135,0.717842323651452,0.663366336633663,0.49438202247191
Iqgap2,chr13,-,95891921,,1.08550741498,0,39,0,39,0,47,0,0,0
Polk,chr13,-,96542578,,1.04385874334,0,89,0,96,0,57,0,0,0
Hmgcr,chr13,-,96670935,-2.31890667122986,,55,122,39,157,59,158,0.310734463276836,0.242236024844721,0.271889400921659
Fam169a,chr13,+,97067286,-1.62480175853058,,188,61,235,17,202,26,0.755020080321285,0.793918918918919,0.885964912280702
Hexb,chr13,-,97198356,-0.658611020250213,,153,99,99,57,160,89,0.607142857142857,0.5,0.642570281124498
Enc1,chr13,+,97241104,,-1.46162806380638,0,62,0,68,0,95,0,0,0
Arhgef28,chr13,-,98206164,-1.17708335929489,3.76756078497,23,8,25,6,28,9,0.741935483870968,0.757575757575758,0.756756756756757
Tmem171,chr13,-,98694841,-5.07548063148956,,132,19,95,5,115,9,0.874172185430464,0.833333333333333,0.92741935483871
Fcho2,chr13,-,98815448,0.420433536584,0.818490195238,61,179,66,194,59,209,0.254166666666667,0.269387755102041,0.220149253731343
Zfp366,chr13,+,99184822,3.13379881886,,112,18,79,22,82,15,0.861538461538462,0.814432989690722,0.845360824742268
Mrps27,chr13,+,99344785,,-0.934381612714003,25,160,37,131,26,87,0.135135135135135,0.187817258883249,0.230088495575221
6430562O15Rik,chr13,-,99412825,,-1.02712151974075,83,15,57,15,80,13,0.846938775510204,0.791666666666667,0.860215053763441
Smn1,chr13,+,100123204,,-0.750908834709677,65,5,104,7,133,12,0.928571428571429,0.954128440366972,0.917241379310345
Naip5,chr13,-,100247335,0.612619711605,1.47624435102,64,4,45,7,35,3,0.941176470588235,0.918367346938776,0.921052631578947
Naip6,chr13,-,100316615,0.609461447222,1.11425865351,122,1,114,0,44,0,0.991869918699187,0.991304347826087,1
Naip7,chr13,-,100317687,0.646719063371,1.14929002136,38,1,32,0,41,0,0.974358974358974,0.96969696969697,1
Ocln,chr13,-,100552717,3.62664368193,-2.19467289094332,61,234,23,156,26,219,0.206779661016949,0.0894941634241245,0.106122448979592
Marveld2,chr13,-,100616970,-0.913062125562236,1.03048151306,326,51,342,52,259,60,0.864721485411141,0.870229007633588,0.811912225705329
Ak6,chr13,+,100651342,,-0.640467645177026,4,307,2,225,4,319,0.0128617363344051,0.00647249190938511,0.0123839009287926
Ccdc125,chr13,+,100669480,0.501868562665,,59,272,28,359,40,354,0.178247734138973,0.0933333333333333,0.101522842639594
Mrps36,chr13,-,100744658,,-1.10268741558904,29,43,36,24,38,48,0.402777777777778,0.455696202531646,0.441860465116279
Cenph,chr13,-,100775898,,-0.857121150013184,43,129,39,98,70,116,0.25,0.232142857142857,0.376344086021505
Ccnb1,chr13,-,100786485,,-1.68382568001582,90,124,39,116,67,108,0.420560747663551,0.239263803680982,0.382857142857143
Slc30a5,chr13,-,100833426,-0.440037562927641,,6,64,5,72,0,36,0.0857142857142857,0.072463768115942,0
Pik3r1,chr13,-,101768216,0.708148269592,,3,34,7,23,13,36,0.0810810810810811,0.170731707317073,0.26530612244898
Cd180,chr13,+,102693546,,1.47930957778,45,50,43,71,83,64,0.473684210526316,0.462365591397849,0.564625850340136
Srek1,chr13,-,103774607,,0.781216579968,72,59,44,40,74,55,0.549618320610687,0.427184466019417,0.573643410852713
Nln,chr13,-,104109613,-0.569319171120109,,2,341,4,209,1,328,0.00583090379008746,0.0115942028985507,0.00303951367781155
Trappc13,chr13,-,104178465,-0.362042463990587,,8,238,10,304,19,270,0.032520325203252,0.0403225806451613,0.0657439446366782
Trim23,chr13,+,104178838,,0.900191308501,49,249,30,307,51,297,0.164429530201342,0.10752688172043,0.146551724137931
Adamts6,chr13,+,104287834,,1.31204109213,1,57,0,55,0,68,0.0172413793103448,0,0
Rgs7bp,chr13,-,105054929,,2.06374652195,12,155,7,163,11,137,0.0718562874251497,0.0432098765432099,0.0743243243243243
Rnf180,chr13,-,105294484,,2.4938908668,60,53,63,34,51,52,0.530973451327434,0.543103448275862,0.495145631067961
Elovl7,chr13,+,108214403,-1.04171313364687,1.1740642551,27,117,27,143,24,93,0.1875,0.1875,0.205128205128205
Depdc1b,chr13,+,108316336,,-0.877121000603428,47,283,19,301,52,136,0.142424242424242,0.0629139072847682,0.276595744680851
Pde4d,chr13,+,108654176,0.710951391827,,158,2,115,3,169,9,0.9875,0.982905982905983,0.949438202247191
Gapt,chr13,-,110357171,,-2.82404227153147,53,21,32,7,46,38,0.716216216216216,0.60377358490566,0.547619047619048
Plk2,chr13,+,110395043,,1.06233645286,30,54,36,81,14,80,0.357142857142857,0.4,0.148936170212766
Gpbp1,chr13,-,111490126,,0.735937104742,7,204,6,194,7,44,0.033175355450237,0.0285714285714286,0.137254901960784
Mier3,chr13,+,111686177,0.462891522422,,12,54,8,100,12,91,0.181818181818182,0.129032258064516,0.116504854368932
Ddx4,chr13,-,112652309,4.01157539417,-5.40597914211189,1841,118,1741,68,1865,125,0.939765186319551,0.93652501344809,0.937185929648241
Slc38a9,chr13,+,112660765,0.578780126287,,26,87,28,67,29,68,0.230088495575221,0.243478260869565,0.298969072164948
Gzma,chr13,-,113100980,,-7.06009902109612,164,20,149,20,151,6,0.891304347826087,0.881656804733728,0.961783439490446
4921509O07Rik,chr13,-,113502843,5.95055757147,,36,3,30,1,31,5,0.923076923076923,0.909090909090909,0.861111111111111
Itga2,chr13,-,114932099,3.69213888384,,101,18,90,18,87,23,0.848739495798319,0.833333333333333,0.790909090909091
Itga1,chr13,-,115101963,1.84000903961,,40,105,21,116,49,159,0.275862068965517,0.166666666666667,0.235576923076923
Isl1,chr13,-,116309687,2.04999031112,-4.49140711264585,2,242,3,145,8,256,0.00819672131147541,0.0122448979591837,0.0303030303030303
Emb,chr13,+,117220572,-0.669173215754612,,43,200,49,163,51,128,0.176954732510288,0.196787148594378,0.284916201117318
Hcn1,chr13,+,117602319,4.51350099581,,17,5,12,6,13,2,0.772727272727273,0.705882352941177,0.866666666666667
Mrps30,chr13,-,118387251,,-0.770321795753815,23,316,35,356,31,322,0.0678466076696165,0.0997150997150997,0.0878186968838527
Nnt,chr13,-,119409256,-0.826487464530802,,0,12,0,50,0,61,0,0,0
4833420G17Rik,chr13,+,119462758,0.337244268841,0.801791665897,20,109,35,128,27,86,0.155038759689923,0.243055555555556,0.238938053097345
Hmgcs1,chr13,+,119690350,-3.29593692882279,,54,100,29,122,39,72,0.350649350649351,0.224806201550388,0.351351351351351
Nim1k,chr13,-,119755881,-1.26786860872227,1.57665642611,34,49,44,69,62,56,0.409638554216867,0.473118279569893,0.525423728813559
Zfp131,chr13,-,119791121,-0.630987451412097,,0,30,0,24,0,9,0,0,0
BC147527,chr13,+,120300391,1.0340038984,,33,0,22,0,40,2,1,1,0.952380952380952
Flnb,chr14,+,7817956,-2.0126813744589,-1.26549463492331,212,156,126,114,155,123,0.576086956521739,0.446808510638298,0.557553956834532
Dnase1l3,chr14,-,7994181,4.55337132169,-7.18892165696442,44,6,48,4,27,5,0.88,0.888888888888889,0.84375
Abhd6,chr14,+,8002887,-0.558795797760043,,53,290,32,265,44,368,0.154518950437318,0.0993788819875776,0.106796116504854
Atxn7,chr14,+,14012490,,1.35023439125,20,30,11,18,23,39,0.4,0.268292682926829,0.370967741935484
Psmd6,chr14,-,14120944,,-0.68978203794226,36,37,44,46,33,40,0.493150684931507,0.54320987654321,0.452054794520548
Slc4a7,chr14,+,14703024,-0.570617122203927,0.687388957271,21,18,15,9,32,23,0.538461538461538,0.454545454545455,0.581818181818182
Nek10,chr14,+,14820814,5.78930853488,,136,8,135,9,139,10,0.944444444444444,0.944055944055944,0.932885906040269
Ngly1,chr14,+,16249313,,0.862182834335,6,67,2,44,1,56,0.0821917808219178,0.0289855072463768,0.0175438596491228
Oxsm,chr14,-,16249807,-0.600518169622449,,21,68,6,39,21,60,0.235955056179775,0.0810810810810811,0.259259259259259
Thrb,chr14,+,17660959,,1.89741044541,1,7,5,6,4,9,0.125,0.416666666666667,0.307692307692308
Nr1d2,chr14,-,18239105,,1.54373849129,21,43,14,49,13,53,0.328125,0.245614035087719,0.196969696969697
Nkiras1,chr14,+,18271135,-0.59819165968169,,2,47,1,52,2,57,0.0408163265306122,0.0208333333333333,0.0338983050847458
Ube2e1,chr14,-,18331843,-0.500107173906951,,105,18,102,11,91,4,0.853658536585366,0.85,0.957894736842105
Nid2,chr14,+,19751256,2.08226729513,-2.25491231589307,24,189,17,198,27,229,0.112676056338028,0.0825242718446602,0.10546875
Ecd,chr14,-,20348120,,-0.716870166809208,29,356,17,322,21,270,0.0753246753246753,0.0455764075067024,0.0721649484536082
Anxa7,chr14,-,20480132,-0.417673609342869,,11,45,12,40,10,31,0.196428571428571,0.210526315789474,0.24390243902439
1810062O18Rik,chr14,+,20546292,,1.31852445087,25,42,24,66,10,34,0.373134328358209,0.363636363636364,0.227272727272727
Usp54,chr14,-,20618353,,1.2756950987,19,66,14,64,8,49,0.223529411764706,0.175,0.140350877192982
Chchd1,chr14,+,20703026,,-0.838520825890382,25,131,29,95,31,164,0.16025641025641,0.18125,0.158974358974359
6230400D17Rik,chr14,-,20703098,0.850266742818,,25,131,29,95,31,164,0.16025641025641,0.18125,0.158974358974359
Plau,chr14,+,20836661,,-2.85815552502733,31,97,18,57,15,80,0.2421875,0.156521739130435,0.157894736842105
Kat6b,chr14,+,21499769,,0.738636954265,3,23,1,25,1,8,0.115384615384615,0.0416666666666667,0.111111111111111
Vdac2,chr14,+,21831560,,-0.67322668162533,11,96,10,91,9,109,0.102803738317757,0.0943396226415094,0.076271186440678
Comtd1,chr14,-,21848909,-0.749226926239311,,105,67,120,74,117,96,0.61046511627907,0.641711229946524,0.549295774647887
Zfp503,chr14,-,21989600,5.93339144023,-1.76527347717899,4,30,9,30,10,53,0.117647058823529,0.230769230769231,0.158730158730159
Dlg5,chr14,-,24245919,,1.59540886117,28,7,18,8,15,2,0.8,0.72,0.882352941176471
Ppif,chr14,+,25694169,-0.303935129157032,,14,84,9,60,12,66,0.142857142857143,0.0967741935483871,0.153846153846154
Ppifos,chr14,-,25701281,-0.410660523859067,,54,5,44,12,52,3,0.915254237288136,0.897959183673469,0.945454545454546
Anxa11,chr14,+,25842154,-0.435025805517845,,40,373,59,316,75,201,0.0968523002421307,0.136574074074074,0.271739130434783
Pde12,chr14,-,26669845,,-0.746715016228243,70,166,75,157,27,98,0.296610169491525,0.311203319502075,0.216
Appl1,chr14,-,26970550,,0.950317389556,47,221,12,234,27,190,0.175373134328358,0.0515021459227468,0.124423963133641
Hesx1,chr14,+,27000361,5.18496546814,-4.61194891514619,175,77,178,81,207,86,0.694444444444445,0.698039215686275,0.706484641638225
Arhgef3,chr14,+,27143992,1.07760313987,0.777359170832,92,1,65,4,109,1,0.989247311827957,0.984848484848485,0.990909090909091
Ccdc66,chr14,-,27508459,,0.984096612,11,109,11,112,16,102,0.0916666666666667,0.0916666666666667,0.135593220338983
Chdh,chr14,+,30008999,,-2.81576408365887,102,51,83,71,63,41,0.666666666666667,0.619402985074627,0.605769230769231
Cacna1d,chr14,-,30491155,1.79115497217,2.71975720531,268,3,281,5,266,3,0.988929889298893,0.98943661971831,0.988847583643123
Tkt,chr14,+,30549130,-0.455364220855477,-0.64790123342156,3,106,0,61,0,78,0.0275229357798165,0,0
Mir3076,chr14,+,30572148,-0.498500111774988,,145,4,114,4,146,5,0.973154362416107,0.966101694915254,0.966887417218543
Prkcd,chr14,-,30626207,0.3744817291,,0,6,1,12,2,11,0,0.142857142857143,0.153846153846154
Itih4,chr14,+,30886475,5.07213019688,,81,1,113,2,129,3,0.987804878048781,0.991228070175439,0.977272727272727
Itih3,chr14,-,30923586,3.7772429795,,9,2,2,1,11,0,0.818181818181818,0.5,1
Spcs1,chr14,-,31001665,-0.393347803810556,,30,60,29,83,37,64,0.333333333333333,0.325842696629214,0.366336633663366
Gnl3,chr14,-,31019130,-0.457904381495224,,23,208,5,176,12,188,0.0995670995670996,0.0234741784037559,0.06
Nt5dc2,chr14,+,31131088,,-1.72049406314285,53,19,39,15,27,23,0.736111111111111,0.672413793103448,0.54
Stab1,chr14,-,31168640,,-2.62201040626311,109,38,74,39,95,35,0.741496598639456,0.660714285714286,0.730769230769231
Tnnc1,chr14,+,31208311,-1.89062742307905,,128,2,66,1,106,1,0.984615384615385,0.970588235294118,0.990654205607477
Dnah1,chr14,-,31323895,0.893002046237,1.34155596272,60,21,44,21,97,11,0.740740740740741,0.676923076923077,0.898148148148148
Capn7,chr14,+,31336637,-0.582307680058927,0.766283453818,11,65,6,72,13,71,0.144736842105263,0.0845070422535211,0.154761904761905
Btd,chr14,+,31641056,-0.48671692267904,,79,64,84,44,91,85,0.552447552447552,0.567567567567568,0.517045454545455
Ankrd28,chr14,-,31830414,-1.11987314943705,1.10089253605,10,151,5,151,5,121,0.062111801242236,0.0320512820512821,0.0396825396825397
Oxnad1,chr14,+,32085727,,-1.04004263569948,22,456,9,262,25,431,0.0460251046025105,0.0193548387096774,0.0548245614035088
Ncoa4,chr14,+,32159886,-0.454697821351059,0.696739675618,1,64,0,44,1,86,0.0153846153846154,0,0.0114942528735632
Timm23,chr14,-,32201890,,-1.08400591995348,8,124,8,91,8,133,0.0606060606060606,0.0606060606060606,0.0567375886524823
Ogdhl,chr14,+,32322018,1.95741799834,-2.72566948659146,10,109,16,98,10,91,0.0840336134453782,0.128,0.099009900990099
Vstm4,chr14,+,32856755,5.52395293199,,56,3,27,3,53,0,0.949152542372881,0.9,1
Wdfy4,chr14,-,33185065,-0.505555962368077,,79,45,52,72,77,39,0.637096774193548,0.536082474226804,0.663793103448276
Glud1,chr14,+,34310726,-0.480001303559741,,0,42,0,48,0,46,0,0,0
Mmrn2,chr14,+,34375503,7.95843896277,-7.04225591272972,56,12,41,9,55,4,0.823529411764706,0.773584905660377,0.932203389830508
Bmpr1a,chr14,-,34502545,,3.09948722213,0,3,0,17,0,11,0,0,0
Ccser2,chr14,-,36968763,-0.460159764261165,1.38362487372,84,36,71,34,105,29,0.7,0.663551401869159,0.783582089552239
2610528A11Rik,chr14,-,37110100,2.46507365545,,26,18,16,3,28,9,0.590909090909091,0.470588235294118,0.756756756756757
Ghitm,chr14,-,37135321,-0.557013336866478,,30,198,25,253,36,179,0.131578947368421,0.112107623318386,0.167441860465116
Sh2d4b,chr14,-,40901672,3.00736154901,,12,2,9,0,5,1,0.857142857142857,0.818181818181818,0.833333333333333
Tspan14,chr14,-,40966895,0.807339996605,,0,34,0,11,0,43,0,0,0
Mat1a,chr14,+,41105032,5.6195662413,,132,20,165,27,161,19,0.868421052631579,0.891891891891892,0.894444444444445
Ear1,chr14,-,43819638,6.65783590812,-5.11472506990993,14,3,18,4,18,2,0.823529411764706,0.857142857142857,0.9
Ear2,chr14,+,44102653,7.96392592872,-5.17317814475959,44,1,34,0,42,1,0.977777777777778,0.971428571428571,0.976744186046512
Ear12,chr14,+,44102886,7.95400446245,-5.17317814475959,44,1,34,0,42,1,0.977777777777778,0.971428571428571,0.976744186046512
Ear3,chr14,+,44102886,7.95400446245,-5.17317814475959,44,1,34,0,42,1,0.977777777777778,0.971428571428571,0.976744186046512
Ptger2,chr14,+,44988110,3.60149307383,,14,7,17,20,21,14,0.666666666666667,0.708333333333333,0.6
Gnpnat1,chr14,-,45388795,-0.563352906149535,,1,78,0,79,1,55,0.0126582278481013,0,0.0178571428571429
Fermt2,chr14,-,45530064,1.74356848928,,5,95,0,83,6,72,0.05,0,0.0769230769230769
Ddhd1,chr14,-,45658142,,0.938108448557,12,8,4,4,13,13,0.6,0.333333333333333,0.5
Bmp4,chr14,-,46390668,,2.23785674289,21,8,24,4,11,2,0.724137931034483,0.75,0.846153846153846
Cnih1,chr14,-,46788356,,-0.832230760259676,60,100,71,101,65,86,0.375,0.415204678362573,0.43046357615894
Samd4,chr14,+,46882964,,-4.35269649936417,0,30,0,49,0,24,0,0,0
Gch1,chr14,-,47189412,-1.19231740061047,,1,197,0,199,0,88,0.00505050505050505,0,0
Wdhd1,chr14,-,47276856,,-0.689922182814669,6,557,3,328,10,412,0.0106571936056838,0.00535714285714286,0.023696682464455
Mapk1ip1l,chr14,+,47298273,,-0.554191017901804,46,115,55,177,50,117,0.285714285714286,0.323529411764706,0.29940119760479
Lgals3,chr14,+,47373859,,-4.2385349745642,59,45,43,35,59,46,0.567307692307692,0.488636363636364,0.561904761904762
Dlgap5,chr14,-,47418406,,-1.08416620511893,27,144,28,141,44,141,0.157894736842105,0.162790697674419,0.237837837837838
Fbxo34,chr14,+,47472560,-0.384503467697988,,185,164,222,134,206,178,0.530085959885387,0.575129533678757,0.536458333333333
Ktn1,chr14,+,47649310,,0.78060360342,20,6,14,9,8,11,0.769230769230769,0.7,0.421052631578947
Peli2,chr14,+,48120868,0.725059487354,,0,19,0,22,0,7,0,0,0
Ccnb1ip1,chr14,-,50795727,8.6961675578,-2.74241852994609,372,12,249,4,348,5,0.96875,0.954022988505747,0.985835694050991
Apex1,chr14,+,50924948,,-0.807713234247471,4,396,0,373,1,230,0.01,0,0.00432900432900433
Pnp,chr14,+,50944302,,-0.654275411163692,37,162,31,187,15,167,0.185929648241206,0.160621761658031,0.0824175824175824
Ang,chr14,+,51091076,1.85954529295,,33,107,22,56,23,113,0.235714285714286,0.170542635658915,0.169117647058824
Rnase4,chr14,+,51091076,2.29280512852,,33,107,22,56,23,113,0.235714285714286,0.170542635658915,0.169117647058824
Rnase6,chr14,+,51123907,2.63711061653,,218,8,168,1,172,12,0.964601769911504,0.954545454545455,0.934782608695652
Ear6,chr14,+,51853767,7.83146038709,-8.65580474804341,36,4,14,1,37,1,0.9,0.777777777777778,0.973684210526316
Ear7,chr14,+,51853997,7.8098650729,-8.65580474804341,20,4,14,1,23,0,0.833333333333333,0.777777777777778,1
Arhgef40,chr14,+,51984832,-0.662428330495523,1.49069607987,1,23,1,35,0,30,0.0416666666666667,0.0416666666666667,0
Zfp219,chr14,-,52020732,,0.703885724705,65,23,33,31,54,19,0.738636363636364,0.589285714285714,0.73972602739726
Hnrnpc,chr14,-,52104020,,-0.726812015210433,0,100,0,96,0,53,0,0,0
Sall2,chr14,-,52328669,-0.563627828868343,,64,26,43,19,70,16,0.711111111111111,0.623188405797102,0.813953488372093
Olfr1509,chr14,+,52450392,,-6.78494158797819,102,46,88,72,96,56,0.689189189189189,0.656716417910448,0.631578947368421
Dad1,chr14,-,54253928,-0.758427996783188,,74,266,55,165,92,284,0.217647058823529,0.171339563862928,0.24468085106383
Abhd4,chr14,+,54254128,-1.27423734338873,0.877761629815,71,265,50,165,83,284,0.211309523809524,0.158730158730159,0.226158038147139
Slc7a7,chr14,-,54417943,-1.23118643514314,,91,45,84,13,86,17,0.669117647058824,0.651162790697675,0.83495145631068
Mrpl52,chr14,+,54426908,0.818637356275,-0.780856541457375,64,135,62,160,48,137,0.321608040201005,0.314720812182741,0.259459459459459
Mmp14,chr14,+,54431597,2.78458151392,1.18763419473,27,82,94,70,44,122,0.247706422018349,0.534090909090909,0.265060240963855
Lrp10,chr14,+,54464146,-0.588447859924011,,19,122,8,90,7,140,0.134751773049645,0.0615384615384615,0.0476190476190476
Prmt5,chr14,-,54517469,,-0.721821986721278,8,89,3,84,7,49,0.0824742268041237,0.0326086956521739,0.125
Haus4,chr14,-,54554360,-0.37636566633757,,80,276,49,210,67,277,0.224719101123596,0.150769230769231,0.194767441860465
Ajuba,chr14,-,54577660,-2.11947365659888,,1,210,2,161,0,191,0.004739336492891,0.00943396226415094,0
4931414P19Rik,chr14,-,54605907,0.694974944538,,96,70,81,48,107,82,0.578313253012048,0.536423841059603,0.566137566137566
Mir686,chr14,-,54616784,,-0.927861703467833,315,88,223,109,288,58,0.781637717121588,0.717041800643087,0.832369942196532
Psmb5,chr14,-,54617994,,-0.923805971383138,134,148,103,186,97,146,0.475177304964539,0.410358565737052,0.39917695473251
1700123O20Rik,chr14,+,54686170,0.426299729353,,33,135,19,137,21,110,0.196428571428571,0.123376623376623,0.16030534351145
Cebpe,chr14,-,54712173,2.00600645364,-3.35001901047056,76,11,147,18,117,15,0.873563218390805,0.930379746835443,0.886363636363636
Ppp1r3e,chr14,-,54877537,-1.00093881940203,,39,70,44,61,49,62,0.357798165137615,0.385964912280702,0.441441441441441
Slc22a17,chr14,-,54913131,0.715974703655,1.46206245837,33,95,25,105,21,107,0.2578125,0.208333333333333,0.1640625
Zfhx2os,chr14,+,55073090,1.13173905326,,193,9,162,7,223,2,0.955445544554455,0.947368421052632,0.991111111111111
Zfhx2,chr14,-,55092047,0.871287228181,,24,75,30,56,33,55,0.242424242424242,0.285714285714286,0.375
Dhrs4,chr14,+,55478757,,-0.675989955156313,30,191,76,266,82,180,0.135746606334842,0.284644194756554,0.312977099236641
Pck2,chr14,+,55540265,-0.474469571168726,,19,42,16,22,11,34,0.311475409836066,0.275862068965517,0.244444444444444
Emc9,chr14,-,55585253,0.813709618601,-1.71741436788279,118,54,106,33,136,36,0.686046511627907,0.6625,0.790697674418605
Irf9,chr14,+,55603984,,0.662280341115,61,71,22,100,32,93,0.462121212121212,0.236559139784946,0.256
Rec8,chr14,+,55618165,,1.7115459485,81,131,75,106,57,162,0.382075471698113,0.364077669902913,0.26027397260274
Nedd8,chr14,-,55671879,0.351828125368,-0.728241110726079,29,259,29,150,24,188,0.100694444444444,0.100694444444444,0.113207547169811
Tgm1,chr14,-,55713491,,-0.874561715385687,123,21,134,13,104,1,0.854166666666667,0.864516129032258,0.990476190476191
Nop9,chr14,+,55745692,,-0.99809628462591,63,110,69,98,62,100,0.364161849710983,0.385474860335196,0.382716049382716
Adcy4,chr14,-,55784071,2.5208766861,,30,110,67,55,9,45,0.214285714285714,0.378531073446328,0.166666666666667
Khnyn,chr14,+,55884941,0.438988059069,,83,81,84,47,89,85,0.50609756097561,0.509090909090909,0.511494252873563
Sdr39u1,chr14,-,55900231,-0.356810452407926,,49,175,57,167,45,104,0.21875,0.245689655172414,0.302013422818792
Cma1,chr14,-,55944674,,-7.96411793286311,42,5,45,3,28,2,0.893617021276596,0.9,0.933333333333333
Mcpt8,chr14,-,56085196,-5.88595085851595,,127,8,128,11,83,11,0.940740740740741,0.941176470588235,0.882978723404255
Ctsg,chr14,-,56102573,,-4.35922470981331,77,15,58,6,41,11,0.836956521739131,0.794520547945206,0.788461538461538
Gzmc,chr14,-,56234656,-5.15946961359882,,7,10,8,21,6,15,0.411764705882353,0.444444444444444,0.285714285714286
Gzmb,chr14,-,56262333,-8.81106522107169,,73,12,40,6,93,13,0.858823529411765,0.769230769230769,0.877358490566038
Rnf17,chr14,+,56402696,1.79953329264,,191,27,233,18,204,24,0.876146788990826,0.896153846153846,0.894736842105263
Parp4,chr14,+,56575618,-0.371685915079455,0.936535362722,72,123,35,168,70,156,0.369230769230769,0.221518987341772,0.309734513274336
Mphosph8,chr14,+,56668247,-0.498675109192147,,53,295,44,234,40,262,0.152298850574713,0.129793510324484,0.132450331125828
Zmym5,chr14,-,56811715,-0.42945290187624,1.17457708934,2,162,1,160,0,140,0.0121951219512195,0.00613496932515337,0
Gjb2,chr14,-,57104701,8.176629523,-10.0216420061611,21,37,11,8,22,22,0.362068965517241,0.229166666666667,0.5
Cryl1,chr14,-,57398482,0.776982509958,-1.0687589193051,23,30,13,28,23,8,0.433962264150943,0.302325581395349,0.741935483870968
Lats2,chr14,-,57746122,,1.03094460689,3,162,0,139,0,79,0.0181818181818182,0,0
Sap18,chr14,+,57798188,0.315414920304,-0.623252131761851,4,150,2,287,0,222,0.025974025974026,0.0131578947368421,0
Ska3,chr14,-,57826162,,-1.58524501372521,24,153,24,127,37,132,0.135593220338983,0.135593220338983,0.218934911242604
Mrpl57,chr14,+,57826238,0.636139006065,,24,153,24,127,37,132,0.135593220338983,0.135593220338983,0.218934911242604
Phf11b,chr14,-,59341329,1.64481684699,,139,2,120,7,120,4,0.985815602836879,0.983606557377049,0.967741935483871
Phf11d,chr14,-,59365489,,4.2167362836,113,11,61,4,107,17,0.911290322580645,0.847222222222222,0.862903225806452
Shisa2,chr14,+,59625280,3.43700998567,,40,91,53,140,61,127,0.305343511450382,0.368055555555556,0.324468085106383
Atp8a2,chr14,-,60086913,2.72708645623,,30,7,29,19,27,12,0.810810810810811,0.805555555555556,0.692307692307692
Mtmr6,chr14,+,60265204,,0.780002651814,7,21,5,24,3,15,0.25,0.192307692307692,0.166666666666667
Spata13,chr14,+,60634704,0.491163880438,,28,138,29,157,15,145,0.168674698795181,0.173652694610778,0.09375
Mipep,chr14,+,60784565,,-0.858788180415268,0,124,0,134,0,109,0,0,0
Tnfrsf19,chr14,-,61046854,3.47289182592,-6.88189348164716,13,48,10,60,12,52,0.213114754098361,0.172413793103448,0.1875
Sacs,chr14,+,61138456,-0.609713078456043,,128,71,119,55,102,39,0.64321608040201,0.626315789473684,0.723404255319149
Arl11,chr14,+,61309752,-0.899896375197927,,39,2,17,0,45,0,0.951219512195122,0.894736842105263,1
Kpna3,chr14,-,61439946,-0.457530750132264,,0,38,0,64,0,36,0,0,0
Spryd7,chr14,-,61556885,-0.599528833992289,,22,37,43,45,37,37,0.372881355932203,0.5375,0.5
Dleu2,chr14,-,61682372,1.15907102929,,1,67,0,57,0,100,0.0147058823529412,0,0
Fam124a,chr14,+,62555736,3.23693017685,-5.40497047783038,59,172,66,138,75,175,0.255411255411255,0.277310924369748,0.3
Wdfy2,chr14,+,62837689,-0.833471887865207,,1,253,0,213,0,189,0.00393700787401575,0,0
Ctsb,chr14,+,63122461,-0.357276803810585,-1.14841356954159,30,15,26,18,30,12,0.666666666666667,0.634146341463415,0.714285714285714
Fdft1,chr14,-,63179577,-2.67471780877275,,111,25,39,21,76,19,0.816176470588235,0.609375,0.8
Neil2,chr14,-,63193524,,2.50666833388,161,39,166,19,154,13,0.805,0.809756097560976,0.922155688622755
Gata4,chr14,-,63245270,7.64182926034,-8.60632238514659,3,63,3,67,0,67,0.0454545454545455,0.0454545454545455,0
Mtmr9,chr14,-,63543952,,0.672067134202,38,118,12,164,40,112,0.243589743589744,0.0923076923076923,0.263157894736842
Sox7,chr14,+,63943705,5.22739323895,,59,377,80,241,71,280,0.135321100917431,0.175054704595186,0.202279202279202
Msra,chr14,-,64455902,,0.788108585951,183,39,178,24,199,24,0.824324324324324,0.820276497695853,0.89237668161435
Zfp395,chr14,+,65358675,0.599584180719,,0,69,0,55,0,54,0,0,0
Pbk,chr14,+,65805910,-0.398845004572612,,40,6,41,9,40,15,0.869565217391304,0.872340425531915,0.727272727272727
Esco2,chr14,-,65833968,-0.451938573576139,,59,34,32,31,41,31,0.634408602150538,0.484848484848485,0.569444444444445
Clu,chr14,+,65968482,,1.20052999116,33,30,41,35,14,30,0.523809523809524,0.577464788732394,0.318181818181818
Gulo,chr14,-,66009209,2.83136579943,,39,50,52,36,37,59,0.438202247191011,0.509803921568627,0.385416666666667
Adam2,chr14,-,66077768,4.91151481156,,354,38,397,53,336,30,0.903061224489796,0.91264367816092,0.918032786885246
Ephx2,chr14,-,66124521,2.79463616713,,13,177,7,138,8,156,0.068421052631579,0.0380434782608696,0.0487804878048781
Ptk2b,chr14,-,66281051,,0.578964403337,9,11,9,12,6,11,0.45,0.45,0.352941176470588
Trim35,chr14,+,66297024,,-0.600602491354422,31,74,33,82,54,75,0.295238095238095,0.308411214953271,0.418604651162791
1700001G11Rik,chr14,-,66297128,1.15405590363,,23,74,24,81,41,74,0.237113402061856,0.244897959183673,0.356521739130435
Cdca2,chr14,-,67715840,-0.440088872062193,-0.936357303408246,1,75,0,31,2,64,0.0131578947368421,0,0.0303030303030303
Kctd9,chr14,+,67716097,-0.639819680323073,,0,35,0,12,0,36,0,0,0
Dock5,chr14,-,67933571,-1.65083313031375,0.962606920934,3,117,1,132,0,115,0.025,0.00847457627118644,0
Stc1,chr14,+,69029288,5.19693562795,,2,20,1,27,3,23,0.0909090909090909,0.0476190476190476,0.115384615384615
Tnfrsf10b,chr14,+,69767471,-0.946066363876899,,13,120,3,100,1,130,0.0977443609022556,0.024390243902439,0.00763358778625954
Ccar2,chr14,-,70153790,0.368106586082,,20,92,8,118,12,98,0.178571428571429,0.08,0.109090909090909
Sorbs3,chr14,-,70207670,-0.911549944621274,,52,125,58,107,39,108,0.293785310734463,0.316939890710383,0.26530612244898
Ppp3cc,chr14,-,70289496,-1.01154662653972,,69,104,67,119,72,112,0.398843930635838,0.391812865497076,0.391304347826087
Slc39a14,chr14,-,70351423,-0.539182525305286,,77,89,86,68,66,45,0.463855421686747,0.491428571428572,0.594594594594595
Polr3d,chr14,-,70443470,0.453603026844,,48,45,42,32,41,34,0.516129032258065,0.482758620689655,0.546666666666667
Phyhip,chr14,+,70457516,6.97041092907,-3.24955098349643,16,32,8,25,10,33,0.333333333333333,0.2,0.232558139534884
Bmp1,chr14,-,70520671,,1.15550590331,12,6,10,10,20,8,0.666666666666667,0.625,0.714285714285714
Reep4,chr14,+,70545250,-0.438086836618839,,31,59,43,62,37,35,0.344444444444444,0.42156862745098,0.513888888888889
Nudt18,chr14,+,70577823,-0.608713647906653,,0,6,0,11,0,8,0,0,0
Dmtn,chr14,-,70636047,4.5913516391,-2.59460484019285,94,67,128,70,78,74,0.583850931677019,0.656410256410256,0.513157894736842
Dok2,chr14,+,70774380,0.612642132519,-1.10939707616998,13,86,18,85,14,62,0.131313131313131,0.173076923076923,0.184210526315789
Gfra2,chr14,+,70890106,5.39256346941,,0,49,2,128,3,145,0,0.0392156862745098,0.0202702702702703
Gm9199,chr14,+,73025602,-1.76924240111258,5.14250940743,383,10,368,14,291,11,0.974554707379135,0.973544973544973,0.963576158940397
Cysltr2,chr14,-,73049113,-1.98693017143308,3.65740062062,108,45,45,103,34,140,0.705882352941177,0.5,0.195402298850575
Lpar6,chr14,+,73237890,-1.03178455908281,1.34062139089,36,529,32,441,50,539,0.063716814159292,0.0570409982174688,0.0848896434634975
Rb1,chr14,-,73325821,-0.537124187080686,0.733863234137,0,14,0,27,0,10,0,0,0
Itm2b,chr14,-,73385288,-0.526243445168591,0.73506405944,37,47,47,34,39,51,0.440476190476191,0.5,0.433333333333333
Htr2a,chr14,+,74640873,,1.62184363089,0,9,0,14,0,7,0,0,0
Esd,chr14,+,74732296,-0.629894144133424,,49,50,47,80,57,87,0.494949494949495,0.484536082474227,0.395833333333333
Lcp1,chr14,+,75131122,-1.19017831557676,,18,101,21,69,21,83,0.151260504201681,0.172131147540984,0.201923076923077
Gm4285,chr14,-,75844963,1.0737798101,,7,68,1,93,4,39,0.0933333333333333,0.0144927536231884,0.0930232558139535
Snora31,chr14,+,75847922,,3.49173283961,144,31,153,33,122,48,0.822857142857143,0.831521739130435,0.717647058823529
Tsc22d1,chr14,+,76414960,-0.454300429734608,1.23819947583,2,7,1,9,2,5,0.222222222222222,0.125,0.285714285714286
Lacc1,chr14,-,77036616,-0.928545384342649,,20,33,16,37,14,48,0.377358490566038,0.326530612244898,0.225806451612903
Epsti1,chr14,+,77904238,,0.949803753332,152,51,59,43,112,59,0.748768472906404,0.536363636363636,0.654970760233918
Dgkh,chr14,-,78732728,-1.40973054688188,,2,23,3,17,0,0,0.08,0.115384615384615,
Vwa8,chr14,+,78849177,-0.661935406435366,0.832194300891,30,13,8,11,17,13,0.697674418604651,0.380952380952381,0.566666666666667
Elf1,chr14,+,79481193,,0.922894685062,13,124,4,100,11,114,0.0948905109489051,0.03125,0.088
Olfm4,chr14,+,80000301,3.53401708255,-9.51911766518299,59,1,41,5,44,3,0.983333333333333,0.976190476190476,0.936170212765957
Pcdh17,chr14,+,84443562,7.50529716547,,2,54,1,56,1,26,0.0357142857142857,0.0181818181818182,0.037037037037037
Gm5088,chr14,+,89896223,,-1.04990823355824,34,6,42,10,22,6,0.85,0.875,0.785714285714286
Mzt1,chr14,-,99046135,,0.678566219469,2,298,3,311,2,227,0.00666666666666667,0.00996677740863787,0.00873362445414847
Klf12,chr14,-,100149795,,1.3003590479,118,6,91,6,127,1,0.951612903225806,0.938144329896907,0.9921875
Lmo7,chr14,+,101729927,,8.50750307225,12,136,19,72,28,145,0.0810810810810811,0.12258064516129,0.161849710982659
Fbxl3,chr14,-,103099565,,0.98045569856,149,257,171,258,147,255,0.366995073891626,0.399532710280374,0.365671641791045
Mycbp2,chr14,-,103346799,,0.84932939908,26,15,18,13,18,8,0.634146341463415,0.545454545454545,0.692307692307692
Slain1,chr14,+,103650227,-0.941989554311509,1.30846833998,27,10,10,16,7,20,0.72972972972973,0.5,0.259259259259259
Slain1os,chr14,-,103699431,-1.25439396401804,1.28875436673,125,5,132,3,168,2,0.961538461538461,0.963503649635036,0.988235294117647
Ednrb,chr14,-,103844475,6.88860621682,-8.60187389345808,165,152,129,119,202,95,0.520504731861199,0.459074733096086,0.68013468013468
Abcc4,chr14,-,118706218,-1.13522207125635,,27,68,43,156,23,119,0.284210526315789,0.387387387387387,0.161971830985916
Dnajc3,chr14,+,118937931,,0.805967682138,6,17,9,39,6,36,0.260869565217391,0.346153846153846,0.142857142857143
Mbnl2,chr14,+,120275668,,1.34257618497,29,77,27,107,28,108,0.273584905660377,0.259615384615385,0.205882352941176
Ipo5,chr14,+,120911193,,-0.607264954233194,0,13,0,10,0,0,0,0,
Farp1,chr14,+,121035573,3.13535747767,-2.05173038926186,5,67,4,77,1,89,0.0694444444444445,0.0563380281690141,0.0111111111111111
Dock9,chr14,-,121797733,0.737806191847,,10,223,12,184,11,196,0.0429184549356223,0.051063829787234,0.0531400966183575
Ubac2,chr14,+,121878605,0.597584739488,,41,207,35,136,37,150,0.165322580645161,0.144628099173554,0.197860962566845
Clybl,chr14,+,122181693,,-0.941893107300694,145,24,110,12,133,33,0.857988165680473,0.82089552238806,0.801204819277108
Pcca,chr14,+,122484364,-0.973166359382118,,1,30,2,39,0,16,0.032258064516129,0.0625,0
Tmtc4,chr14,-,122983282,0.489050352255,,0,12,0,0,0,11,0,0,0
Ghr,chr15,-,3583351,,1.42238660217,41,56,35,61,53,35,0.422680412371134,0.384615384615385,0.602272727272727
AW549877,chr15,-,3995745,,0.871182990514,19,85,27,105,27,78,0.182692307692308,0.241071428571429,0.257142857142857
Oxct1,chr15,+,4026427,-1.01778874413155,,84,33,134,66,114,49,0.717948717948718,0.802395209580838,0.699386503067485
C6,chr15,+,4727209,,-7.27815538390102,110,6,140,13,156,8,0.948275862068965,0.958904109589041,0.951219512195122
Card6,chr15,-,5108532,1.64261348583,,6,48,2,43,3,44,0.111111111111111,0.04,0.0638297872340426
Ptger4,chr15,-,5244186,-1.83569360632829,,50,75,32,42,25,55,0.4,0.299065420560748,0.3125
Fyb,chr15,+,6579846,,1.00226032895,213,158,177,228,136,282,0.574123989218329,0.528358208955224,0.325358851674641
Rictor,chr15,+,6708380,,0.96337767007,3,253,0,243,1,246,0.01171875,0,0.00404858299595142
Lifr,chr15,+,7129571,2.14633329428,,4,167,8,123,10,100,0.0233918128654971,0.0457142857142857,0.0909090909090909
Nup155,chr15,+,8109312,,-0.631810291213797,33,93,21,74,55,109,0.261904761904762,0.184210526315789,0.335365853658537
Ranbp3l,chr15,+,8967948,1.99696886496,3.81144376805,413,34,440,39,415,27,0.923937360178971,0.928270042194093,0.938914027149321
Nadk2,chr15,+,9071259,0.836388951448,,4,63,1,45,1,65,0.0597014925373134,0.015625,0.0151515151515152
Lmbrd2,chr15,+,9140569,,1.10787858035,6,187,11,144,8,139,0.0310880829015544,0.0555555555555556,0.054421768707483
Skp2,chr15,-,9155424,0.346220610911,-1.33135506706894,48,2,39,0,49,0,0.96,0.951219512195122,1
Il7r,chr15,-,9529875,4.18423160179,-7.09177968991713,64,21,43,11,58,7,0.752941176470588,0.671875,0.892307692307692
Gm10389,chr15,+,10600292,-0.911446323260163,,126,22,103,21,151,16,0.851351351351351,0.824,0.904191616766467
Rai14,chr15,-,10714630,-1.07046326869323,,6,124,18,161,6,181,0.0461538461538462,0.126760563380282,0.0320855614973262
4930556M19Rik,chr15,+,10714835,,1.67302876041,34,128,71,118,49,124,0.209876543209877,0.35678391959799,0.283236994219653
Tars,chr15,-,11399657,,-0.710839950263947,15,97,14,87,26,153,0.133928571428571,0.126126126126126,0.145251396648045
Mtmr12,chr15,+,12205027,-0.367424359011728,,22,194,6,121,13,178,0.101851851851852,0.03,0.0680628272251309
Pdzd2,chr15,-,12739891,2.17794780795,1.55463815197,2,80,5,58,5,62,0.024390243902439,0.0588235294117647,0.0746268656716418
6030458C11Rik,chr15,-,12824656,0.285613390091,,21,230,52,183,50,262,0.0836653386454183,0.184397163120567,0.16025641025641
Drosha,chr15,+,12824814,0.376389604732,-0.762156630243358,21,230,52,183,50,262,0.0836653386454183,0.184397163120567,0.16025641025641
4921515E04Rik,chr15,-,18369626,5.0773366389,,25,1,42,0,36,4,0.961538461538461,0.976744186046512,0.9
Ank,chr15,+,27466676,-0.925115235780301,0.988516468217,11,65,16,91,11,102,0.144736842105263,0.197530864197531,0.0973451327433628
Dnah5,chr15,+,28203765,3.24323301392,,242,17,249,23,233,22,0.934362934362934,0.93609022556391,0.913725490196078
Ctnnd2,chr15,+,30172533,3.94351609724,,15,56,14,58,3,35,0.211267605633803,0.2,0.0789473684210526
Dap,chr15,+,31224384,-1.08017059473697,,56,189,43,228,20,218,0.228571428571429,0.185344827586207,0.0840336134453782
Ankrd33b,chr15,-,31367758,-2.01249642868063,2.42645319774,21,28,33,2,63,4,0.428571428571429,0.540983606557377,0.940298507462687
Cct5,chr15,-,31601845,,-0.618548897672315,0,98,7,165,4,117,0,0.0666666666666667,0.0330578512396694
Snhg18,chr15,-,32244661,,3.06225491699,23,78,47,37,38,67,0.227722772277228,0.376,0.361904761904762
Sdc2,chr15,+,32920722,-3.52638787546561,2.99443524466,27,33,13,36,22,28,0.45,0.282608695652174,0.44
Cpq,chr15,+,33083128,1.79501916209,,5,7,1,9,0,5,0.416666666666667,0.125,0
4930592A05Rik,chr15,-,33653435,2.04181814821,,26,1,35,2,32,1,0.962962962962963,0.972222222222222,0.96969696969697
Laptm4b,chr15,+,34238025,,-1.06374231641746,45,135,35,113,39,106,0.25,0.205882352941176,0.268965517241379
Matn2,chr15,+,34306680,-2.66251051825961,,78,30,69,17,57,20,0.722222222222222,0.696969696969697,0.74025974025974
Pop1,chr15,+,34495310,,-1.03009331981523,99,89,102,123,107,107,0.526595744680851,0.534031413612565,0.5
Nipal2,chr15,-,34678705,4.96703132486,,22,81,28,74,20,27,0.213592233009709,0.256880733944954,0.425531914893617
Stk3,chr15,-,35155805,,0.999056297269,25,1,42,0,28,0,0.961538461538461,0.976744186046512,1
Cox6c,chr15,-,35938245,,-0.783533463368024,164,36,147,31,130,41,0.82,0.80327868852459,0.760233918128655
Polr2k,chr15,+,36174009,,-1.33785476227227,41,97,58,132,51,146,0.297101449275362,0.374193548387097,0.258883248730964
Snx31,chr15,-,36555572,,3.62643006487,93,30,92,21,68,18,0.75609756097561,0.754098360655738,0.790697674418605
Grhl2,chr15,+,37233035,4.37634570176,,4,90,5,72,8,106,0.0425531914893617,0.0526315789473684,0.0701754385964912
Rrm2b,chr15,-,37961054,,1.18734036842,90,61,94,77,105,50,0.596026490066225,0.606451612903226,0.67741935483871
Fzd6,chr15,+,39006279,,0.774447206563,26,29,12,14,23,46,0.472727272727273,0.292682926829268,0.333333333333333
Slc25a32,chr15,-,39112715,-0.392248235469727,,11,37,6,32,4,15,0.229166666666667,0.13953488372093,0.210526315789474
Dcstamp,chr15,+,39745929,3.73960699968,,111,7,101,2,61,1,0.940677966101695,0.935185185185185,0.983870967741936
Zfpm2,chr15,+,40655041,5.81250673222,,3,36,1,24,2,26,0.0769230769230769,0.027027027027027,0.0714285714285714
Oxr1,chr15,+,41447481,,0.856848923161,2,52,0,40,0,54,0.037037037037037,0,0
Angpt1,chr15,-,42676976,,2.20516313497,0,214,4,265,1,263,0,0.018348623853211,0.00378787878787879
Pkhd1l1,chr15,+,44457452,1.09016684758,,34,12,57,27,42,20,0.739130434782609,0.826086956521739,0.67741935483871
Csmd3,chr15,-,48791988,5.66475481216,,24,133,31,165,32,170,0.152866242038217,0.189024390243902,0.158415841584158
Ext1,chr15,-,53346182,1.11548483893,-0.862317892437803,0,94,2,84,2,102,0,0.0208333333333333,0.0192307692307692
Samd12,chr15,-,53902435,-1.7064083867965,4.55246269052,1,12,3,10,1,3,0.0769230769230769,0.2,0.25
Deptor,chr15,+,55112316,,0.980887005512,13,81,19,52,14,68,0.138297872340426,0.19,0.170731707317073
Col14a1,chr15,+,55307750,2.64153435986,,0,47,2,45,2,39,0,0.0408163265306122,0.0487804878048781
Mrpl13,chr15,-,55557311,,-0.575156144461093,14,214,5,180,12,167,0.0614035087719298,0.0228310502283105,0.0670391061452514
Derl1,chr15,-,57892417,-0.321353010721387,,53,281,37,250,40,318,0.158682634730539,0.116352201257862,0.111731843575419
Tbc1d31,chr15,+,57912198,-0.779602368896953,,329,288,271,205,343,219,0.53322528363047,0.48479427549195,0.610320284697509
Zhx1,chr15,-,58076507,,0.606677220784,14,137,7,140,13,146,0.0927152317880795,0.0486111111111111,0.0817610062893082
Fbxo32,chr15,-,58214891,1.2994519975,1.32686481251,10,95,2,131,9,79,0.0952380952380952,0.0206185567010309,0.102272727272727
Sqle,chr15,+,59315091,-2.51575322537644,,21,215,25,211,26,150,0.0889830508474576,0.104166666666667,0.147727272727273
9930014A18Rik,chr15,+,60822964,-0.904605982204454,,78,179,101,146,18,172,0.303501945525292,0.360714285714286,0.0947368421052632
Myc,chr15,+,61985340,-0.641592950997969,,1,102,1,81,0,31,0.00970873786407767,0.00970873786407767,0
Pvt1,chr15,+,62037985,-1.74325117109256,-1.64530101964059,32,51,19,15,58,33,0.385542168674699,0.271428571428571,0.637362637362637
Efr3a,chr15,+,65787019,,0.700891415788,71,45,78,49,39,48,0.612068965517241,0.634146341463415,0.448275862068966
Tmem71,chr15,-,66561045,,1.34880365066,103,74,44,86,45,67,0.581920903954802,0.372881355932203,0.401785714285714
Phf20l1,chr15,+,66577571,-0.756738654275165,1.31483830082,89,114,81,120,94,139,0.438423645320197,0.415384615384615,0.40343347639485
Sla,chr15,-,66831828,0.8077441532,0.820605054205,9,1,4,0,17,0,0.9,0.8,1
Ndrg1,chr15,-,66969640,-3.31061803460441,4.19217273406,12,97,30,55,16,95,0.110091743119266,0.236220472440945,0.144144144144144
St3gal1,chr15,-,67176881,,1.02515003981,3,83,0,72,0,92,0.0348837209302326,0,0
Peg13,chr15,-,72810323,0.952313707388,,232,130,124,129,184,163,0.640883977900553,0.488188976377953,0.530259365994236
Trappc9,chr15,-,73061203,0.498418533781,,0,37,0,39,0,15,0,0,0
Ptk2,chr15,-,73423190,0.941070718461,-0.929514131425892,0,49,0,46,0,25,0,0,0
Dennd3,chr15,+,73512559,-0.655362882559992,,19,51,27,45,21,36,0.271428571428571,0.346153846153846,0.368421052631579
Slc45a4,chr15,-,73624743,-0.371316205613323,,79,1,59,0,91,0,0.9875,0.983333333333333,1
Arc,chr15,-,74672569,1.83175280501,-3.06188512989439,21,44,46,64,49,79,0.323076923076923,0.511111111111111,0.3828125
Them6,chr15,+,74721233,-1.21278011202647,,25,33,14,58,24,38,0.431034482758621,0.297872340425532,0.387096774193548
Lynx1,chr15,-,74752978,,4.24098778437,84,24,47,18,67,23,0.777777777777778,0.661971830985916,0.744444444444445
Ly6e,chr15,+,74955024,-1.39880702395979,0.622834600445,7,115,3,116,1,98,0.0573770491803279,0.0254237288135593,0.0101010101010101
Ly6a,chr15,-,74998030,-2.36971686393145,2.41975639084,20,24,5,18,16,40,0.454545454545455,0.172413793103448,0.285714285714286
9030619P08Rik,chr15,-,75431828,-1.72205378721147,1.75076706843,13,0,9,1,13,4,1,1,0.764705882352941
Gpihbp1,chr15,+,75596629,5.39453454973,,26,0,20,0,24,0,1,1,1
Rhpn1,chr15,+,75704287,2.13747883742,,16,52,23,99,14,92,0.235294117647059,0.306666666666667,0.132075471698113
Gsdmd,chr15,+,75862338,-0.395760030144256,0.77176970874,11,10,4,9,2,8,0.523809523809524,0.285714285714286,0.2
Eef1d,chr15,-,75909555,,-0.63036815654736,7,241,8,213,2,237,0.0282258064516129,0.0321285140562249,0.00836820083682008
Pycrl,chr15,-,75921559,,-0.641802683164284,36,146,17,133,24,109,0.197802197802198,0.104294478527607,0.180451127819549
Scrib,chr15,-,76069783,,-0.686937592731207,120,20,93,18,126,29,0.857142857142857,0.823008849557522,0.812903225806452
Nrbp2,chr15,-,76091689,,2.45928264541,24,4,14,4,16,4,0.857142857142857,0.777777777777778,0.8
Grina,chr15,+,76246806,-0.664787446455414,,12,23,14,15,12,20,0.342857142857143,0.378378378378378,0.375
Oplah,chr15,-,76307288,0.844766623189,,173,80,222,39,156,57,0.683794466403162,0.735099337748344,0.732394366197183
Cyc1,chr15,+,76343522,,-1.0879697635585,8,18,11,14,12,16,0.307692307692308,0.379310344827586,0.428571428571429
Mroh1,chr15,+,76380512,-0.891742678209206,,0,26,0,21,0,25,0,0,0
Bop1,chr15,-,76477248,,-0.969313344971915,57,75,69,86,55,49,0.431818181818182,0.479166666666667,0.528846153846154
Slc39a4,chr15,-,76616869,-2.51988432875207,2.97083230326,50,6,14,21,49,14,0.892857142857143,0.7,0.777777777777778
Foxh1,chr15,-,76669947,5.4104986407,-8.07637919125068,14,12,14,6,7,0,0.538461538461538,0.538461538461538,1
Recql4,chr15,-,76710558,,-1.33731917625472,111,111,111,98,123,106,0.5,0.5,0.537117903930131
Arhgap39,chr15,-,76818165,0.771664331521,,108,40,71,80,119,34,0.72972972972973,0.63963963963964,0.777777777777778
Zfp7,chr15,+,76879252,-0.766449178330016,,88,24,100,21,130,25,0.785714285714286,0.806451612903226,0.838709677419355
Apol10b,chr15,-,77596124,,6.96194696788,42,2,51,5,62,5,0.954545454545455,0.962264150943396,0.925373134328358
Apol7e,chr15,+,77698888,,6.57331437814,28,12,50,18,23,21,0.7,0.806451612903226,0.522727272727273
Apol8,chr15,-,77757009,5.23110689949,,56,58,61,79,68,67,0.491228070175439,0.512605042016807,0.503703703703704
Myh9,chr15,-,77842174,-0.646450045923753,,57,77,49,59,70,83,0.425373134328358,0.388888888888889,0.457516339869281
Txn2,chr15,-,77928993,,-0.971335827623487,40,46,38,64,25,23,0.465116279069768,0.452380952380952,0.520833333333333
Foxred2,chr15,-,77956721,-1.52220365055668,1.59840476516,48,179,49,131,68,183,0.211453744493392,0.214912280701754,0.270916334661355
Eif3d,chr15,-,77970823,,-0.748749732120969,0,161,3,194,12,180,0,0.0182926829268293,0.0625
Ncf4,chr15,+,78244810,-0.724749293385463,,5,7,0,11,8,15,0.416666666666667,0,0.347826086956522
Mir7676-1,chr15,+,78284787,-1.38941669233279,,72,7,54,5,66,6,0.911392405063291,0.885245901639344,0.916666666666667
Mir7676-2,chr15,+,78284787,-1.38941669233279,,72,7,54,5,66,6,0.911392405063291,0.885245901639344,0.916666666666667
Csf2rb2,chr15,-,78305720,-1.76639078857988,-0.86684505201181,43,44,42,23,29,38,0.494252873563218,0.488372093023256,0.432835820895522
Csf2rb,chr15,+,78325799,-1.65999341297091,-1.81460506798854,0,33,2,42,5,22,0,0.0571428571428571,0.185185185185185
Mir7676-1,chr15,-,78348659,-1.38941669233279,,69,2,44,2,49,2,0.971830985915493,0.956521739130435,0.96078431372549
Mir7676-2,chr15,-,78348659,-1.38941669233279,,69,2,44,2,49,2,0.971830985915493,0.956521739130435,0.96078431372549
Tex33,chr15,-,78395911,5.46335972111,,77,0,44,0,59,0,1,1,1
Tst,chr15,-,78405864,0.75628145804,,100,151,86,110,98,130,0.398406374501992,0.362869198312236,0.429824561403509
Mpst,chr15,+,78406711,0.393762913155,,0,62,1,6,0,87,0,0.0158730158730159,0
Kctd17,chr15,+,78428563,-0.817599129927383,1.19730487451,65,59,46,37,40,17,0.524193548387097,0.438095238095238,0.701754385964912
C1qtnf6,chr15,-,78529650,-1.28791962093133,,59,18,44,15,43,39,0.766233766233766,0.709677419354839,0.524390243902439
Rac2,chr15,-,78572782,0.299895407032,-0.52555672453016,21,38,19,54,29,56,0.355932203389831,0.333333333333333,0.341176470588235
Cyth4,chr15,+,78597046,1.22940523292,-0.75738759369049,16,59,7,83,6,80,0.213333333333333,0.106060606060606,0.0697674418604651
Card10,chr15,-,78803041,1.11814923108,,2,12,12,21,9,23,0.142857142857143,0.5,0.28125
Cdc42ep1,chr15,+,78842646,6.08323014563,-8.08395846826358,4,58,12,73,11,73,0.0645161290322581,0.171428571428571,0.130952380952381
Pdxp,chr15,+,78913918,0.618232676945,-0.814804756738107,12,208,4,298,15,250,0.0545454545454545,0.0188679245283019,0.0566037735849057
Lgals1,chr15,+,78926724,,-4.53800291899929,14,56,15,53,10,28,0.2,0.211267605633803,0.263157894736842
Nol12,chr15,+,78934932,,-0.722194697606937,67,293,59,347,48,277,0.186111111111111,0.167613636363636,0.147692307692308
Gcat,chr15,+,79030873,-0.727264298708545,-1.54602142923647,4,141,1,181,2,186,0.0275862068965517,0.00704225352112676,0.0106382978723404
Galr3,chr15,+,79041884,-1.14300244900354,,62,29,24,20,49,30,0.681318681318681,0.452830188679245,0.620253164556962
Eif3l,chr15,+,79075222,,-0.784769369732882,72,78,75,90,101,96,0.48,0.490196078431373,0.512690355329949
Micall1,chr15,+,79108982,-0.800078645514413,,2,106,9,68,3,76,0.0185185185185185,0.0782608695652174,0.0379746835443038
1700088E04Rik,chr15,-,79141250,-0.818810684749358,,8,21,21,13,21,18,0.275862068965517,0.5,0.538461538461538
Polr2f,chr15,+,79141324,,-1.02024027223025,8,21,21,13,21,18,0.275862068965517,0.5,0.538461538461538
Tmem184b,chr15,-,79403302,,-0.754853576419925,30,78,23,138,36,110,0.277777777777778,0.227722772277228,0.246575342465753
Tomm22,chr15,+,79670867,,-0.896925207683071,64,59,92,88,61,41,0.520325203252033,0.609271523178808,0.598039215686275
Sun2,chr15,-,79742535,-0.553404495240776,0.629233153213,3,143,1,103,4,70,0.0205479452054795,0.00694444444444444,0.0540540540540541
Gm16576,chr15,+,79742697,,1.02983909709,3,132,1,91,4,57,0.0222222222222222,0.0075187969924812,0.0655737704918033
Nptxr,chr15,-,79804708,1.70800808967,,47,164,43,51,30,182,0.222748815165877,0.207729468599034,0.141509433962264
Cbx6,chr15,-,79834332,,0.542200948687,9,95,4,105,1,123,0.0865384615384615,0.0404040404040404,0.00806451612903226
Cbx7,chr15,-,79932645,0.665613560318,1.33649011298,47,123,45,123,21,102,0.276470588235294,0.267857142857143,0.170731707317073
Pdgfb,chr15,-,80014976,3.36902632933,,56,50,30,31,46,62,0.528301886792453,0.375,0.425925925925926
Atf4,chr15,+,80255183,-0.532659020375771,,10,133,8,32,9,80,0.0699300699300699,0.0567375886524823,0.101123595505618
Grap2,chr15,+,80572596,3.48780418599,,173,43,217,48,295,43,0.800925925925926,0.834615384615385,0.872781065088758
Adsl,chr15,+,80948489,,-0.852201898646584,142,172,122,148,179,121,0.452229299363057,0.414965986394558,0.596666666666667
Sgsm3,chr15,+,80977764,,-1.10042144971829,141,69,85,85,126,65,0.671428571428571,0.551948051948052,0.659685863874346
St13,chr15,-,81399693,,-0.68328305681214,7,380,8,272,3,287,0.0180878552971576,0.0206185567010309,0.0103448275862069
L3mbtl2,chr15,+,81663888,,-0.825445459984256,63,252,62,306,39,160,0.2,0.197452229299363,0.195979899497487
Rangap1,chr15,-,81729918,,-1.14185082157807,43,215,69,230,50,230,0.166666666666667,0.242957746478873,0.178571428571429
Zc3h7b,chr15,+,81745097,0.37015439902,,25,103,20,102,16,67,0.1953125,0.16260162601626,0.192771084337349
Phf5a,chr15,-,81871891,,-1.24926023811373,54,19,30,13,33,23,0.73972602739726,0.612244897959184,0.589285714285714
Aco2,chr15,+,81872462,-0.472380564744563,-0.574005074569406,6,44,12,34,5,75,0.12,0.214285714285714,0.0625
Polr3h,chr15,-,81926212,-0.333590078646468,,103,181,120,140,112,98,0.362676056338028,0.398671096345515,0.533333333333333
Pmm1,chr15,-,81960929,-0.860218296000624,,10,162,13,165,11,216,0.0581395348837209,0.0742857142857143,0.0484581497797357
Desi1,chr15,-,82016219,-0.423044183215205,,1,44,4,66,1,59,0.0222222222222222,0.0833333333333333,0.0166666666666667
Srebf2,chr15,+,82147268,-0.452962949685807,,10,22,8,32,6,35,0.3125,0.266666666666667,0.146341463414634
Tnfrsf13c,chr15,-,82224379,1.6161436053,,2,43,1,33,2,31,0.0444444444444444,0.0227272727272727,0.0606060606060606
Cenpm,chr15,-,82244746,,-0.809562228852357,15,47,15,84,39,80,0.241935483870968,0.241935483870968,0.327731092436975
Wbp2nl,chr15,+,82298983,3.16188030651,,125,13,149,13,120,16,0.905797101449275,0.919753086419753,0.882352941176471
Cyp2d22,chr15,-,82380259,,3.01815885965,106,43,49,19,86,47,0.711409395973154,0.532608695652174,0.646616541353383
Nfam1,chr15,-,83033396,0.726508583055,-0.896556237716574,9,62,11,65,13,58,0.126760563380282,0.150684931506849,0.183098591549296
Poldip3,chr15,-,83149377,,-0.557070954056828,18,132,24,114,9,137,0.12,0.153846153846154,0.0616438356164384
Cyb5r3,chr15,-,83172182,,-0.747900818158523,23,81,19,104,8,146,0.221153846153846,0.19,0.051948051948052
Ttll12,chr15,-,83595156,0.409586878684,-1.79687204352744,52,102,62,108,64,78,0.337662337662338,0.378048780487805,0.450704225352113
Scube1,chr15,-,83725038,3.97971052607,,8,118,20,118,21,102,0.0634920634920635,0.144927536231884,0.170731707317073
Samm50,chr15,+,84192239,,-0.934672134080126,116,77,143,101,137,77,0.601036269430052,0.65,0.640186915887851
Parvg,chr15,+,84324719,-0.599604621553146,,71,11,12,2,50,6,0.865853658536585,0.521739130434783,0.892857142857143
Prr5,chr15,+,84663205,1.59066871845,-1.64658190557545,56,23,68,26,85,18,0.708860759493671,0.747252747252747,0.825242718446602
Arhgap8,chr15,+,84720051,3.94479649413,,0,6,0,4,1,9,0,0,0.1
Nup50,chr15,+,84923427,,-0.612910494959025,6,122,3,85,1,77,0.046875,0.024,0.0128205128205128
Fbln1,chr15,+,85205948,2.63194190862,-3.32971565275251,220,24,179,14,236,20,0.901639344262295,0.881773399014778,0.921875
Gtse1,chr15,+,85859706,-0.530040957643143,-1.59546345321857,30,79,30,97,28,51,0.275229357798165,0.275229357798165,0.354430379746835
Celsr1,chr15,-,86033776,-0.804402701123896,0.952469034196,12,363,32,205,70,176,0.032,0.0810126582278481,0.284552845528455
Panx2,chr15,+,89059725,,4.34370126518,7,10,10,17,3,1,0.411764705882353,0.5,0.75
Trabd,chr15,+,89076063,-0.490985892158191,,11,31,6,40,4,38,0.261904761904762,0.162162162162162,0.0952380952380952
Mapk12,chr15,-,89140702,-1.16257267507075,2.18426233039,6,152,2,175,10,91,0.0379746835443038,0.012987012987013,0.099009900990099
Plxnb2,chr15,-,89180787,-1.37307412818648,,29,45,18,28,25,29,0.391891891891892,0.285714285714286,0.462962962962963
Dennd6b,chr15,-,89196473,,1.45272260173,100,219,63,137,61,147,0.313479623824451,0.223404255319149,0.293269230769231
Ppp6r2,chr15,+,89211558,0.487236029264,,35,126,49,99,38,86,0.217391304347826,0.28,0.306451612903226
Odf3b,chr15,-,89379253,,1.32918374704,53,125,50,144,62,147,0.297752808988764,0.285714285714286,0.296650717703349
Acr,chr15,+,89568325,1.77849498541,,94,8,62,8,104,5,0.92156862745098,0.885714285714286,0.954128440366972
Cpne8,chr15,-,90679387,-2.79705724040742,2.90265371857,5,82,1,166,1,165,0.0574712643678161,0.0120481927710843,0.00602409638554217
Abcd2,chr15,-,91192006,1.55668957734,,9,195,2,163,8,214,0.0441176470588235,0.0101522842639594,0.036036036036036
Lrrk2,chr15,+,91673223,,2.05943300735,19,15,33,18,22,25,0.558823529411765,0.6875,0.468085106382979
Cntn1,chr15,+,92051164,5.21351690322,,20,14,24,15,12,7,0.588235294117647,0.631578947368421,0.631578947368421
Yaf2,chr15,-,93336934,-0.468334472353296,,0,96,0,86,0,77,0,0,0
Slc38a4,chr15,-,97055955,8.08024883699,,153,56,160,48,145,45,0.732057416267943,0.740740740740741,0.763157894736842
Amigo2,chr15,-,97247286,2.63849394549,,13,163,5,211,2,165,0.0738636363636364,0.0297619047619048,0.0119760479041916
Endou,chr15,-,97731404,-3.49759626375584,7.18725017667,89,12,64,4,64,3,0.881188118811881,0.842105263157895,0.955223880597015
Rapgef3,chr15,-,97767665,-1.11815802934578,,1,25,14,29,4,35,0.0384615384615385,0.358974358974359,0.102564102564103
Slc48a1,chr15,+,97784364,-1.4153448049402,,109,140,70,110,70,86,0.437751004016064,0.333333333333333,0.448717948717949
Hdac7,chr15,-,97844501,0.565203132191,,101,2,106,4,117,14,0.980582524271845,0.981481481481481,0.893129770992367
Vdr,chr15,-,97908295,,1.27738203789,19,427,3,200,1,234,0.0426008968609865,0.00697674418604651,0.00425531914893617
Pfkm,chr15,+,98092588,-0.352795208881682,,26,32,25,44,27,43,0.448275862068966,0.43859649122807,0.385714285714286
Asb8,chr15,-,98165577,-0.429756082988839,,86,11,78,13,97,13,0.88659793814433,0.876404494382023,0.881818181818182
Adcy6,chr15,-,98607632,0.949152732356,0.901903633519,109,10,122,7,81,18,0.915966386554622,0.924242424242424,0.818181818181818
Fkbp11,chr15,-,98728197,-1.48421961820387,,10,16,11,39,35,31,0.384615384615385,0.407407407407407,0.53030303030303
Arf3,chr15,-,98763117,-0.305025215021421,,8,51,16,38,8,51,0.135593220338983,0.238805970149254,0.135593220338983
Prkag1,chr15,-,98831507,,-0.747126853322482,0,45,0,34,0,44,0,0,0
Lmbr1l,chr15,-,98918097,0.563799123336,,34,214,33,245,40,198,0.137096774193548,0.133603238866397,0.168067226890756
Tuba1b,chr15,-,98934389,,-1.14918391109543,19,298,11,300,28,141,0.0599369085173502,0.0355987055016181,0.165680473372781
Tuba1a,chr15,-,98953500,-1.41453202635904,,40,131,24,112,46,20,0.233918128654971,0.154838709677419,0.696969696969697
Tuba1c,chr15,+,99029890,-0.503000299374535,-0.929397889577072,0,111,1,168,1,145,0,0.00892857142857143,0.00684931506849315
Troap,chr15,+,99074972,,-0.907982222213976,5,167,2,163,10,84,0.0290697674418605,0.0118343195266272,0.106382978723404
Spats2,chr15,+,99126844,1.33795181359,-2.93178265388532,38,98,40,101,44,99,0.279411764705882,0.289855072463768,0.307692307692308
Kcnh3,chr15,+,99224591,5.02644540241,,8,84,4,50,7,75,0.0869565217391304,0.0454545454545455,0.0853658536585366
Fmnl3,chr15,-,99370481,-0.579790606029115,0.663779049297,89,40,51,45,54,36,0.689922480620155,0.56043956043956,0.6
Tmbim6,chr15,+,99392946,-0.408098738653881,,32,104,49,86,56,98,0.235294117647059,0.320261437908497,0.363636363636364
Nckap5l,chr15,-,99457747,0.624180229513,,3,23,3,23,3,27,0.115384615384615,0.115384615384615,0.1
Racgap1,chr15,-,99651655,,-0.853639060345596,78,219,68,201,101,156,0.262626262626263,0.236933797909408,0.392996108949416
Smarcd1,chr15,+,99702286,0.555917365078,-0.548935862874343,107,83,72,63,82,96,0.563157894736842,0.464516129032258,0.460674157303371
Lima1,chr15,-,99875455,-1.44040991251794,,45,64,54,59,23,80,0.412844036697248,0.457627118644068,0.223300970873786
Mettl7a1,chr15,+,100304816,,0.757541876657,36,95,23,113,5,110,0.274809160305344,0.194915254237288,0.0434782608695652
Slc11a2,chr15,-,100423054,,-1.516627188415,33,157,22,135,7,80,0.173684210526316,0.122905027932961,0.0804597701149425
Tfcp2,chr15,-,100552007,0.666376926395,,34,69,38,52,29,85,0.330097087378641,0.355140186915888,0.254385964912281
Pou6f1,chr15,-,100599983,3.00969606825,2.01560454932,0,88,3,90,0,32,0,0.032967032967033,0
Dazap2,chr15,+,100615661,-0.404390469783444,,2,70,0,55,1,60,0.0277777777777778,0,0.0163934426229508
Smagp,chr15,-,100636939,1.91884909138,-2.12639856298695,3,35,1,29,1,19,0.0789473684210526,0.0277777777777778,0.05
Bin2,chr15,-,100669502,,1.08346420087,82,69,46,80,31,67,0.543046357615894,0.4,0.316326530612245
Galnt6,chr15,-,100729375,-5.82859016231461,3.70227904119,176,47,214,28,184,26,0.789237668161435,0.81992337164751,0.876190476190476
I730030J21Rik,chr15,-,100732736,-3.77381799834856,5.48923476364,24,1,32,1,40,6,0.96,0.96969696969697,0.869565217391304
Acvr1b,chr15,+,101174071,0.657124315954,,10,19,3,13,5,25,0.344827586206897,0.136363636363636,0.166666666666667
Nr4a1,chr15,+,101266845,,1.31542327406,13,57,17,26,21,59,0.185714285714286,0.22972972972973,0.2625
Atg101,chr15,+,101284300,,-0.720551680970007,15,96,22,117,8,84,0.135135135135135,0.186440677966102,0.0869565217391304
Krt80,chr15,-,101370161,1.53449330985,,74,11,68,9,75,19,0.870588235294118,0.860759493670886,0.797872340425532
Krt7,chr15,+,101412402,2.52937133574,1.75992146955,597,66,433,13,491,18,0.900452488687783,0.867735470941884,0.964636542239686
Krt1,chr15,-,101850785,5.44899221625,,121,11,51,5,94,8,0.916666666666667,0.82258064516129,0.92156862745098
Krt8,chr15,-,102004341,2.71112615774,,6,9,58,5,51,11,0.4,0.865671641791045,0.82258064516129
Krt18,chr15,+,102028215,,1.57416157889,51,27,38,78,51,93,0.653846153846154,0.584615384615385,0.354166666666667
Csad,chr15,-,102205051,,0.866016091716,43,28,40,24,58,24,0.605633802816901,0.588235294117647,0.707317073170732
Itgb7,chr15,-,102231934,-0.543935155686621,,14,13,28,12,15,11,0.518518518518519,0.682926829268293,0.576923076923077
Rarg,chr15,-,102257521,-1.57584832215445,1.04773649746,7,19,25,12,14,19,0.269230769230769,0.568181818181818,0.424242424242424
Espl1,chr15,+,102296292,,-1.65431915137903,22,39,33,23,48,16,0.360655737704918,0.458333333333333,0.75
Myg1,chr15,+,102331708,,-0.76810297163981,99,90,73,149,72,129,0.523809523809524,0.447852760736196,0.358208955223881
Aaas,chr15,-,102350758,,-0.785373001661077,60,152,52,128,33,96,0.283018867924528,0.254901960784314,0.255813953488372
Prr13,chr15,+,102459169,-0.521077317349224,,25,63,5,82,6,94,0.284090909090909,0.0735294117647059,0.06
Tarbp2,chr15,+,102518191,0.570078552801,,1,169,1,161,1,189,0.00588235294117647,0.00588235294117647,0.00526315789473684
Calcoco1,chr15,-,102722177,,0.69546894641,27,153,2,108,19,153,0.15,0.0129032258064516,0.11046511627907
Nfe2,chr15,-,103258402,-0.470850976640857,0.682672328959,0,46,0,52,2,49,0,0,0.0392156862745098
Copz1,chr15,+,103272887,,-0.73216049202767,36,119,35,227,30,243,0.232258064516129,0.227272727272727,0.10989010989011
Nckap1l,chr15,+,103453824,-0.408855780290507,,35,142,31,123,32,127,0.19774011299435,0.179190751445087,0.20125786163522
Pde1b,chr15,+,103503033,,1.61444814185,27,9,54,11,46,29,0.75,0.857142857142857,0.613333333333333
Zfp263,chr16,+,3744098,,0.685238751623,12,63,12,42,25,62,0.16,0.16,0.28735632183908
Trap1,chr16,-,4077809,-0.33661072581857,,12,246,10,139,7,166,0.0465116279069768,0.0390625,0.0404624277456647
Adcy9,chr16,-,4420497,,1.83924453877,27,238,13,226,15,153,0.10188679245283,0.051792828685259,0.0892857142857143
Srl,chr16,-,4523065,,-0.753604366859961,56,3,41,1,47,2,0.949152542372881,0.931818181818182,0.959183673469388
Tfap4,chr16,-,4559719,0.698027246738,,0,86,0,123,0,192,0,0,0
Vasn,chr16,+,4639944,,1.61161654843,21,37,35,22,13,26,0.362068965517241,0.486111111111111,0.333333333333333
Coro7,chr16,-,4679719,-0.479916765684657,,14,0,13,0,15,0,1,1,1
Nmral1,chr16,-,4719355,0.458103339434,-1.00123435115006,24,68,33,47,31,39,0.260869565217391,0.326732673267327,0.442857142857143
Anks3,chr16,-,4964236,-0.352306241233928,0.808247948362,79,79,62,116,65,112,0.5,0.439716312056738,0.367231638418079
Atf7ip2,chr16,+,10192905,2.15699655934,-7.7783256362812,42,22,68,9,69,16,0.65625,0.755555555555556,0.811764705882353
Emp2,chr16,-,10313967,-4.35056312511235,,36,10,53,8,43,12,0.782608695652174,0.841269841269841,0.781818181818182
Ciita,chr16,+,10480071,,1.99479187451,89,10,65,3,105,3,0.898989898989899,0.866666666666667,0.972222222222222
Socs1,chr16,-,10785535,-1.11042927381026,,0,33,0,30,0,21,0,0,0
Litaf,chr16,-,10993120,-1.15320587058717,,52,159,92,239,85,68,0.246445497630332,0.366533864541833,0.555555555555556
Snn,chr16,+,11066297,-0.700848321384423,,4,87,3,62,5,61,0.043956043956044,0.0333333333333333,0.0757575757575758
Zc3h7a,chr16,-,11176392,,1.34762834663,1,215,0,65,0,200,0.00462962962962963,0,0
Snx29,chr16,+,11322903,0.695910335005,,49,39,43,43,51,28,0.556818181818182,0.524390243902439,0.645569620253165
Ntan1,chr16,+,13819250,-0.449744739820072,,9,31,4,58,10,14,0.225,0.114285714285714,0.416666666666667
Nde1,chr16,+,14163274,-0.285597266512647,,17,205,12,214,17,149,0.0765765765765766,0.0552995391705069,0.102409638554217
Abcc1,chr16,+,14361557,-1.06849485924695,0.690040121371,6,58,7,32,6,40,0.09375,0.107692307692308,0.130434782608696
Mcm4,chr16,-,15637399,,-0.597334950820971,16,145,14,159,18,111,0.0993788819875776,0.0880503144654088,0.13953488372093
Yars2,chr16,+,16302964,,-1.05386366233789,6,129,0,74,1,107,0.0444444444444444,0,0.00925925925925926
Dnm1l,chr16,-,16359030,-0.424757321648736,0.686896304335,1,76,1,177,0,100,0.012987012987013,0.012987012987013,0
Fgd4,chr16,-,16599977,0.87057093154,,29,36,25,56,43,59,0.446153846153846,0.409836065573771,0.42156862745098
Top3b,chr16,+,16870735,-0.516358145546626,,100,86,85,47,84,66,0.537634408602151,0.497076023391813,0.56
Ppm1f,chr16,+,16896468,-0.51769745873242,,9,72,7,89,10,69,0.111111111111111,0.0886075949367089,0.126582278481013
Ypel1,chr16,+,17070138,0.791638546349,,57,94,54,116,33,34,0.377483443708609,0.364864864864865,0.492537313432836
2610318N02Rik,chr16,-,17125201,,-1.06590504195394,33,91,26,64,34,101,0.266129032258065,0.222222222222222,0.251851851851852
Sdf2l1,chr16,-,17132382,,-0.870732179641304,31,29,9,23,38,19,0.516666666666667,0.236842105263158,0.666666666666667
Ydjc,chr16,+,17146948,-0.812763822739671,,10,0,13,1,9,0,1,1,1
Hic2,chr16,+,17233586,1.25945561617,-1.1935748779709,0,92,0,69,0,10,0,0,0
Serpind1,chr16,+,17331370,3.11876784344,,28,1,12,0,25,0,0.96551724137931,0.923076923076923,1
P2rx6,chr16,+,17561884,-2.36939456730885,3.328239942,120,140,133,154,144,167,0.461538461538462,0.487179487179487,0.463022508038585
Slc7a4,chr16,-,17576889,-2.3079637459916,1.69711430198,95,368,106,286,82,278,0.205183585313175,0.223628691983122,0.227777777777778
Smpd4,chr16,+,17619353,,-0.885105912285124,69,151,60,203,46,71,0.313636363636364,0.28436018957346,0.393162393162393
Car15,chr16,-,17838185,1.3602105718,,53,14,37,12,37,9,0.791044776119403,0.725490196078431,0.804347826086957
Slc25a1,chr16,-,17928218,-1.13258207701695,,0,44,0,21,0,40,0,0,0
Zdhhc8,chr16,-,18235152,-0.690388254995352,,1,24,3,33,1,19,0.04,0.111111111111111,0.05
Ranbp1,chr16,-,18248693,,-1.01754323344864,3,272,1,289,0,230,0.0109090909090909,0.00366300366300366,0
Tango2,chr16,-,18348097,0.592753072102,-0.9914879015897,25,30,44,29,33,21,0.454545454545455,0.594594594594595,0.611111111111111
Arvcf,chr16,+,18348181,1.416862652,-1.21443506886878,25,30,44,29,33,21,0.454545454545455,0.594594594594595,0.611111111111111
Gp1bb,chr16,-,18622402,,2.55997985203,18,78,1,128,26,33,0.1875,0.0126582278481013,0.440677966101695
Cldn5,chr16,+,18776846,8.42739154484,,0,101,7,101,1,119,0,0.0648148148148148,0.00833333333333333
Cdc45,chr16,-,18811971,,-1.19559571330911,4,99,1,97,1,96,0.0388349514563107,0.01,0.0103092783505155
2510002D24Rik,chr16,+,18836579,0.53105396994,,42,19,40,48,27,53,0.688524590163934,0.677966101694915,0.3375
Mrpl40,chr16,-,18876636,,-1.04961770214956,11,101,10,106,4,130,0.0982142857142857,0.0900900900900901,0.0298507462686567
Hira,chr16,+,18876749,,-0.578940150584526,1,99,1,104,0,130,0.01,0.01,0
B3gnt5,chr16,+,19760233,-3.43972885285539,3.04738934084,39,135,20,186,30,151,0.224137931034483,0.129032258064516,0.165745856353591
Klhl6,chr16,-,19983048,,1.05558392785,41,235,28,188,26,187,0.148550724637681,0.106463878326996,0.122065727699531
Klhl24,chr16,+,20097553,,1.08135756481,79,150,98,143,85,108,0.344978165938865,0.395161290322581,0.440414507772021
Parl,chr16,-,20302361,-0.397523337060934,,36,295,34,252,26,315,0.108761329305136,0.103343465045593,0.0762463343108504
Eif2b5,chr16,+,20498816,,-0.961040972705606,42,29,38,30,46,30,0.591549295774648,0.567164179104478,0.605263157894737
Alg3,chr16,-,20610760,,-1.03188571478123,2,176,2,140,3,154,0.0112359550561798,0.0112359550561798,0.0191082802547771
Psmd2,chr16,+,20651651,,-0.72603179061529,67,229,78,138,54,194,0.226351351351351,0.254071661237785,0.217741935483871
Eif4g1,chr16,+,20672726,,-0.653005900652705,6,137,9,164,9,145,0.041958041958042,0.0616438356164384,0.0584415584415584
Fam131a,chr16,+,20695056,,1.57354826262,154,142,133,127,86,84,0.52027027027027,0.483636363636364,0.505882352941176
Clcn2,chr16,-,20716635,1.30101053975,,0,71,1,54,1,63,0,0.0138888888888889,0.015625
Polr2h,chr16,+,20717825,,-0.723241673599719,0,120,1,100,1,87,0,0.00826446280991736,0.0113636363636364
Ehhadh,chr16,-,21787833,0.825760121652,,28,25,56,28,59,19,0.528301886792453,0.691358024691358,0.756410256410256
1300002E11Rik,chr16,+,21794346,0.842958298005,,27,222,4,205,26,281,0.108433734939759,0.0176991150442478,0.0846905537459283
Liph,chr16,-,21995541,4.79706089334,,216,121,155,139,198,170,0.640949554896142,0.561594202898551,0.53804347826087
Igf2bp2,chr16,-,22163298,5.82055494029,-2.76079144271961,22,205,21,141,12,172,0.0969162995594714,0.0929203539823009,0.0652173913043478
Etv5,chr16,-,22439569,-1.02362415478832,,4,64,3,86,0,76,0.0588235294117647,0.0447761194029851,0
Dgkg,chr16,-,22657230,-1.57211559300426,1.90282753686,167,83,166,54,133,34,0.668,0.666666666666667,0.796407185628743
Ahsg,chr16,+,22892014,5.0480443607,-8.26434346105733,85,2,88,3,77,2,0.977011494252874,0.977777777777778,0.974683544303798
Fetub,chr16,+,22918381,,6.16819190376,410,17,351,16,329,14,0.960187353629976,0.953804347826087,0.959183673469388
Kng1,chr16,+,23058299,5.72633495681,,43,2,47,1,27,2,0.955555555555556,0.959183673469388,0.931034482758621
Eif4a2,chr16,+,23107467,,1.0488524982,109,355,96,187,156,271,0.234913793103448,0.212860310421286,0.365339578454333
Snora81,chr16,+,23110769,,2.03186460674,168,46,156,45,175,62,0.785046728971963,0.772277227722772,0.738396624472574
Rfc4,chr16,-,23127729,,-1.00284080172674,82,29,43,47,79,40,0.738738738738739,0.597222222222222,0.663865546218487
Bcl6,chr16,-,23988851,-2.74901304847353,2.16018385333,0,7,0,9,0,6,0,0,0
Lpp,chr16,+,24393349,-0.571974235260356,1.08134481861,9,13,18,14,14,15,0.409090909090909,0.580645161290323,0.482758620689655
Il1rap,chr16,+,26581704,,1.29933109437,52,42,40,29,38,44,0.553191489361702,0.487804878048781,0.463414634146342
Gm20319,chr16,-,26755501,,1.73098322426,53,0,68,1,64,4,1,1,0.941176470588235
Gm1968,chr16,-,29979123,,7.61448616235,113,21,129,31,149,30,0.843283582089552,0.86,0.832402234636871
Hes1,chr16,+,30065356,3.2898925432,,2,292,3,305,2,273,0.00680272108843537,0.0101694915254237,0.00727272727272727
Gp5,chr16,-,30310780,,1.87269197068,70,76,62,67,52,78,0.479452054794521,0.449275362318841,0.4
Atp13a3,chr16,-,30388529,,-0.955176701542021,2,245,2,229,1,216,0.00809716599190283,0.00809716599190283,0.00460829493087558
Fam43a,chr16,+,30599722,,-0.842606345738288,19,1,10,2,8,2,0.95,0.909090909090909,0.8
Xxylt1,chr16,-,31081431,-0.358560223431135,,49,50,59,34,56,66,0.494949494949495,0.541284403669725,0.459016393442623
Ppp1r2,chr16,-,31275276,0.453447697474,,45,86,68,108,53,118,0.343511450381679,0.441558441558442,0.309941520467836
Bdh1,chr16,+,31422296,,-2.7281707273318,140,12,128,9,141,6,0.921052631578947,0.914285714285714,0.959183673469388
0610012G03Rik,chr16,-,31948504,,-0.842574673586128,36,176,21,155,37,247,0.169811320754717,0.106598984771574,0.130281690140845
Ncbp2,chr16,+,31948545,-0.415086833001042,,43,178,31,155,47,250,0.194570135746606,0.148325358851675,0.158249158249158
Nrros,chr16,-,32165593,-0.499950557933119,,30,9,40,14,36,4,0.769230769230769,0.816326530612245,0.9
Bex6,chr16,+,32179799,-1.35664486877963,,32,47,27,46,38,38,0.405063291139241,0.364864864864865,0.5
Ubxn7,chr16,+,32332251,,0.804398243559,95,137,85,119,78,108,0.40948275862069,0.382882882882883,0.419354838709677
Tctex1d2,chr16,+,32419701,-1.04322388426324,1.61346372728,36,98,29,69,38,86,0.26865671641791,0.228346456692913,0.306451612903226
Pcyt1a,chr16,+,32430920,-0.677049481976933,,33,206,19,273,25,325,0.138075313807531,0.0844444444444445,0.0714285714285714
Tfrc,chr16,+,32608895,-0.997889206544034,-1.78052394765738,65,192,80,157,96,132,0.252918287937743,0.294117647058824,0.421052631578947
Muc4,chr16,+,32735885,4.7305491472,,55,3,48,4,44,2,0.948275862068965,0.941176470588235,0.956521739130435
Snx4,chr16,+,33251455,-0.572325010840709,,60,318,26,289,34,328,0.158730158730159,0.0755813953488372,0.0939226519337017
Zfp148,chr16,+,33380774,,0.813109281029,42,213,29,189,34,240,0.164705882352941,0.119834710743802,0.124087591240876
Heg1,chr16,+,33684465,,0.636246520338,15,56,11,73,3,39,0.211267605633803,0.164179104477612,0.0714285714285714
Muc13,chr16,+,33794036,-2.7176149763824,2.79316859015,87,17,64,31,43,58,0.836538461538462,0.790123456790123,0.425742574257426
Itgb5,chr16,+,33829664,-3.17974197403798,-1.60644262754694,35,137,18,118,39,138,0.203488372093023,0.116129032258065,0.220338983050847
Umps,chr16,-,33967037,,-0.972650984683629,42,250,38,176,47,211,0.143835616438356,0.131944444444444,0.182170542635659
Kalrn,chr16,-,34514026,,1.28221930801,69,4,23,0,66,5,0.945205479452055,0.851851851851852,0.929577464788732
Mylk,chr16,+,34784949,-1.06366731061038,0.939970889912,64,6,50,3,72,1,0.914285714285714,0.892857142857143,0.986301369863014
E130310I04Rik,chr16,-,34958993,-1.00256223748633,,82,3,112,2,99,10,0.964705882352941,0.973913043478261,0.908256880733945
Pdia5,chr16,-,35490872,-0.634876900243463,,32,29,36,38,40,15,0.524590163934426,0.553846153846154,0.727272727272727
Parp14,chr16,-,35871381,,1.09193616749,0,6,0,36,0,40,0,0,0
Parp9,chr16,+,35938469,,0.856397796522,0,159,0,123,0,146,0,0,0
Dtx3l,chr16,-,35939026,,0.733889109825,0,200,0,172,0,204,0,0,0
Fam162a,chr16,-,36071560,,-0.965927979588032,13,344,17,295,13,295,0.0364145658263305,0.0470914127423823,0.0422077922077922
Stfa2l1,chr16,+,36156810,,-7.76462789800572,23,0,19,0,26,2,1,1,0.928571428571429
Stfa1,chr16,+,36277147,9.35735945731,-11.0544410353817,179,9,173,8,181,16,0.952127659574468,0.950549450549451,0.918781725888325
Stfa2,chr16,-,36408362,5.49346844241,,24,4,21,1,24,1,0.857142857142857,0.84,0.96
Stfa3,chr16,-,36455391,6.24064823923,-8.08824833651898,47,0,47,2,37,1,1,1,0.973684210526316
Cd86,chr16,-,36666076,3.51877594026,,21,24,12,19,41,14,0.466666666666667,0.333333333333333,0.745454545454546
Ildr1,chr16,+,36693977,4.40052902263,,45,23,58,35,68,34,0.661764705882353,0.716049382716049,0.666666666666667
Golgb1,chr16,+,36885010,,0.640605671903,179,3,135,0,202,2,0.983516483516483,0.978260869565217,0.990196078431373
Fstl1,chr16,+,37777054,3.08248767247,-0.716083677934804,23,12,25,16,25,6,0.657142857142857,0.675675675675676,0.806451612903226
Gpr156,chr16,+,37916495,5.02920501312,,77,115,73,139,74,120,0.401041666666667,0.388297872340426,0.381443298969072
Cox17,chr16,+,38346998,,-1.09206396316161,36,56,27,60,34,46,0.391304347826087,0.325301204819277,0.425
Popdc2,chr16,+,38362189,3.66895352769,,247,22,264,15,206,12,0.9182156133829,0.923076923076923,0.944954128440367
Adprh,chr16,-,38452688,0.416341159222,-0.815109986583825,35,56,29,100,27,56,0.384615384615385,0.341176470588235,0.325301204819277
Tmem39a,chr16,+,38558697,-0.484309578559656,,31,9,27,6,8,1,0.775,0.75,0.888888888888889
Gap43,chr16,-,42340650,7.17957483654,-5.6333539927597,7,102,0,15,9,70,0.0642201834862385,0,0.113924050632911
Zbtb20,chr16,+,42907644,,2.59480191017,27,7,15,8,9,22,0.794117647058824,0.681818181818182,0.290322580645161
Mir568,chr16,+,43640654,,6.16939363167,203,10,229,12,227,8,0.953051643192488,0.9581589958159,0.965957446808511
Atp6v1a,chr16,-,44139258,-0.479605965644504,,7,279,3,297,3,235,0.0244755244755245,0.0106382978723404,0.0126050420168067
Sidt1,chr16,-,44332837,2.88758932775,,1,17,0,34,2,32,0.0555555555555556,0,0.0588235294117647
Spice1,chr16,+,44347400,0.758405695704,,43,61,51,74,37,44,0.413461538461538,0.455357142857143,0.45679012345679
Cd200r3,chr16,+,44943677,,-7.59263051682229,114,31,126,22,123,25,0.786206896551724,0.802547770700637,0.831081081081081
Atg3,chr16,+,45158828,-0.314982273225675,,31,253,25,221,14,220,0.109154929577465,0.0899280575539568,0.0598290598290598
Btla,chr16,+,45224336,2.67931719704,,139,55,140,45,148,46,0.716494845360825,0.717948717948718,0.762886597938144
Cd200,chr16,-,45409052,1.64914921598,2.05417095429,19,49,13,55,11,68,0.279411764705882,0.209677419354839,0.139240506329114
Gcsam,chr16,+,45610439,1.95103073434,,20,2,10,2,24,0,0.909090909090909,0.833333333333333,1
BC016579,chr16,-,45654117,2.06641635259,,88,79,91,103,99,63,0.526946107784431,0.535294117647059,0.611111111111111
Tmprss7,chr16,-,45693657,1.59861722462,,121,42,148,45,146,28,0.742331288343558,0.778947368421053,0.839080459770115
Phldb2,chr16,-,45844750,-0.86984423691592,2.33090750279,57,71,67,97,55,63,0.4453125,0.485507246376812,0.466101694915254
Plcxd2,chr16,-,46010412,-2.12551852757773,,17,91,27,138,19,145,0.157407407407407,0.228813559322034,0.115853658536585
Cd96,chr16,-,46120247,-3.75680830223668,3.51306943862,60,59,34,54,43,47,0.504201680672269,0.365591397849462,0.477777777777778
Bbx,chr16,-,50432465,,0.987344008386,24,0,27,1,33,1,1,1,0.970588235294118
Cblb,chr16,+,52031548,0.793522081726,,33,70,24,86,8,51,0.320388349514563,0.25531914893617,0.135593220338983
Alcam,chr16,-,52453080,-3.55987140967053,4.46470210626,3,229,1,215,0,209,0.0129310344827586,0.00434782608695652,0
Nfkbiz,chr16,-,55838640,,1.63482484532,31,21,38,10,29,24,0.596153846153846,0.64406779661017,0.547169811320755
Impg2,chr16,+,56204312,,-6.96951874103688,182,7,126,4,140,4,0.962962962962963,0.947368421052632,0.972222222222222
Tbc1d23,chr16,-,57231465,-0.367629483241142,1.01829904986,37,79,28,67,31,74,0.318965517241379,0.261682242990654,0.295238095238095
Dcbld2,chr16,+,58408534,-1.19253472663901,,7,39,2,46,2,45,0.152173913043478,0.0487804878048781,0.0425531914893617
St3gal6,chr16,-,58524252,3.10285055656,,75,20,53,24,76,12,0.789473684210526,0.726027397260274,0.863636363636364
Cpox,chr16,+,58670207,1.9519199215,-2.64167837642512,61,45,49,29,13,28,0.575471698113208,0.521276595744681,0.317073170731707
Crybg3,chr16,-,59601046,-0.535115535013083,,125,41,129,45,51,8,0.753012048192771,0.758823529411765,0.864406779661017
Arl13b,chr16,-,62847039,,1.08893600026,63,72,92,88,66,72,0.466666666666667,0.560975609756098,0.478260869565217
Pros1,chr16,+,62854306,,0.976389460591,32,32,31,29,39,29,0.5,0.492063492063492,0.573529411764706
4930453N24Rik,chr16,-,64770938,-0.508621250934804,,30,199,27,205,43,151,0.131004366812227,0.119469026548673,0.221649484536082
Zfp654,chr16,-,64851722,,1.30371345122,0,19,0,14,0,14,0,0,0
Gbe1,chr16,+,70313948,,0.869084393153,59,73,109,82,109,62,0.446969696969697,0.598901098901099,0.637426900584795
Rbm11,chr16,+,75592890,,2.61191723651,150,104,142,136,138,150,0.590551181102362,0.577235772357724,0.479166666666667
Hspa13,chr16,-,75766817,-1.23072563185286,,60,333,49,244,56,281,0.152671755725191,0.128272251308901,0.166172106824926
Nrip1,chr16,-,76373826,0.917434394311,,131,125,77,157,97,106,0.51171875,0.381188118811881,0.477832512315271
D16Ertd472e,chr16,-,78576687,-0.758919340740091,1.24760325272,8,243,2,213,0,241,0.0318725099601594,0.00816326530612245,0
Ncam2,chr16,+,81200696,,3.55769644156,29,7,14,9,13,14,0.805555555555556,0.666666666666667,0.481481481481482
Jam2,chr16,+,84774122,1.75841043518,1.94607334644,1,64,0,27,3,59,0.0153846153846154,0,0.0483870967741936
App,chr16,-,85173706,-1.02145924537518,1.14654720772,3,5,11,9,13,13,0.375,0.6875,0.5
Cyyr1,chr16,-,85550372,1.3582265151,,128,55,116,46,94,76,0.699453551912568,0.678362573099415,0.552941176470588
B130034C11Rik,chr16,+,87496072,0.88615860993,,29,161,25,162,54,162,0.152631578947368,0.134408602150538,0.25
Bach1,chr16,+,87698953,0.377529278576,,3,120,1,136,0,207,0.024390243902439,0.00826446280991736,0
Sod1,chr16,+,90220761,,-0.603550804566485,0,34,0,22,1,26,0,0,0.037037037037037
Mrap,chr16,+,90738206,6.52226518339,,413,17,522,14,448,11,0.96046511627907,0.968460111317254,0.9760348583878
Urb1,chr16,-,90810412,,-0.586321113427525,58,33,70,18,78,29,0.637362637362637,0.679611650485437,0.728971962616822
Paxbp1,chr16,-,91044378,,1.09043506627,95,135,33,110,64,95,0.41304347826087,0.196428571428571,0.40251572327044
Ifngr2,chr16,+,91547058,,-1.05690203846172,2,58,1,59,5,45,0.0333333333333333,0.0169491525423729,0.1
Tmem50b,chr16,-,91597679,-1.21586658935,1.35530589767,14,91,3,19,14,83,0.133333333333333,0.0319148936170213,0.144329896907216
Gart,chr16,-,91646971,,-0.8710964503066,0,302,4,242,0,351,0,0.0130718954248366,0
Donson,chr16,-,91688727,0.466218777494,,42,266,55,208,57,175,0.136363636363636,0.171339563862928,0.245689655172414
Cryzl1,chr16,-,91728801,,0.80055267717,37,108,23,123,26,195,0.255172413793103,0.175572519083969,0.117647058823529
Itsn1,chr16,+,91729370,-1.47614070087544,1.72847916423,1,111,0,109,1,142,0.00892857142857143,0,0.00699300699300699
Atp5o,chr16,-,91931629,,-0.911224900000576,45,208,47,167,47,155,0.177865612648221,0.184313725490196,0.232673267326733
Slc5a3,chr16,+,92058321,-0.448738799231239,,18,19,34,43,42,49,0.486486486486487,0.641509433962264,0.461538461538462
Clic6,chr16,+,92498146,,-3.03547322089376,110,80,137,102,131,46,0.578947368421053,0.631336405529954,0.740112994350282
Setd4,chr16,-,93603814,0.911416822329,,0,9,0,11,0,7,0,0,0
Cbr3,chr16,+,93683218,-7.74317711482206,,0,106,0,132,5,150,0,0,0.032258064516129
Chaf1b,chr16,+,93883900,-0.740837525900428,,33,91,31,62,43,111,0.266129032258065,0.254098360655738,0.279220779220779
Ripply3,chr16,+,94328421,2.95825658205,,44,165,50,135,54,148,0.210526315789474,0.232558139534884,0.267326732673267
Kcnj15,chr16,+,95257557,4.83226438966,,8,5,13,1,8,2,0.615384615384615,0.722222222222222,0.8
Erg,chr16,-,95586592,,0.695464312349,24,94,29,91,24,67,0.203389830508475,0.235772357723577,0.263736263736264
Ets2,chr16,+,95702406,0.736685034981,,10,166,22,204,14,141,0.0568181818181818,0.117021276595745,0.0903225806451613
Psmg1,chr16,-,95990959,,-0.727618072599558,28,261,19,224,31,260,0.0968858131487889,0.0678571428571429,0.106529209621993
Hmgn1,chr16,-,96127724,0.614422383365,-0.827155067952506,15,58,19,50,16,34,0.205479452054795,0.246753246753247,0.32
B3galt5,chr16,+,96235800,3.53889191052,-6.94897889960143,303,31,367,26,270,10,0.907185628742515,0.922110552763819,0.964285714285714
Bace2,chr16,+,97356727,,2.51514424878,31,88,37,73,26,73,0.260504201680672,0.296,0.262626262626263
Tiam2,chr17,+,3326572,1.1582736878,,13,66,11,43,17,36,0.164556962025316,0.142857142857143,0.320754716981132
Arid1b,chr17,+,4995073,,1.16681613447,0,24,1,95,1,110,0,0.04,0.00900900900900901
Ldhal6b,chr17,-,5418766,,3.89710370724,923,23,1086,2,840,6,0.97568710359408,0.979260595130748,0.99290780141844
Zdhhc14,chr17,+,5492599,,-1.4061436875295,0,24,0,24,0,0,0,0,
3300005D01Rik,chr17,+,5798656,2.85026403273,,97,85,142,75,129,100,0.532967032967033,0.625550660792952,0.563318777292576
Synj2,chr17,+,5941279,-2.90310598104252,2.02363628488,29,38,18,22,21,45,0.432835820895522,0.321428571428571,0.318181818181818
Serac1,chr17,-,6079738,-0.838182600345759,,37,68,54,77,41,94,0.352380952380952,0.442622950819672,0.303703703703704
Gtf2h5,chr17,+,6079827,,-0.741884972470227,30,70,34,77,32,95,0.3,0.326923076923077,0.251968503937008
Dynlt1b,chr17,+,6430111,-0.529104836754783,-0.860588710794409,39,92,21,78,23,104,0.297709923664122,0.185840707964602,0.181102362204724
Tmem181b-ps,chr17,-,6450993,-0.514099051738472,1.74529076965,135,3,137,2,106,0,0.978260869565217,0.978571428571428,1
Tmem181c-ps,chr17,-,6620924,,2.08138498077,6,3,3,8,9,6,0.666666666666667,0.5,0.6
Ezr,chr17,-,6782779,-0.885681081350842,,0,124,0,120,0,106,0,0,0
Rps6ka2,chr17,+,7170114,2.18733429507,,1,37,2,27,5,28,0.0263157894736842,0.0512820512820513,0.151515151515152
Pde10a,chr17,+,8526800,3.50346248478,2.58902475304,29,55,24,79,18,25,0.345238095238095,0.30379746835443,0.418604651162791
1700010I14Rik,chr17,+,8988332,2.03328018452,-1.81379253930751,132,39,183,24,120,11,0.771929824561403,0.824324324324324,0.916030534351145
Agpat4,chr17,+,12119283,1.05385216977,,2,70,1,88,0,54,0.0277777777777778,0.0140845070422535,0
Plg,chr17,+,12378608,5.7361858798,,117,14,66,11,125,6,0.893129770992367,0.825,0.954198473282443
C030013G03Rik,chr17,+,12466843,4.40164650258,,15,0,16,0,5,0,1,1,1
Slc22a3,chr17,-,12507703,1.35530383052,0.910857499852,26,31,96,16,72,22,0.456140350877193,0.755905511811024,0.765957446808511
Airn,chr17,+,12741310,5.55029712663,,66,41,108,69,134,58,0.616822429906542,0.724832214765101,0.697916666666667
Igf2r,chr17,-,12769705,2.75411244759,-1.04645051842756,326,206,256,165,329,203,0.612781954887218,0.554112554112554,0.618421052631579
Mas1,chr17,-,12868142,4.65000315157,,34,8,18,1,28,7,0.80952380952381,0.692307692307692,0.8
Mrpl18,chr17,-,12916090,,-0.927768615024657,0,18,0,16,0,25,0,0,0
Tcp1,chr17,+,12916328,,-0.619932826266484,0,18,0,16,0,25,0,0,0
Acat3,chr17,-,12940395,,-0.60436030488722,97,77,63,86,53,72,0.557471264367816,0.45,0.424
Acat2,chr17,-,12960724,-1.96726358756636,-0.738643668262791,28,168,20,174,53,144,0.142857142857143,0.106382978723404,0.269035532994924
Thbs2,chr17,-,14694261,,8.16346356132,34,10,45,16,49,9,0.772727272727273,0.818181818181818,0.844827586206897
Phf10,chr17,-,14961259,,-0.956019794663978,5,21,1,33,3,38,0.192307692307692,0.0454545454545455,0.0731707317073171
Fam120b,chr17,+,15396201,-0.380222366917471,0.676541206034,98,50,98,69,147,74,0.662162162162162,0.662162162162162,0.665158371040724
Prdm9,chr17,-,15564353,,1.57904895993,63,247,46,257,68,230,0.203225806451613,0.156996587030717,0.228187919463087
Rgmb,chr17,-,15831245,1.44323973062,,20,75,34,76,7,83,0.210526315789474,0.311926605504587,0.0777777777777778
Riok2,chr17,+,17374331,-0.399145804388434,,45,433,49,464,51,425,0.0941422594142259,0.101659751037344,0.107142857142857
Lnpep,chr17,-,17624488,,1.15583678326,0,82,1,90,0,25,0,0.0120481927710843,0
Spaca6,chr17,+,17830974,-0.736045280438676,,100,4,83,1,75,7,0.961538461538461,0.954022988505747,0.914634146341463
Fpr1,chr17,-,17883938,,-7.50684354767766,9,0,16,2,9,0,1,1,1
Fpr2,chr17,+,17887823,,-7.46523583512291,62,12,24,15,42,12,0.837837837837838,0.666666666666667,0.777777777777778
Zfp160,chr17,+,21008940,,1.12755158143,70,32,61,50,83,31,0.686274509803922,0.655913978494624,0.728070175438597
Zfp677,chr17,+,21383747,,2.12010566652,27,65,31,22,26,42,0.293478260869565,0.322916666666667,0.382352941176471
Zfp54,chr17,+,21423226,-0.886592363314921,,22,62,36,45,30,66,0.261904761904762,0.36734693877551,0.3125
Zfp53,chr17,+,21488987,-0.541840512637725,,77,183,68,321,83,282,0.296153846153846,0.270916334661355,0.227397260273973
Zfp52,chr17,+,21535538,-0.55004150513515,1.35412376355,12,40,17,49,2,32,0.230769230769231,0.298245614035088,0.0588235294117647
Zfp948,chr17,+,21566977,,1.78834891186,0,68,1,54,0,59,0,0.0144927536231884,0
Gm10509,chr17,+,21679876,-0.930230187677113,,2,26,1,17,0,22,0.0714285714285714,0.037037037037037,0
Zfp942,chr17,-,21962463,,1.04285071285,16,115,20,89,21,142,0.122137404580153,0.148148148148148,0.128834355828221
Zfp944,chr17,-,22361399,-0.832063184147807,,6,13,0,16,8,13,0.315789473684211,0,0.380952380952381
Zfp758,chr17,+,22361452,,1.67522023764,6,13,0,16,8,13,0.315789473684211,0,0.380952380952381
Zfp945,chr17,-,22867133,,1.71937509358,0,64,1,62,0,39,0,0.0153846153846154,0
Zfp40,chr17,-,23193251,,1.65459280164,29,78,11,99,16,99,0.271028037383178,0.123595505617978,0.139130434782609
Thoc6,chr17,-,23673876,,-0.924424540693114,22,66,26,99,33,66,0.25,0.282608695652174,0.333333333333333
Tnfrsf12a,chr17,-,23677448,-1.61425055603351,,33,28,11,33,18,28,0.540983606557377,0.282051282051282,0.391304347826087
Flywch2,chr17,-,23786215,,1.58547489702,100,100,104,60,91,123,0.5,0.509803921568627,0.425233644859813
Prss41,chr17,-,23844155,3.08077887422,,114,29,114,15,116,12,0.797202797202797,0.797202797202797,0.90625
Kctd5,chr17,-,24073484,,-0.666593319947455,61,242,64,311,67,283,0.201320132013201,0.209150326797386,0.191428571428571
Atp6v0c-ps2,chr17,-,24169394,,-0.775786650979768,9,82,7,109,8,121,0.0989010989010989,0.0786516853932584,0.062015503875969
Atp6v0c,chr17,-,24169677,,-0.775786650979768,39,86,31,109,29,123,0.312,0.264957264957265,0.190789473684211
Ntn3,chr17,-,24209386,1.0782259372,,70,13,71,14,107,13,0.843373493975904,0.845238095238095,0.891666666666667
Mir5134,chr17,-,24234603,,-2.58138654461774,127,3,97,3,135,3,0.976923076923077,0.97,0.978260869565217
Ccnf,chr17,-,24251408,,-2.14174303454116,16,162,29,136,17,165,0.0898876404494382,0.151832460732984,0.0934065934065934
Abca3,chr17,+,24352022,0.834252736069,-0.525314683549734,1,169,2,201,7,236,0.00588235294117647,0.0116959064327485,0.0288065843621399
D330041H03Rik,chr17,-,24414512,0.556381815482,,0,10,0,13,0,11,0,0,0
Rnps1,chr17,+,24414645,0.589950566596,-0.709063095951418,0,10,0,13,0,11,0,0,0
Pgp,chr17,+,24470425,,-1.19605123450371,14,181,14,129,9,206,0.0717948717948718,0.0717948717948718,0.0418604651162791
Traf7,chr17,-,24527937,-0.42676874856494,,2,237,2,153,2,244,0.00836820083682008,0.00836820083682008,0.00813008130081301
Pkd1,chr17,+,24549949,,0.901313562043,0,40,0,28,0,32,0,0,0
Slc9a3r2,chr17,-,24650304,,-1.05048036368476,18,1,26,0,22,2,0.947368421052632,0.962962962962963,0.916666666666667
Gfer,chr17,-,24696155,,-0.788426633525991,79,65,52,31,74,49,0.548611111111111,0.444444444444444,0.601626016260163
Tbl3,chr17,-,24707652,,-1.18997144330106,41,150,39,127,48,138,0.214659685863874,0.206349206349206,0.258064516129032
Snora78,chr17,-,24719831,2.31851977649,,81,90,75,44,68,55,0.473684210526316,0.454545454545455,0.552845528455285
Snhg9,chr17,-,24719964,2.68565314125,,51,115,47,58,49,76,0.307228915662651,0.290123456790123,0.392
Rps2,chr17,+,24720062,,-0.676802409513949,41,112,38,58,35,75,0.26797385620915,0.253333333333333,0.318181818181818
Msrb1,chr17,+,24736592,-0.461676919835822,,87,79,101,57,47,52,0.524096385542169,0.561111111111111,0.474747474747475
Meiob,chr17,+,24804381,5.04048699474,,47,77,43,72,48,84,0.379032258064516,0.358333333333333,0.363636363636364
Nubp2,chr17,-,24886349,,-0.817125682840658,19,36,14,37,17,37,0.345454545454545,0.28,0.314814814814815
Mrps34,chr17,+,24895119,,-0.937800664516101,0,60,4,56,3,103,0,0.0625,0.0283018867924528
Nme3,chr17,+,24896499,0.724513739104,,4,21,14,76,11,79,0.16,0.4,0.122222222222222
Mapk8ip3,chr17,-,24936976,,0.894382505718,17,441,12,299,9,224,0.037117903930131,0.0264900662251656,0.0386266094420601
Cramp1l,chr17,-,25015229,0.3795635603,,2,557,0,319,4,362,0.0035778175313059,0,0.0109289617486339
Tmem204,chr17,-,25081113,2.13128076159,,123,10,136,2,145,6,0.924812030075188,0.931506849315068,0.960264900662252
Clcn7,chr17,+,25133390,-0.513244014379036,,125,176,97,167,141,91,0.415282392026578,0.355311355311355,0.607758620689655
BC003965,chr17,+,25184560,,-0.724145281088064,34,112,35,89,17,77,0.232876712328767,0.238095238095238,0.180851063829787
Tpsb2,chr17,+,25366332,,-8.09359603953913,75,16,78,8,99,15,0.824175824175824,0.829787234042553,0.868421052631579
Tpsg1,chr17,+,25369272,-5.78728511114674,,29,20,23,16,24,22,0.591836734693878,0.534883720930233,0.521739130434783
Lmf1,chr17,+,25579173,-0.397953704230853,,16,90,11,104,8,54,0.150943396226415,0.108910891089109,0.129032258064516
Chtf18,chr17,-,25727414,,-1.10082574778489,12,92,6,101,16,65,0.115384615384615,0.0612244897959184,0.197530864197531
Metrn,chr17,-,25797044,,-0.771491626757042,0,99,2,161,3,61,0,0.0198019801980198,0.046875
Rhot2,chr17,-,25844524,0.43383106612,,40,59,32,38,24,54,0.404040404040404,0.351648351648352,0.307692307692308
Wdr90,chr17,-,25861514,0.387811538274,,9,53,6,54,4,32,0.145161290322581,0.101694915254237,0.111111111111111
Pigq,chr17,-,25941988,,-0.564188171231245,0,13,0,19,3,25,0,0,0.107142857142857
Nhlrc4,chr17,-,25944930,5.04090723388,,29,2,20,2,22,1,0.935483870967742,0.909090909090909,0.956521739130435
Nme4,chr17,-,26095469,0.512216981979,-0.956021068404061,40,71,43,53,65,24,0.36036036036036,0.37719298245614,0.730337078651685
Mrpl28,chr17,+,26123502,,-0.995956152254381,0,91,0,76,0,56,0,0,0
Pdia2,chr17,-,26199086,5.13401790926,-5.99838528415643,24,3,40,4,45,3,0.888888888888889,0.930232558139535,0.9375
Neurl1b,chr17,+,26414858,-3.1185616265495,2.31806065544,4,47,7,62,0,50,0.0784313725490196,0.12962962962963,0
Dusp1,chr17,-,26508471,,4.04908133543,0,51,0,95,0,153,0,0,0
Crebrf,chr17,+,26715649,,1.49852822211,31,87,38,94,21,76,0.26271186440678,0.304,0.216494845360825
Bnip1,chr17,+,26781078,0.400803413767,,29,37,18,27,34,43,0.439393939393939,0.327272727272727,0.441558441558442
Kifc5b,chr17,+,26917090,,-1.00544724841585,33,95,17,103,29,119,0.2578125,0.151785714285714,0.195945945945946
Phf1,chr17,+,26933126,,1.45181342341,65,10,25,5,51,17,0.866666666666667,0.714285714285714,0.75
Cuta,chr17,-,26939537,-0.430159886486634,,0,170,0,78,4,134,0,0,0.0289855072463768
Syngap1,chr17,+,26941249,0.869999708401,,75,29,67,12,51,13,0.721153846153846,0.697916666666667,0.796875
Bak1,chr17,-,27028626,,-0.738891522737824,0,110,0,93,0,54,0,0,0
Uqcc2,chr17,-,27133890,,-1.20574767691975,1,81,3,130,8,121,0.0121951219512195,0.0357142857142857,0.062015503875969
Hmga1,chr17,+,27556573,1.11556970076,-2.28259039800733,0,88,0,87,0,93,0,0,0
Pacsin1,chr17,+,27655590,3.39385281077,,80,31,89,24,60,2,0.720720720720721,0.741666666666667,0.967741935483871
Snrpc,chr17,+,27840086,0.520900464746,-0.852905035856452,36,198,29,249,41,320,0.153846153846154,0.127753303964758,0.113573407202216
Uhrf1bp1,chr17,+,27856506,,-0.644226825503097,60,88,66,56,122,64,0.405405405405405,0.428571428571429,0.655913978494624
Scube3,chr17,+,28142308,1.5674848,2.30742210436,2,173,8,187,1,96,0.0114285714285714,0.0441988950276243,0.0103092783505155
Fkbp5,chr17,-,28486148,-0.721935430649911,,0,37,0,30,1,31,0,0,0.03125
Srpk1,chr17,-,28622520,-0.521374377443868,,52,46,13,21,35,54,0.530612244897959,0.220338983050847,0.393258426966292
Slc26a8,chr17,-,28689986,,3.11677480487,63,51,75,50,73,35,0.552631578947369,0.595238095238095,0.675925925925926
Trp53cor1,chr17,-,29079125,-2.18437468603286,,57,167,73,200,57,254,0.254464285714286,0.304166666666667,0.183279742765273
Cdkn1a,chr17,+,29090978,-4.68229799219652,,62,13,43,1,39,4,0.826666666666667,0.767857142857143,0.906976744186047
Rab44,chr17,+,29114180,,-2.2715643828752,79,6,75,8,61,11,0.929411764705882,0.925925925925926,0.847222222222222
Ppil1,chr17,-,29263970,,-0.997773767029434,16,129,21,119,10,143,0.110344827586207,0.14,0.065359477124183
BC004004,chr17,+,29268787,-0.64388752407182,,45,104,53,80,57,127,0.302013422818792,0.337579617834395,0.309782608695652
Zfand3,chr17,+,30005038,0.426502583602,,0,14,0,16,0,8,0,0,0
Gm6402,chr17,-,30396179,-1.5363065297817,,217,3,238,3,324,1,0.986363636363636,0.987551867219917,0.996923076923077
Dnah8,chr17,+,30626935,,1.20767722192,15,0,5,0,6,5,1,1,0.545454545454545
Abcg1,chr17,+,31057693,3.07140749311,,66,41,71,30,92,27,0.616822429906542,0.633928571428571,0.773109243697479
Tff1,chr17,-,31165052,2.39033989123,,91,4,85,0,73,2,0.957894736842105,0.955056179775281,0.973333333333333
Tmprss3,chr17,-,31198973,1.06904892189,,439,11,288,3,426,6,0.975555555555555,0.963210702341137,0.986111111111111
Ubash3a,chr17,+,31208065,2.2848191436,-2.07817803092463,81,32,118,24,102,28,0.716814159292035,0.786666666666667,0.784615384615385
Pde9a,chr17,+,31386233,,1.6092411977,0,10,6,14,2,19,0,0.375,0.0952380952380952
Wdr4,chr17,-,31512486,,-0.752468554866484,99,263,74,184,67,220,0.273480662983425,0.219584569732938,0.233449477351916
Pknox1,chr17,+,31564772,-0.452541828433572,,1,148,0,113,3,178,0.00671140939597315,0,0.0165745856353591
U2af1,chr17,-,31658763,,-0.711819252064257,41,187,31,166,34,129,0.179824561403509,0.142201834862385,0.208588957055215
Sik1,chr17,-,31855803,1.0696802388,,0,10,0,9,0,0,0,0,
Rrp1b,chr17,+,32036161,,-0.651404347609583,117,92,115,99,124,111,0.559808612440191,0.555555555555556,0.527659574468085
Notch3,chr17,-,32166889,,-1.39066036706245,117,15,57,3,81,5,0.886363636363636,0.791666666666667,0.941860465116279
Akap8l,chr17,-,32350576,,0.934760943735,35,435,58,201,45,451,0.074468085106383,0.117647058823529,0.0907258064516129
A530088E08Rik,chr17,+,32403013,,1.48543124831,27,40,6,56,11,35,0.402985074626866,0.130434782608696,0.239130434782609
Rasal3,chr17,-,32403581,,1.32586459544,35,7,33,11,42,8,0.833333333333333,0.825,0.84
Cyp4f39,chr17,+,32452722,,-7.80577021574949,40,46,51,30,45,36,0.465116279069768,0.525773195876289,0.555555555555556
Cyp4f17,chr17,+,32506483,-1.48280233321866,,51,133,30,116,62,202,0.277173913043478,0.184049079754601,0.234848484848485
Cyp4f13,chr17,-,32947360,,1.13395982389,48,34,43,60,23,49,0.585365853658537,0.558441558441558,0.319444444444444
Zfp763,chr17,-,33033380,,1.13012189448,32,52,24,100,32,62,0.380952380952381,0.315789473684211,0.340425531914894
Zfp81,chr17,-,33358877,,1.11133399524,24,184,40,275,36,266,0.115384615384615,0.178571428571429,0.119205298013245
Adamts10,chr17,+,33524084,0.599922157666,1.07734078865,3,130,1,127,3,103,0.0225563909774436,0.00763358778625954,0.0283018867924528
Myo1f,chr17,+,33555706,1.23489010032,-0.992095861558284,12,0,16,0,11,1,1,1,0.916666666666667
Kank3,chr17,+,33810522,-0.477910619370666,,24,28,25,38,27,32,0.461538461538462,0.471698113207547,0.457627118644068
Ndufa7,chr17,+,33824571,0.405654375934,,17,96,18,72,16,42,0.150442477876106,0.157894736842105,0.275862068965517
Cd320,chr17,+,33843090,-0.486111677715887,-1.02803789099729,51,110,58,188,44,213,0.316770186335404,0.345238095238095,0.171206225680934
Kifc1,chr17,-,33890632,,-1.1612940896317,8,4,3,3,6,7,0.666666666666667,0.428571428571429,0.461538461538462
Daxx,chr17,+,33909444,0.337244308137,-0.64447200989394,3,280,2,316,0,103,0.0106007067137809,0.00709219858156028,0
Tapbp,chr17,+,33919477,-0.495666386768274,0.65768449051,119,27,110,15,80,11,0.815068493150685,0.802919708029197,0.879120879120879
Pfdn6,chr17,-,33940342,,-0.843230235256588,36,115,64,135,27,110,0.23841059602649,0.357541899441341,0.197080291970803
H2-K2,chr17,-,33978790,-1.80116146925816,2.70071483205,0,24,0,20,0,0,0,0,
H2-K1,chr17,-,34000346,-2.05152611392273,2.57973184417,0,12,1,23,0,14,0,0.0769230769230769,0
Slc39a7,chr17,-,34031689,-0.379451157189168,,7,29,9,19,11,26,0.194444444444444,0.236842105263158,0.297297297297297
Col11a2,chr17,+,34039137,0.474753841694,-1.34005894510504,0,0,5,6,4,2,,1,0.666666666666667
H2-Oa,chr17,+,34092378,-1.0289202792379,1.53377663043,80,5,87,2,76,4,0.941176470588235,0.945652173913043,0.95
BC051537,chr17,-,34095308,,1.48703450304,134,26,128,42,117,18,0.8375,0.831168831168831,0.866666666666667
H2-DMa,chr17,+,34122831,-1.69107956086395,2.43839710246,0,156,0,169,2,140,0,0,0.0140845070422535
H2-DMb1,chr17,+,34153190,-1.42126758051012,2.88196212925,125,3,124,10,143,21,0.9765625,0.976377952755906,0.871951219512195
Psmb9,chr17,-,34187329,-0.876021139989609,1.3575983886,49,15,11,20,16,30,0.765625,0.423076923076923,0.347826086956522
Tap1,chr17,+,34187555,-1.34472559845969,1.92744615368,0,3,0,10,0,10,0,0,0
Psmb8,chr17,+,34198194,-0.822743577102511,1.14771996302,12,126,1,130,4,98,0.0869565217391304,0.0078740157480315,0.0392156862745098
Tap2,chr17,+,34204478,-1.05527991158243,1.52050239832,43,97,31,101,8,43,0.307142857142857,0.2421875,0.156862745098039
H2-Ob,chr17,+,34238904,,2.62149101218,70,24,82,29,75,17,0.74468085106383,0.773584905660377,0.815217391304348
H2-Ab1,chr17,+,34263226,-1.21860668402112,,27,59,25,62,19,42,0.313953488372093,0.297619047619048,0.311475409836066
H2-Eb1,chr17,+,34305866,,1.8302338199,121,49,118,47,73,65,0.711764705882353,0.706586826347305,0.528985507246377
H2-Eb2,chr17,+,34325674,4.94619487469,,91,42,73,25,88,23,0.68421052631579,0.634782608695652,0.792792792792793
BC051142,chr17,+,34398819,4.84431930034,,7,36,10,43,4,54,0.162790697674419,0.217391304347826,0.0689655172413793
Notch4,chr17,+,34564294,1.88641091597,,83,8,84,1,50,5,0.912087912087912,0.91304347826087,0.909090909090909
Pbx2,chr17,+,34592258,1.17725095859,-0.799461176875263,2,8,4,11,1,6,0.2,0.333333333333333,0.142857142857143
Ager,chr17,+,34597849,1.01308354292,,130,38,132,22,53,14,0.773809523809524,0.776470588235294,0.791044776119403
Agpat1,chr17,+,34605860,0.501449837649,-0.816505576601814,32,96,28,66,18,61,0.25,0.225806451612903,0.227848101265823
Ppt2,chr17,-,34628278,-0.501041724681467,,5,50,6,75,0,80,0.0909090909090909,0.107142857142857,0
Prrt1,chr17,+,34629563,,9.62198455155,0,22,2,6,8,18,0,0.0833333333333333,0.307692307692308
Fkbpl,chr17,+,34644813,-0.859767994657208,,170,52,141,49,160,47,0.765765765765766,0.730569948186529,0.772946859903382
Atf6b,chr17,+,34647145,,-0.789555295509913,202,174,204,190,194,242,0.537234042553192,0.53968253968254,0.444954128440367
Nelfe,chr17,+,34850390,,-0.667676255153002,11,16,14,15,20,23,0.407407407407407,0.466666666666667,0.465116279069768
C2,chr17,-,34882099,3.77908240902,-4.21300397346734,46,14,73,6,41,2,0.766666666666667,0.839080459770115,0.953488372093023
1110038B12Rik,chr17,-,34952470,,-0.935844551051957,4,89,1,96,8,108,0.0430107526881721,0.0111111111111111,0.0689655172413793
Hspa1b,chr17,-,34959237,,4.87798279067,0,3,0,18,0,12,0,0,0
Hspa1a,chr17,-,34972155,,4.38114018482,29,14,38,5,15,6,0.674418604651163,0.730769230769231,0.714285714285714
Lsm2,chr17,+,34981853,,-1.31911985386874,0,232,0,102,1,196,0,0,0.0050761421319797
Msh5,chr17,-,35046744,1.27424195391,2.01846908705,9,103,11,94,6,85,0.0803571428571429,0.0964912280701754,0.0659340659340659
Ddah2,chr17,+,35059034,0.942744225119,-0.880625290246753,92,74,74,62,73,61,0.55421686746988,0.5,0.544776119402985
Aif1,chr17,-,35176051,3.78459079406,,70,3,96,11,105,6,0.958904109589041,0.96969696969697,0.945945945945946
Lst1,chr17,-,35188439,1.50619630555,-0.914010348598041,11,25,22,32,21,12,0.305555555555556,0.468085106382979,0.636363636363636
Ltb,chr17,+,35194506,1.15872516733,,10,6,9,7,14,5,0.625,0.6,0.736842105263158
Tnf,chr17,-,35202006,-1.63230310836455,,15,35,9,47,29,41,0.3,0.204545454545455,0.414285714285714
Atp6v1g2,chr17,+,35235009,,1.50211373076,58,33,34,24,42,33,0.637362637362637,0.507462686567164,0.56
Ddx39b,chr17,+,35241745,,-0.50501520956344,30,68,14,55,13,44,0.306122448979592,0.170731707317073,0.228070175438597
H2-D1,chr17,+,35263093,-1.84232223163265,2.17503198673,27,8,27,17,37,4,0.771428571428571,0.771428571428571,0.902439024390244
H2-L,chr17,+,35263122,-1.76664712919471,2.17766663932,27,8,27,17,37,4,0.771428571428571,0.771428571428571,0.902439024390244
H2-Q1,chr17,+,35320546,-4.59492305421183,2.09280837772,22,190,38,147,47,100,0.10377358490566,0.166666666666667,0.319727891156463
H2-Q2,chr17,+,35342306,,2.17682199957,4,19,8,21,12,5,0.173913043478261,0.296296296296296,0.705882352941177
H2-Q4,chr17,+,35379616,-2.35635924135752,3.73491454562,13,2,0,0,7,5,0.866666666666667,0,0.583333333333333
H2-Q5,chr17,+,35394098,-5.91318614379087,6.47787381038,21,42,9,35,22,3,0.333333333333333,0.176470588235294,0.88
H2-Q8,chr17,+,35424846,-6.02378857291444,7.31586100464,205,675,285,550,141,645,0.232954545454545,0.296875,0.179389312977099
H2-Q6,chr17,+,35424849,-6.02378857291444,7.31586100464,205,675,285,550,141,645,0.232954545454545,0.296875,0.179389312977099
H2-Q7,chr17,+,35439154,-6.81453849421159,6.20037994642,271,686,410,626,282,562,0.283176593521421,0.374087591240876,0.334123222748815
H2-Q9,chr17,+,35439166,-6.81453849421159,6.20037994642,282,705,439,633,296,574,0.285714285714286,0.383741258741259,0.340229885057471
Tcf19,chr17,-,35516823,-0.948954812780422,,3,36,3,23,5,44,0.0769230769230769,0.0769230769230769,0.102040816326531
Cchcr1,chr17,+,35517048,-0.867826126001572,,18,25,10,17,15,36,0.418604651162791,0.285714285714286,0.294117647058824
Gtf2h4,chr17,-,35673742,,-0.922208266384035,179,169,146,153,217,224,0.514367816091954,0.463492063492064,0.492063492063492
Ier3,chr17,+,35821712,,1.43131015241,1,124,0,105,6,116,0.008,0,0.0491803278688525
Flot1,chr17,+,35823356,0.329234962929,,1,78,0,58,2,86,0.0126582278481013,0,0.0227272727272727
Tubb5,chr17,-,35838300,,-0.99384122741564,0,63,0,50,2,71,0,0,0.0273972602739726
Mdc1,chr17,+,35841497,0.440930957405,,87,398,98,282,118,391,0.179381443298969,0.19758064516129,0.231827111984283
Nrm,chr17,+,35861317,,-0.76107735892896,16,71,22,74,15,33,0.183908045977012,0.236559139784946,0.3125
Mrps18b,chr17,-,35916439,,-0.757147308815895,1,424,3,564,4,596,0.00235294117647059,0.00702576112412178,0.00666666666666667
Ppp1r10,chr17,+,35917195,,-0.557992630058736,1,527,2,576,4,685,0.00189393939393939,0.00378071833648393,0.0058055152394775
Abcf1,chr17,-,35969749,,-0.773330071653058,6,85,4,169,9,164,0.0659340659340659,0.0449438202247191,0.0520231213872832
H2-T24,chr17,-,36020559,0.674582181553,1.48016039917,20,8,20,13,21,30,0.714285714285714,0.714285714285714,0.411764705882353
H2-T23,chr17,-,36032700,,2.16685048393,0,22,0,35,0,39,0,0,0
H2-T9,chr17,-,36042691,-0.888097743630768,1.8678772372,26,79,16,69,22,91,0.247619047619048,0.168421052631579,0.194690265486726
H2-T22,chr17,-,36042741,-0.887233002570903,1.8678772372,41,79,18,72,26,101,0.341666666666667,0.185567010309278,0.204724409448819
H2-T10,chr17,-,36121443,-1.29308119542004,2.9346675124,0,21,0,30,0,28,0,0,0
2410017I17Rik,chr17,+,36145017,,5.44920397912,1,32,3,26,3,46,0.0303030303030303,0.0857142857142857,0.0612244897959184
Trim39,chr17,-,36272003,,0.923555637642,32,234,20,332,32,122,0.120300751879699,0.078740157480315,0.207792207792208
Trim26,chr17,+,36837145,-0.492369320866116,1.19519510292,35,56,39,62,43,49,0.384615384615385,0.410526315789474,0.467391304347826
Trim10,chr17,+,36869573,,-4.5135407686913,214,33,247,49,237,20,0.866396761133603,0.882142857142857,0.922178988326848
H2-M5,chr17,-,36997954,,7.291239264,33,39,39,24,48,47,0.458333333333333,0.5,0.505263157894737
Zfp57,chr17,+,37001162,-1.72587162529709,1.6510009002,105,11,55,2,91,11,0.905172413793103,0.833333333333333,0.892156862745098
Gabbr1,chr17,+,37045965,-0.866811930896783,2.2991444488,8,88,1,45,1,136,0.0833333333333333,0.0112359550561798,0.0072992700729927
H2-M3,chr17,+,37270233,,1.18072665433,9,19,12,16,22,37,0.321428571428571,0.387096774193548,0.372881355932203
Rhag,chr17,+,40811148,8.37500024413,-3.16569979451273,16,0,19,2,5,2,1,1,0.714285714285714
9130008F23Rik,chr17,-,40880557,,1.89772617886,8,92,20,55,26,58,0.08,0.178571428571429,0.30952380952381
Pla2g7,chr17,+,43568450,4.07852384658,-5.65923201147261,76,27,103,28,77,21,0.737864077669903,0.792307692307692,0.785714285714286
1700071M16Rik,chr17,-,43591508,,-4.78292429411589,238,7,121,4,192,2,0.971428571428571,0.9453125,0.989690721649485
Slc25a27,chr17,-,43667213,,1.82434264101,53,150,28,159,45,129,0.261083743842365,0.157303370786517,0.258620689655172
Rcan2,chr17,+,43801351,2.37088636127,,13,73,10,90,12,62,0.151162790697674,0.120481927710843,0.162162162162162
Enpp5,chr17,+,44078801,,2.4419395435,10,21,7,19,0,18,0.32258064516129,0.25,0
Enpp4,chr17,-,44105808,-0.438296428015366,0.686722612425,85,50,70,69,58,41,0.62962962962963,0.583333333333333,0.585858585858586
Clic5,chr17,+,44188571,-0.957332207953554,3.36050217699,13,85,18,84,15,95,0.13265306122449,0.174757281553398,0.136363636363636
Runx2,chr17,-,44814796,,1.64844317638,147,78,129,37,122,83,0.653333333333333,0.623188405797102,0.595121951219512
Slc35b2,chr17,+,45563935,-0.42800849553532,,78,39,96,33,118,41,0.666666666666667,0.711111111111111,0.742138364779874
Hsp90ab1,chr17,-,45573260,,-0.66748001681584,0,30,0,25,0,33,0,0,0
Slc29a1,chr17,-,45599617,,-1.53903833722792,159,17,191,23,180,19,0.903409090909091,0.918269230769231,0.904522613065327
Mrps18a,chr17,+,46111003,,-0.845490891228956,67,155,88,114,61,146,0.301801801801802,0.362139917695473,0.294685990338164
Gtpbp2,chr17,+,46161031,,0.716709564422,22,75,20,50,46,77,0.22680412371134,0.210526315789474,0.373983739837398
Polr1c,chr17,-,46248044,,-0.676018187944742,50,183,28,134,31,216,0.214592274678112,0.132701421800948,0.125506072874494
Ttbk1,chr17,-,46487674,-1.21071445626592,,132,68,123,61,168,36,0.66,0.643979057591623,0.823529411764706
Cul9,chr17,-,46546387,,1.34296588471,36,22,26,28,14,28,0.620689655172414,0.541666666666667,0.333333333333333
Mrpl2,chr17,+,46646220,,-0.831207498062221,12,3,4,1,9,8,0.8,0.571428571428571,0.529411764705882
Cul7,chr17,+,46650337,0.936012367271,,118,33,64,46,95,16,0.781456953642384,0.65979381443299,0.855855855855856
Klhdc3,chr17,-,46680929,,-0.898959969062389,6,3,11,9,22,15,0.666666666666667,0.785714285714286,0.594594594594595
Ppp2r5d,chr17,-,46705025,,-1.07723442041258,8,119,8,183,3,102,0.062992125984252,0.062992125984252,0.0285714285714286
Guca1a,chr17,-,47400605,-1.64864427040367,,128,10,128,11,188,7,0.927536231884058,0.927536231884058,0.964102564102564
AI661453,chr17,+,47436638,-0.5502837442777,0.963252383416,3,7,3,9,3,4,0.3,0.3,0.428571428571429
Bysl,chr17,-,47611491,,-0.703378351153213,25,223,36,189,11,140,0.100806451612903,0.138996138996139,0.0728476821192053
Usp49,chr17,+,47630689,0.430577841401,,0,162,1,162,1,158,0,0.00613496932515337,0.00628930817610063
Tomm6os,chr17,+,47687609,,-0.743013563671188,54,235,47,200,37,259,0.186851211072664,0.166666666666667,0.125
Tomm6,chr17,-,47688385,,-0.796997534123035,1,217,1,187,3,252,0.00458715596330275,0.00458715596330275,0.0117647058823529
Frs3,chr17,+,47695206,,1.8558328523,1,48,12,37,9,32,0.0204081632653061,0.2,0.219512195121951
Mdfi,chr17,-,47834690,-0.44508808697381,,30,48,40,32,26,35,0.384615384615385,0.454545454545455,0.426229508196721
Treml4,chr17,+,48264294,4.01068897862,-10.1536728275066,57,3,42,0,52,0,0.95,0.933333333333333,1
B430306N03Rik,chr17,+,48316161,,-3.16547567094462,213,4,190,11,205,16,0.981566820276498,0.979381443298969,0.927601809954751
Treml1,chr17,+,48359915,3.13758091279,0.926506502675,91,21,75,4,103,19,0.8125,0.78125,0.844262295081967
Tspo2,chr17,-,48451500,10.1470156788,-3.13679524674705,96,16,84,11,55,7,0.857142857142857,0.84,0.887096774193548
Satb1,chr17,-,51833289,3.30934916039,-1.62812486134311,0,9,0,10,0,7,0,0,0
Kat2b,chr17,+,53566970,,0.802598727335,9,43,2,70,2,51,0.173076923076923,0.0444444444444444,0.0377358490566038
Zfp119a,chr17,-,55878952,,1.43112991529,1,71,3,82,1,75,0.0138888888888889,0.0405405405405405,0.0131578947368421
Zfp959,chr17,+,55892092,,1.191386995,18,46,6,35,15,48,0.28125,0.115384615384615,0.238095238095238
Ebi3,chr17,+,55952622,1.31957990922,-1.14281773258814,19,8,15,4,28,3,0.703703703703704,0.652173913043478,0.903225806451613
Gm16712,chr17,-,55959400,1.12607497096,-0.726906198028425,18,301,13,241,12,184,0.0564263322884013,0.0414012738853503,0.0612244897959184
Stap2,chr17,-,56008135,-1.66254210055194,,41,118,56,100,58,85,0.257861635220126,0.32183908045977,0.405594405594406
Mpnd,chr17,+,56009200,,-0.712371350547856,2,77,0,63,2,63,0.0253164556962025,0,0.0307692307692308
Sh3gl1,chr17,-,56036658,-0.507806783229995,,25,81,37,214,31,147,0.235849056603774,0.313559322033898,0.174157303370787
Chaf1a,chr17,+,56040415,,-1.08302390041561,52,218,37,220,47,221,0.192592592592593,0.145098039215686,0.175373134328358
Sema6b,chr17,-,56140342,,-1.18937294216059,31,75,29,35,37,61,0.292452830188679,0.278846153846154,0.377551020408163
Uhrf1,chr17,+,56303336,,-1.21907806578204,42,44,44,30,9,21,0.488372093023256,0.5,0.3
Lonp1,chr17,-,56626902,,-0.65022280626777,44,218,40,93,27,158,0.16793893129771,0.155038759689923,0.145945945945946
Ranbp3,chr17,+,56673224,,-0.679710094958615,21,19,26,16,19,14,0.525,0.577777777777778,0.575757575757576
Nrtn,chr17,-,56757547,1.61243522535,-2.83441088406973,14,34,15,33,3,11,0.291666666666667,0.306122448979592,0.214285714285714
Rfx2,chr17,-,56831007,0.55082571957,,10,42,14,59,18,52,0.192307692307692,0.25,0.257142857142857
Acsbg2,chr17,-,56874446,4.9966499944,,148,14,213,6,274,8,0.91358024691358,0.938325991189427,0.971631205673759
Clpp,chr17,+,56990263,,-0.764451714972035,8,83,4,97,9,108,0.0879120879120879,0.0459770114942529,0.0769230769230769
Alkbh7,chr17,+,56997338,0.813009046968,-0.882717137133929,37,62,37,40,31,54,0.373737373737374,0.373737373737374,0.364705882352941
Gtf2f1,chr17,-,57011287,,-0.664339486255514,30,73,34,52,39,78,0.29126213592233,0.317757009345794,0.333333333333333
Khsrp,chr17,-,57031506,,-0.722562595397555,4,17,5,64,7,65,0.19047619047619,0.227272727272727,0.0972222222222222
Slc25a41,chr17,-,57041653,2.34452408254,,142,15,104,7,143,7,0.904458598726115,0.873949579831933,0.953333333333333
Dennd1c,chr17,-,57078497,0.81916123057,,13,7,17,10,27,4,0.65,0.708333333333333,0.870967741935484
C3,chr17,-,57228135,,-3.68210072411528,34,2,45,1,42,5,0.944444444444444,0.957446808510638,0.893617021276596
Gpr108,chr17,-,57247688,-0.478526932555344,,13,152,6,147,6,242,0.0787878787878788,0.0379746835443038,0.0241935483870968
Trip10,chr17,+,57249450,-0.940344344092906,,1,109,2,52,0,81,0.00909090909090909,0.018018018018018,0
Pja2,chr17,-,64331882,,0.757390496002,2,91,5,65,0,74,0.021505376344086,0.0520833333333333,0
Man2a1,chr17,+,64601648,,-0.750119767473385,2,29,3,64,3,52,0.0645161290322581,0.09375,0.0545454545454545
Rab31,chr17,-,65772751,-1.54106517112305,0.918183237175,40,318,38,313,33,227,0.111731843575419,0.106741573033708,0.126923076923077
Twsg1,chr17,-,65951186,-0.586435975587584,,20,41,13,41,18,30,0.327868852459016,0.240740740740741,0.375
Ankrd12,chr17,-,66077045,-1.25057741333457,2.17198237695,0,177,1,150,0,246,0,0.00561797752808989,0
Ndufv2,chr17,-,66101558,,-0.757896756356118,2,53,1,43,0,48,0.0363636363636364,0.0185185185185185,0
Ptprm,chr17,-,67354490,6.81689543455,,2,157,3,200,1,90,0.0125786163522013,0.01875,0.010989010989011
Arhgap28,chr17,-,68004107,0.668219101671,,82,241,23,132,54,230,0.253869969040248,0.0871212121212121,0.190140845070423
C030034I22Rik,chr17,+,69416446,0.74692339262,,33,43,35,39,49,45,0.434210526315789,0.448717948717949,0.521276595744681
Tgif1,chr17,-,70853531,-1.03938521714267,,14,6,24,8,15,13,0.7,0.8,0.535714285714286
Myl12b,chr17,-,70990515,-0.990605959473208,0.819577185226,20,45,21,93,10,94,0.307692307692308,0.318181818181818,0.0961538461538462
Myom1,chr17,+,71019556,1.91024977241,2.18701310671,355,38,283,23,231,24,0.903307888040712,0.881619937694704,0.905882352941176
Lpin2,chr17,+,71183531,-0.425665642006782,,1,293,3,245,2,272,0.00340136054421769,0.0101351351351351,0.0072992700729927
Emilin2,chr17,-,71311555,-4.67331501128269,,33,84,32,70,39,54,0.282051282051282,0.275862068965517,0.419354838709677
Snord53,chr17,+,71640888,-1.06672125373507,,123,5,93,5,114,0,0.9609375,0.948979591836735,1
Clip4,chr17,+,71769690,2.61571163801,,96,16,70,12,98,17,0.857142857142857,0.813953488372093,0.852173913043478
Ypel5,chr17,+,72836627,,0.788474549134,7,48,6,63,2,55,0.127272727272727,0.111111111111111,0.0350877192982456
Ehd3,chr17,+,73804840,1.47843694292,0.998766067805,56,70,66,49,28,21,0.444444444444444,0.485294117647059,0.571428571428571
Dpy30,chr17,-,74323943,,-0.844032183051202,65,0,76,1,99,4,1,1,0.961165048543689
Nlrc4,chr17,-,74459107,1.46557797408,,146,74,129,47,126,36,0.663636363636364,0.635467980295567,0.777777777777778
Ltbp1,chr17,+,75005528,2.61235422439,-1.01128067607324,16,213,15,89,30,163,0.0698689956331878,0.0657894736842105,0.155440414507772
Rasgrp3,chr17,+,75435904,3.3336403254,-3.48436826879372,13,19,23,36,17,28,0.40625,0.547619047619048,0.377777777777778
Fam98a,chr17,-,75551945,-0.657515017531845,,24,141,27,185,24,191,0.145454545454545,0.160714285714286,0.111627906976744
Crim1,chr17,+,78200247,0.448724305722,,2,86,5,114,9,106,0.0227272727272727,0.054945054945055,0.0782608695652174
Gm6548,chr17,-,78852543,-0.616571143239112,0.834546124047,218,0,229,5,333,6,1,1,0.982300884955752
Eif2ak2,chr17,-,78882571,-0.505084484502877,0.784891617648,38,70,17,80,23,80,0.351851851851852,0.195402298850575,0.223300970873786
Cdc42ep3,chr17,-,79355090,,0.886271969559,5,207,1,183,0,165,0.0235849056603774,0.00480769230769231,0
Hnrnpll,chr17,-,80062267,-0.362906035406701,,1,143,1,81,0,214,0.00694444444444444,0.00694444444444444,0
Gemin6,chr17,+,80224450,,-0.828478949707174,25,327,10,338,27,309,0.0710227272727273,0.029673590504451,0.0803571428571429
Sos1,chr17,-,80480452,,0.923374924631,19,27,21,16,11,37,0.41304347826087,0.4375,0.229166666666667
Cdkl4,chr17,-,80577812,1.7619651727,,128,49,116,29,101,20,0.72316384180791,0.703030303030303,0.834710743801653
Slc8a1,chr17,-,81738386,,1.61954925571,257,22,218,15,334,11,0.921146953405018,0.908333333333333,0.968115942028986
Haao,chr17,-,83846789,0.66851740191,,40,49,29,68,57,48,0.449438202247191,0.371794871794872,0.542857142857143
Zfp36l2,chr17,-,84187946,,0.807637063277,0,30,0,98,0,53,0,0,0
Lrpprc,chr17,-,84790785,,-0.57488326005625,2,79,1,69,5,72,0.0246913580246914,0.0125,0.0649350649350649
Prkce,chr17,+,86167784,,1.64675423022,0,59,0,122,0,106,0,0,0
Epas1,chr17,+,86753863,1.0986093688,,0,3,0,11,0,13,0,0,0
Rhoq,chr17,+,86963110,-1.46214163576319,,13,213,9,116,3,206,0.0575221238938053,0.0405405405405405,0.0143540669856459
Socs5,chr17,+,87107678,-0.473869797922054,,3,177,1,199,12,250,0.0166666666666667,0.00561797752808989,0.0458015267175573
Mcfd2,chr17,-,87265946,-0.650722433967281,,0,76,0,75,1,90,0,0,0.010989010989011
4833418N02Rik,chr17,-,87282813,,2.43460085323,0,123,0,85,2,176,0,0,0.0112359550561798
Ttc7,chr17,+,87282885,-0.91907009151231,,0,143,0,105,2,184,0,0,0.010752688172043
Calm2,chr17,-,87446934,-0.312415148457466,,12,52,12,63,25,53,0.1875,0.1875,0.320512820512821
Msh6,chr17,+,87975049,-0.458169630869388,,16,64,13,49,20,70,0.2,0.168831168831169,0.222222222222222
Lhcgr,chr17,-,88792013,,2.20076148465,89,14,117,16,122,32,0.864077669902913,0.893129770992367,0.792207792207792
Nrxn1,chr17,-,91092801,-1.05480274587265,2.10469186752,4,3,4,3,11,2,0.571428571428571,0.571428571428571,0.846153846153846
Gm20939,chr17,+,94864900,-1.03274597049081,1.97981535119,78,36,69,43,67,56,0.68421052631579,0.657142857142857,0.544715447154472
Crem,chr18,-,3337629,0.773207676208,,0,39,0,23,1,38,0,0,0.0256410256410256
Map3k8,chr18,-,4352952,,1.53240369834,9,71,2,75,3,46,0.1125,0.0273972602739726,0.0612244897959184
Svil,chr18,+,5046588,-1.15089300541157,,22,0,20,0,16,2,1,1,0.888888888888889
Mir1893,chr18,-,6490645,1.29000229901,,22,74,13,49,17,72,0.229166666666667,0.149425287356322,0.191011235955056
Epc1,chr18,-,6516107,,0.588451509098,6,191,3,155,7,157,0.0304568527918782,0.0154639175257732,0.0426829268292683
Colec12,chr18,+,9707647,7.66771883987,-6.00313132841298,17,76,32,137,24,107,0.182795698924731,0.296296296296296,0.183206106870229
Usp14,chr18,-,10030148,-0.453705908007779,,0,20,0,19,0,17,0,0,0
Rock1,chr18,-,10181791,,0.802842485509,1,220,0,277,0,268,0.00452488687782806,0,0
Esco1,chr18,-,10610351,,1.05573696684,60,73,84,114,58,41,0.451127819548872,0.535031847133758,0.585858585858586
Snrpd1,chr18,+,10617795,,-0.868767210476684,118,301,110,276,119,225,0.281622911694511,0.267639902676399,0.34593023255814
Cables1,chr18,+,11839273,-0.89389377180089,,108,35,133,42,110,41,0.755244755244755,0.791666666666667,0.728476821192053
Npc1,chr18,-,12236385,,0.605377191668,0,158,2,116,0,116,0,0.0125,0
Ankrd29,chr18,-,12305719,1.65595625534,,39,12,42,18,50,20,0.764705882352941,0.777777777777778,0.714285714285714
Lama3,chr18,+,12333933,2.21227188022,,25,97,15,76,24,84,0.204918032786885,0.133928571428571,0.222222222222222
Ttc39c,chr18,+,12643532,-2.85071000748981,,18,78,21,88,20,82,0.1875,0.212121212121212,0.196078431372549
Osbpl1a,chr18,-,12941840,-0.704082735153682,1.3926204188,19,52,16,45,30,28,0.267605633802817,0.235294117647059,0.517241379310345
Impact,chr18,+,12971922,-0.52615185342857,0.827441938863,148,77,162,79,165,60,0.657777777777778,0.677824267782427,0.733333333333333
Psma8,chr18,+,14706150,,1.05126335322,326,76,275,51,360,80,0.810945273631841,0.783475783475784,0.818181818181818
Kctd1,chr18,-,15151445,,0.632368743143,9,66,2,65,6,81,0.12,0.0294117647058824,0.0689655172413793
Cdh2,chr18,-,16809245,1.8019455895,,6,127,3,145,6,64,0.0451127819548872,0.0230769230769231,0.0857142857142857
Ttr,chr18,+,20665249,6.91937433877,-6.87063442669026,192,15,212,5,223,8,0.927536231884058,0.933920704845815,0.965367965367965
B4galt6,chr18,-,20746403,1.04981922049,,8,55,13,51,17,23,0.126984126984127,0.191176470588235,0.425
Rnf125,chr18,+,20944614,-1.23847548983237,1.35283708269,94,10,62,1,87,7,0.903846153846154,0.861111111111111,0.925531914893617
Rnf138,chr18,+,21001299,,0.669934342531,1,17,0,5,0,20,0.0555555555555556,0,0
Asxl3,chr18,+,22345088,5.78413766153,,12,1,7,2,2,1,0.923076923076923,0.875,0.666666666666667
Dtna,chr18,+,23310019,,8.03255523,0,8,2,10,0,0,0,0.2,
Galnt1,chr18,+,24205343,-0.545311780108176,,129,44,121,42,166,38,0.745664739884393,0.733333333333333,0.813725490196078
Slc39a6,chr18,-,24603816,-1.29232827635865,,23,86,19,66,33,56,0.211009174311927,0.180952380952381,0.370786516853933
Mocos,chr18,+,24653690,-5.30626237245344,3.81417853473,4,72,2,60,0,38,0.0526315789473684,0.027027027027027,0
Fhod3,chr18,+,24708622,1.76560629279,,24,28,19,42,20,38,0.461538461538462,0.404255319148936,0.344827586206897
AW554918,chr18,+,25169019,,0.933084186461,19,79,30,89,22,63,0.193877551020408,0.275229357798165,0.258823529411765
Polr2d,chr18,+,31789124,,-0.631550071057649,48,53,61,73,60,59,0.475247524752475,0.535087719298246,0.504201680672269
Map3k2,chr18,+,32163088,-0.394395806824499,1.16816079194,0,195,3,108,3,190,0,0.0151515151515152,0.0155440414507772
Bin1,chr18,+,32377216,-0.764760759442468,,1,19,3,23,0,14,0.05,0.136363636363636,0
Gypc,chr18,-,32560033,0.542996700146,,8,4,5,1,9,6,0.666666666666667,0.555555555555556,0.6
Stard4,chr18,-,33213861,-1.31557368031875,0.768765067701,5,113,6,162,1,210,0.0423728813559322,0.0504201680672269,0.004739336492891
Srp19,chr18,+,34331144,,-0.777038521509333,194,185,162,239,183,235,0.511873350923483,0.46685878962536,0.437799043062201
Reep5,chr18,-,34373414,-0.457318590251381,,0,38,0,39,1,22,0,0,0.0434782608695652
Fam13b,chr18,-,34506822,-0.415342487686108,1.05320272027,6,4,2,8,10,3,0.6,0.333333333333333,0.769230769230769
Kif20a,chr18,+,34624623,,-1.41434466266867,11,288,12,214,7,249,0.0367892976588629,0.04,0.02734375
Cdc23,chr18,-,34651735,,-0.618055314561924,38,83,22,59,38,91,0.31404958677686,0.20952380952381,0.294573643410853
Cdc25c,chr18,-,34751532,,-1.18038183809743,62,597,75,548,69,609,0.0940819423368741,0.111607142857143,0.101769911504425
Reep2,chr18,+,34840588,-1.3154999135438,2.47353902111,6,33,6,28,6,31,0.153846153846154,0.153846153846154,0.162162162162162
Egr1,chr18,+,34861206,,5.06817664767,0,57,0,35,0,35,0,0,0
Etf1,chr18,-,34932002,,-0.561555577533298,5,266,1,279,4,218,0.018450184501845,0.00374531835205993,0.018018018018018
Sil1,chr18,-,35498924,-0.456765357209949,,96,110,72,59,49,114,0.466019417475728,0.395604395604396,0.300613496932515
Snhg4,chr18,+,35553409,-0.600437385831581,,31,109,28,119,34,49,0.221428571428571,0.204379562043796,0.409638554216867
Mzb1,chr18,-,35649366,6.970259623,-5.45396616299709,240,44,216,11,197,21,0.845070422535211,0.830769230769231,0.903669724770642
Prob1,chr18,-,35655220,1.76565936099,,10,7,10,8,8,10,0.588235294117647,0.588235294117647,0.444444444444444
Cxxc5,chr18,+,35829787,0.423954907589,,0,59,1,57,2,61,0,0.0166666666666667,0.0317460317460317
Pura,chr18,+,36281104,,1.42981211149,4,110,9,149,0,73,0.0350877192982456,0.0756302521008403,0
Igip,chr18,+,36300100,-1.16404322400912,2.52216149154,194,0,195,2,216,6,1,1,0.972972972972973
Pfdn1,chr18,-,36454494,,-0.722487852221431,56,55,82,26,67,37,0.504504504504505,0.598540145985402,0.644230769230769
Hbegf,chr18,-,36515804,,0.845290838752,53,115,70,162,81,45,0.31547619047619,0.378378378378378,0.642857142857143
Ankhd1,chr18,+,36560602,-0.288910928628569,,2,124,2,71,2,131,0.0158730158730159,0.0158730158730159,0.0150375939849624
Cd14,chr18,-,36726814,-2.67359114017397,,185,57,173,29,197,67,0.764462809917355,0.752173913043478,0.746212121212121
Wdr55,chr18,+,36760221,,-1.03783298457947,68,297,45,300,43,237,0.186301369863014,0.131578947368421,0.153571428571429
Hars,chr18,-,36783204,,-0.761301173636701,61,218,69,203,68,234,0.218637992831541,0.240418118466899,0.225165562913907
Pcdhb17,chr18,+,37485020,1.70160930267,,142,105,139,85,240,98,0.574898785425101,0.569672131147541,0.710059171597633
Taf7,chr18,-,37644203,0.794825845336,,84,200,65,190,55,161,0.295774647887324,0.245283018867925,0.25462962962963
Pcdhga5,chr18,+,37694374,0.574158702747,,318,290,340,309,394,264,0.523026315789474,0.53968253968254,0.598784194528875
Pcdhga7,chr18,+,37714833,0.567332880735,,107,205,137,130,153,125,0.342948717948718,0.400584795321637,0.550359712230216
Pcdhgb4,chr18,+,37720375,0.560939256699,,115,83,111,60,139,88,0.580808080808081,0.572164948453608,0.612334801762115
Pcdhgb5,chr18,+,37730970,0.55913296067,,271,166,199,115,200,103,0.620137299771167,0.545205479452055,0.66006600660066
Pcdhgb6,chr18,+,37742093,0.589874318567,,50,122,62,87,102,95,0.290697674418605,0.33695652173913,0.517766497461929
Pcdhga11,chr18,+,37755772,0.582960873637,,130,326,227,253,218,235,0.285087719298246,0.410488245931284,0.481236203090508
Pcdhga12,chr18,+,37765579,0.581226967671,,76,46,141,62,109,39,0.622950819672131,0.754010695187166,0.736486486486487
Hdac3,chr18,-,37954987,-0.433206558855391,,20,44,12,54,11,42,0.3125,0.214285714285714,0.207547169811321
Rell2,chr18,+,37955558,-1.50414090439724,2.09303664345,3,68,0,59,1,75,0.0422535211267606,0,0.0131578947368421
Fchsd1,chr18,-,37969730,-1.34296149393983,1.60073568032,7,87,14,117,12,96,0.074468085106383,0.138613861386139,0.111111111111111
Arap3,chr18,-,37998968,0.696458538068,-0.928935763853569,7,10,12,3,19,3,0.411764705882353,0.545454545454545,0.863636363636364
Pcdh1,chr18,-,38209761,5.49849470296,-7.32342268092826,34,25,27,17,42,23,0.576271186440678,0.519230769230769,0.646153846153846
1700086O06Rik,chr18,-,38250564,0.841118166177,,72,191,73,171,55,257,0.273764258555133,0.276515151515151,0.176282051282051
Pcdh12,chr18,-,38284400,7.14234285966,-7.17073650549278,59,43,51,28,79,41,0.57843137254902,0.542553191489362,0.658333333333333
Gnpda1,chr18,-,38338992,-0.719437000854171,,117,112,88,76,89,67,0.510917030567686,0.44,0.57051282051282
Spry4,chr18,-,38601346,-1.88967336608618,,3,135,7,118,6,102,0.0217391304347826,0.0492957746478873,0.0555555555555556
Arhgap26,chr18,+,38993144,,1.53907356396,25,31,16,42,17,55,0.446428571428571,0.340425531914894,0.236111111111111
Nr3c1,chr18,-,39519420,-0.639822068165072,0.555242208867,59,0,56,0,19,4,1,1,0.826086956521739
Lars,chr18,-,42262124,-0.477814900191765,,13,341,10,480,5,390,0.0367231638418079,0.0284900284900285,0.0126582278481013
Stk32a,chr18,+,43207696,,-8.26411208150294,62,109,68,51,50,107,0.362573099415205,0.384180790960452,0.318471337579618
Dpysl3,chr18,-,43438285,8.53891872553,,4,11,8,16,7,15,0.266666666666667,0.421052631578947,0.318181818181818
Dcp2,chr18,+,44380499,0.373540634999,,36,110,30,132,25,116,0.246575342465753,0.214285714285714,0.177304964539007
Trim36,chr18,-,46212606,-1.32074382649783,,23,65,10,48,22,35,0.261363636363636,0.133333333333333,0.385964912280702
Pggt1b,chr18,-,46280849,,0.774580324775,122,77,117,71,162,86,0.613065326633166,0.603092783505155,0.653225806451613
Ccdc112,chr18,-,46311927,-0.636657321017097,1.84932708402,68,49,127,92,68,114,0.581196581196581,0.721590909090909,0.373626373626374
Eif1a,chr18,+,46597703,-0.544640421338849,,1,179,1,79,0,166,0.00555555555555556,0.00555555555555556,0
Ap3s1,chr18,+,46741875,,-0.867450427037795,1,117,2,136,1,91,0.00847457627118644,0.0168067226890756,0.0108695652173913
Sema6a,chr18,-,47368869,5.39117797482,,5,243,0,109,8,216,0.0201612903225806,0,0.0357142857142857
Eno1b,chr18,+,48045334,,-1.37958758226676,54,2,40,0,70,1,0.964285714285714,0.952380952380952,0.985915492957746
Dmxl1,chr18,+,49832996,,1.04046994538,7,348,3,287,13,236,0.0197183098591549,0.00854700854700855,0.0522088353413655
Tnfaip8,chr18,+,49979426,-1.03059060932327,1.02454822035,0,78,0,133,0,100,0,0,0
Hsd17b4,chr18,+,50128200,-0.453842821871006,,30,34,29,26,24,58,0.46875,0.46031746031746,0.292682926829268
Sncaip,chr18,+,52767810,2.51434294407,,12,25,26,21,20,22,0.324324324324324,0.509803921568627,0.476190476190476
Snx24,chr18,+,53245624,-1.89236281684383,,28,44,25,35,26,65,0.388888888888889,0.36231884057971,0.285714285714286
Ppic,chr18,-,53418006,-1.0847951874456,,4,17,14,11,9,0,0.19047619047619,0.451612903225806,1
Redrum,chr18,+,54422294,8.93681642134,,109,0,72,1,101,1,1,1,0.990196078431373
Zfp608,chr18,-,54992590,0.858583981435,,0,22,0,22,0,34,0,0,0
Gramd3,chr18,+,56400339,-0.647082893089986,,357,62,292,28,350,40,0.852028639618139,0.824858757062147,0.897435897435897
Aldh7a1,chr18,-,56572938,-0.752994325456902,,40,278,53,277,67,247,0.125786163522013,0.16012084592145,0.213375796178344
Lmnb1,chr18,+,56707812,,-0.809633997290783,0,177,0,71,0,147,0,0,0
C330018D20Rik,chr18,-,56975378,0.627143937704,,112,22,73,23,104,13,0.835820895522388,0.768421052631579,0.888888888888889
Slc12a2,chr18,+,57878677,0.64446735805,,3,269,0,298,0,130,0.0110294117647059,0,0
Slc27a6,chr18,+,58556239,,2.45167332558,38,50,36,69,17,73,0.431818181818182,0.418604651162791,0.188888888888889
Gm4951,chr18,+,60212076,-1.56358160616509,4.65658279061,7,7,1,8,0,5,0.5,0.125,0
Gm4841,chr18,-,60273266,,3.34174275069,9,2,19,8,4,21,0.818181818181818,0.904761904761905,0.16
F830016B08Rik,chr18,+,60293379,,6.89830303678,10,1,9,3,13,1,0.909090909090909,0.9,0.928571428571429
Iigp1,chr18,+,60373615,,4.39093317362,29,2,24,8,21,21,0.935483870967742,0.923076923076923,0.5
Smim3,chr18,-,60501982,-1.75566513907657,,30,94,9,102,24,97,0.241935483870968,0.087378640776699,0.198347107438017
Synpo,chr18,-,60624304,-2.3171777718186,,54,110,46,116,117,112,0.329268292682927,0.294871794871795,0.510917030567686
Tcof1,chr18,-,60848963,,-0.720139872284623,45,39,50,40,39,54,0.535714285714286,0.561797752808989,0.419354838709677
Camk2a,chr18,+,60925631,,-1.38684379307236,106,20,105,20,77,5,0.841269841269841,0.84,0.939024390243902
Pdgfrb,chr18,+,61045149,-1.46402520174247,1.35651521944,106,40,146,23,74,20,0.726027397260274,0.78494623655914,0.787234042553192
Csf1r,chr18,+,61105571,,-7.75963940391888,94,5,96,3,81,2,0.949494949494949,0.95049504950495,0.975903614457831
Hmgxb3,chr18,-,61177049,-0.4006932697022,,37,144,81,203,36,196,0.204419889502762,0.36,0.155172413793103
Pcyox1l,chr18,-,61707634,,-0.941080238217606,23,199,21,189,19,153,0.103603603603604,0.0954545454545455,0.11046511627907
Afap1l1,chr18,-,61786661,0.8895373938,,34,35,53,15,45,27,0.492753623188406,0.602272727272727,0.625
Ablim3,chr18,-,61911851,-3.34995150151696,,28,6,16,4,15,2,0.823529411764706,0.727272727272727,0.882352941176471
Sh3tc2,chr18,+,61953074,4.91648013797,,108,89,94,75,66,72,0.548223350253807,0.513661202185792,0.478260869565217
Adrb2,chr18,-,62179980,2.95080751496,,118,70,73,85,98,102,0.627659574468085,0.510489510489511,0.49
Napg,chr18,+,62977915,,0.793426318605,9,0,10,0,7,2,1,1,0.777777777777778
Piezo2,chr18,-,63387182,5.4747666354,,143,86,135,53,141,73,0.624454148471616,0.610859728506787,0.658878504672897
Fech,chr18,-,64489097,0.687812087041,-1.03606910204734,26,55,20,104,20,97,0.320987654320988,0.266666666666667,0.170940170940171
Nars,chr18,-,64516514,,-0.740828447894541,38,212,29,222,34,258,0.152,0.120331950207469,0.116438356164384
Nedd4l,chr18,+,64887755,-0.690752600670211,,0,58,0,22,0,66,0,0,0
Zfp532,chr18,+,65580229,,1.90005350714,71,20,71,7,52,15,0.78021978021978,0.78021978021978,0.776119402985075
Ccbe1,chr18,-,66291837,,3.36681551705,23,204,25,218,19,249,0.101321585903084,0.109170305676856,0.0708955223880597
Pmaip1,chr18,+,66458603,-2.42196036515411,,6,163,29,153,14,112,0.0355029585798817,0.151041666666667,0.111111111111111
Gnal,chr18,+,67088297,,1.097721635,154,109,123,71,127,123,0.585551330798479,0.530172413793103,0.508
Chmp1b,chr18,+,67205358,,0.934874640422,88,246,67,262,72,230,0.263473053892216,0.21405750798722,0.23841059602649
Mppe1,chr18,-,67245829,0.598030292383,0.910487011614,67,132,57,124,29,160,0.336683417085427,0.301587301587302,0.153439153439153
Spire1,chr18,-,67610905,1.95811371634,-1.87807381898337,57,129,45,108,46,130,0.306451612903226,0.258620689655172,0.261363636363636
Seh1l,chr18,+,67774875,-0.401180930430253,,43,76,52,93,23,52,0.361344537815126,0.40625,0.306666666666667
Mc2r,chr18,-,68429319,7.57172064656,,128,22,98,2,126,9,0.853333333333333,0.816666666666667,0.933333333333333
Tcf4,chr18,+,69344491,,0.937863619105,42,158,67,144,45,135,0.21,0.297777777777778,0.25
Rab27b,chr18,-,70141604,,2.3120020712,212,79,193,91,249,64,0.728522336769759,0.709558823529412,0.795527156549521
Elac1,chr18,-,73754478,,1.01007856003,122,54,105,84,141,96,0.693181818181818,0.660377358490566,0.59493670886076
Me2,chr18,-,73815437,,-0.555384978280897,6,110,4,133,14,133,0.0517241379310345,0.0350877192982456,0.0952380952380952
Ska1,chr18,-,74207817,,-1.31724071217111,28,43,22,15,31,33,0.394366197183099,0.338461538461539,0.484375
Acaa2,chr18,+,74779211,-0.37478375813457,,0,118,0,115,1,89,0,0,0.0111111111111111
Lipg,chr18,-,74961262,-5.37350518632924,,1,95,1,88,0,114,0.0104166666666667,0.0104166666666667,0
Dym,chr18,+,75018763,-0.361338181716155,,111,84,96,138,111,111,0.569230769230769,0.533333333333333,0.5
Smad7,chr18,+,75367364,1.26090612932,,1,184,0,183,1,123,0.00540540540540541,0,0.00806451612903226
Hdhd2,chr18,+,76944114,-0.488494165057732,,49,192,56,293,37,208,0.203319502074689,0.225806451612903,0.151020408163265
8030462N17Rik,chr18,-,77714487,0.424134077279,,120,73,81,54,123,112,0.621761658031088,0.525974025974026,0.523404255319149
Atp5a1,chr18,+,77773767,,-0.691320572054759,60,77,70,76,67,63,0.437956204379562,0.476190476190476,0.515384615384615
Slc14a1,chr18,-,78142118,,1.4942082477,43,23,40,37,66,53,0.651515151515152,0.634920634920635,0.554621848739496
Setbp1,chr18,-,79110443,5.23530822023,-1.33876641052195,39,119,28,129,40,131,0.246835443037975,0.19047619047619,0.233918128654971
Pard6g,chr18,+,80046894,-0.733718185218518,,76,11,82,9,57,6,0.873563218390805,0.881720430107527,0.904761904761905
Hsbp1l1,chr18,-,80247101,2.9795411081,,115,2,81,1,138,2,0.982905982905983,0.975903614457831,0.985714285714286
Kcng2,chr18,-,80364253,2.79615072826,-1.97334150915564,133,43,153,41,162,23,0.755681818181818,0.780612244897959,0.875675675675676
Zfp516,chr18,+,82910878,0.646866756703,,0,30,0,50,0,64,0,0,0
Tshz1,chr18,-,84087707,-0.693656885336336,0.842818842302,7,62,7,77,6,100,0.101449275362319,0.101449275362319,0.0566037735849057
Zadh2,chr18,+,84088157,-1.06320815415754,,4,58,2,65,4,81,0.0645161290322581,0.0333333333333333,0.0470588235294118
Tmx3,chr18,+,90510153,,0.685859034697,1,87,0,77,0,89,0.0113636363636364,0,0
Mrpl21,chr19,+,3283041,,-1.3039814753504,37,132,44,87,32,119,0.218934911242604,0.25,0.211920529801325
Cpt1a,chr19,+,3323300,-2.00476635491576,1.78415852004,0,143,1,155,2,142,0,0.00694444444444444,0.0138888888888889
Ndufs8,chr19,-,3912773,,-0.685946075811301,4,79,22,158,20,117,0.0481927710843374,0.217821782178218,0.145985401459854
Aldh3b1,chr19,-,3929777,,-3.53872638669849,43,4,38,2,36,4,0.914893617021277,0.904761904761905,0.9
Acy3,chr19,+,3986569,2.16144816829,-0.942818274677568,2,23,2,8,5,24,0.08,0.08,0.172413793103448
Nudt8,chr19,+,4000579,-0.455341138250775,,127,216,100,192,75,106,0.370262390670554,0.316455696202532,0.414364640883978
Ndufv1,chr19,-,4012754,,-0.694751558206547,32,146,23,112,29,125,0.179775280898876,0.136094674556213,0.188311688311688
Pitpnm1,chr19,+,4099997,-2.17300303487216,2.63629825974,5,13,8,11,6,16,0.277777777777778,0.380952380952381,0.272727272727273
Aip,chr19,-,4125857,-0.34320136441576,,20,25,15,34,17,27,0.444444444444444,0.375,0.386363636363636
Ppp1ca,chr19,+,4192173,,-0.65265869214188,11,19,3,28,3,14,0.366666666666667,0.136363636363636,0.176470588235294
Clcf1,chr19,+,4214237,-1.08634703664164,1.683764441,0,25,0,38,0,46,0,0,0
Ssh3,chr19,-,4269232,-0.60440520155627,1.41015065326,18,30,15,27,15,18,0.375,0.333333333333333,0.454545454545455
Ankrd13d,chr19,-,4283136,0.951581425111,,11,12,21,16,16,18,0.478260869565217,0.636363636363636,0.470588235294118
A930001C03Rik,chr19,+,4439322,-2.26724093560373,,25,60,37,41,32,78,0.294117647058824,0.381443298969072,0.290909090909091
Rhod,chr19,-,4439442,-1.67709836545709,,25,61,39,59,31,88,0.290697674418605,0.39,0.260504201680672
Syt12,chr19,-,4477142,-4.35780584258537,,15,35,30,54,16,23,0.3,0.461538461538462,0.41025641025641
Pcx,chr19,+,4510471,0.76070180714,-1.14504937788897,10,276,7,278,4,142,0.034965034965035,0.0247349823321555,0.0273972602739726
Lrfn4,chr19,-,4615666,-0.64063543735225,,0,43,0,40,1,44,0,0,0.0222222222222222
Rbm4,chr19,-,4794008,0.427827588417,,22,129,39,140,39,95,0.145695364238411,0.232142857142857,0.291044776119403
Rbm14,chr19,-,4811633,,-0.804118657542681,45,284,55,286,49,315,0.13677811550152,0.162241887905605,0.134615384615385
Ctsf,chr19,+,4855164,1.1184706588,0.989404319933,162,27,122,12,120,30,0.857142857142857,0.818791946308725,0.8
Bbs1,chr19,-,4906626,0.834217659465,,86,124,86,133,72,134,0.40952380952381,0.40952380952381,0.349514563106796
Dpp3,chr19,-,4928286,,-0.977028343245822,0,13,0,10,0,7,0,0,0
Mrpl11,chr19,+,4962305,,-0.834286569979725,0,229,0,195,0,158,0,0,0
Rin1,chr19,+,5050814,-4.21192048479064,,9,2,11,2,0,0,0.818181818181818,0.846153846153846,
Eif1ad,chr19,+,5366812,,-0.828277696703109,9,33,11,133,13,97,0.214285714285714,0.25,0.118181818181818
Banf1,chr19,-,5366875,,-0.75070693306944,9,33,11,133,13,97,0.214285714285714,0.25,0.118181818181818
4930481A15Rik,chr19,+,5406814,,1.61201533192,88,77,63,73,55,137,0.533333333333333,0.45,0.286458333333333
Fosl1,chr19,+,5447697,-1.62778427681597,,65,151,63,92,45,154,0.300925925925926,0.294392523364486,0.226130653266332
Ctsw,chr19,-,5468506,0.883563037511,,101,21,124,53,111,58,0.827868852459016,0.855172413793104,0.656804733727811
Cfl1,chr19,+,5490454,,-0.699925187849628,66,407,31,581,43,429,0.13953488372093,0.0707762557077626,0.0911016949152542
Snx32,chr19,-,5510516,,1.43834270851,4,58,4,47,3,111,0.0645161290322581,0.0645161290322581,0.0263157894736842
Ap5b1,chr19,+,5568023,-0.751600989189144,,4,80,2,94,1,108,0.0476190476190476,0.024390243902439,0.0091743119266055
Rnaseh2c,chr19,+,5601872,,-0.676523620580836,40,3,32,0,33,0,0.930232558139535,0.914285714285714,1
Sipa1,chr19,-,5663706,0.625642766967,,10,18,12,9,17,19,0.357142857142857,0.4,0.472222222222222
Ltbp3,chr19,+,5740899,-2.50523554293567,4.6339012615,31,3,51,3,40,4,0.911764705882353,0.944444444444444,0.909090909090909
Malat1,chr19,-,5802671,,2.90141420737,2,240,1,296,0,313,0.00826446280991736,0.004149377593361,0
Neat1,chr19,-,5845479,-1.40436407388253,2.93874976307,9,177,0,128,1,214,0.0483870967741936,0,0.00465116279069768
Slc25a45,chr19,+,5877821,0.721921744646,,25,32,33,22,22,15,0.43859649122807,0.507692307692308,0.594594594594595
Tigd3,chr19,-,5894127,0.853966773022,,67,79,61,95,44,92,0.458904109589041,0.435714285714286,0.323529411764706
Pola2,chr19,-,5964205,,-0.822780165790156,34,263,19,251,16,276,0.114478114478115,0.0673758865248227,0.0547945205479452
Gm10814,chr19,+,6012619,-0.76873947229597,,113,16,59,4,58,2,0.875968992248062,0.786666666666667,0.966666666666667
Capn1,chr19,-,6015824,-0.833921376089543,,8,6,2,1,3,9,0.571428571428571,0.25,0.25
Mrpl49,chr19,-,6057754,,-0.774936406278902,11,243,8,174,5,159,0.0433070866141732,0.0318725099601594,0.0304878048780488
Tm7sf2,chr19,-,6067849,-2.01611341873878,,38,67,22,46,39,67,0.361904761904762,0.247191011235955,0.367924528301887
Cdca5,chr19,+,6085096,,-1.28263098725388,11,165,17,232,6,200,0.0625,0.0934065934065934,0.029126213592233
Ehd1,chr19,+,6276895,,-1.39333888387228,7,168,3,141,0,209,0.04,0.0175438596491228,0
Map4k2,chr19,+,6341159,1.03563694443,,0,7,1,9,0,7,0,0.125,0
Pygm,chr19,+,6384407,1.95907729109,1.50353030423,102,25,112,31,85,41,0.803149606299213,0.817518248175183,0.674603174603175
Slc22a12,chr19,-,6543069,3.50984364623,,244,13,228,17,185,10,0.949416342412451,0.946058091286307,0.948717948717949
Rps6ka4,chr19,-,6840626,-0.928846217510555,,12,24,36,18,17,29,0.333333333333333,0.6,0.369565217391304
Ccdc88b,chr19,-,6858210,-0.456075900893029,,21,3,12,3,25,1,0.875,0.8,0.961538461538461
Trmt112,chr19,+,6909697,0.59729027889,,3,90,1,106,1,64,0.032258064516129,0.010989010989011,0.0153846153846154
Prdx5,chr19,-,6910105,-0.495796365129139,,15,88,12,99,7,63,0.145631067961165,0.12,0.1
Gpr137,chr19,-,6942449,-0.557084550702161,,0,201,11,187,5,143,0,0.0518867924528302,0.0337837837837838
Ppp1r14b,chr19,+,6975047,,-0.825559308837641,1,15,7,25,2,17,0.0625,0.318181818181818,0.105263157894737
Vegfb,chr19,-,6987650,-0.549117726605605,,40,49,32,32,36,57,0.449438202247191,0.395061728395062,0.387096774193548
Trpt1,chr19,+,6996130,-0.687684588601749,,21,31,16,36,9,21,0.403846153846154,0.340425531914894,0.3
Stip1,chr19,-,7040025,,-0.973757083333704,22,163,5,168,9,216,0.118918918918919,0.0297619047619048,0.04
Macrod1,chr19,+,7056767,,0.916560367118,45,13,30,23,46,34,0.775862068965517,0.697674418604651,0.575
Cox8a,chr19,-,7217615,-0.3476863917854,,57,38,73,27,73,31,0.6,0.657657657657658,0.701923076923077
2700081O15Rik,chr19,+,7417624,2.23493543592,,1,23,0,52,1,46,0.0416666666666667,0,0.0212765957446809
Mir6991,chr19,+,7422572,2.25809194417,,458,29,475,15,379,28,0.940451745379877,0.942460317460317,0.931203931203931
Rtn3,chr19,-,7483290,-0.408946323353881,,1,49,0,41,0,64,0.02,0,0
Atl3,chr19,+,7494039,-0.353162813121342,,107,66,80,71,95,80,0.61849710982659,0.547945205479452,0.542857142857143
Slc22a26,chr19,-,7802666,4.90460303998,,109,22,91,10,95,8,0.83206106870229,0.805309734513274,0.922330097087379
Slc3a2,chr19,-,8723368,-0.423836670801498,,5,299,13,289,4,263,0.0164473684210526,0.0416666666666667,0.0149812734082397
Wdr74,chr19,+,8735838,,-0.879731803627217,132,224,104,224,121,225,0.370786516853933,0.317073170731707,0.34971098265896
Mir6992,chr19,+,8742970,,3.70571912279,73,29,101,28,76,27,0.715686274509804,0.776923076923077,0.737864077669903
Ttc9c,chr19,-,8819293,-0.360116288930195,,7,133,9,154,10,91,0.05,0.0633802816901408,0.099009900990099
Gng3,chr19,-,8839245,0.931066853538,,167,6,125,10,148,18,0.965317919075144,0.954198473282443,0.891566265060241
1810009A15Rik,chr19,+,8888882,,-0.877023854694337,0,285,0,256,1,281,0,0,0.00354609929078014
Ints5,chr19,+,8892986,,-0.88701333295544,59,226,45,136,56,248,0.207017543859649,0.166051660516605,0.184210526315789
Ganab,chr19,+,8898056,-0.430163936694608,,74,105,58,169,50,222,0.41340782122905,0.355828220858896,0.183823529411765
Eef1g,chr19,+,8967040,-0.28132202603241,-0.687587520357005,38,222,22,172,31,240,0.146153846153846,0.0901639344262295,0.114391143911439
Ahnak,chr19,+,8989283,0.853577589349,,11,0,14,0,19,1,1,1,0.95
Incenp,chr19,-,9899488,,-1.26236409907506,11,177,10,130,13,144,0.0585106382978723,0.053475935828877,0.0828025477707006
Fth1,chr19,+,9980599,-0.674174726004823,-0.600409502363887,155,3,146,6,135,11,0.981012658227848,0.979865771812081,0.924657534246575
Rab3il1,chr19,+,10001668,0.664187413248,-1.38670559038668,76,3,57,2,53,2,0.962025316455696,0.95,0.963636363636364
Fads2,chr19,-,10101502,-1.04580394307383,-0.784094897815066,2,222,14,278,0,122,0.00892857142857143,0.0593220338983051,0
Fads1,chr19,+,10182887,-1.172929143324,,25,58,40,96,21,135,0.301204819277108,0.408163265306122,0.134615384615385
Fen1,chr19,-,10204392,,-1.35998848130002,24,207,22,205,19,254,0.103896103896104,0.0960698689956332,0.0695970695970696
Syt7,chr19,+,10389022,2.53669533768,,47,22,35,26,36,43,0.681159420289855,0.614035087719298,0.455696202531646
Ddb1,chr19,+,10605596,,-0.842179089707141,26,74,23,105,24,97,0.26,0.237113402061856,0.198347107438017
Cd6,chr19,-,10830057,2.91969059219,,38,0,39,0,30,1,1,1,0.967741935483871
Slc15a3,chr19,+,10842543,,-2.72407600419286,45,131,92,81,90,59,0.255681818181818,0.412556053811659,0.604026845637584
Tmem132a,chr19,-,10869778,,-1.32812441590759,22,27,12,23,11,34,0.448979591836735,0.307692307692308,0.244444444444444
Tmem109,chr19,-,10881742,-0.772962406724225,-0.852685522878618,33,116,37,127,16,100,0.221476510067114,0.241830065359477,0.137931034482759
Prpf19,chr19,+,10895230,,-0.856782431556143,19,193,17,166,15,146,0.089622641509434,0.080952380952381,0.093167701863354
Ccdc86,chr19,-,10949265,,-1.26730224276645,48,91,27,77,32,71,0.345323741007194,0.228813559322034,0.310679611650485
AW112010,chr19,-,11050565,-1.94733683194693,3.11179625883,61,21,39,24,48,48,0.74390243902439,0.65,0.5
Ms4a6d,chr19,-,11604803,1.63698378344,,119,7,106,4,117,4,0.944444444444444,0.938053097345133,0.966942148760331
Ms4a2,chr19,-,11623718,-3.13176148242437,,50,4,47,0,71,0,0.925925925925926,0.92156862745098,1
Ms4a3,chr19,-,11640850,,-2.88917983374009,95,5,80,1,87,3,0.95,0.941176470588235,0.966666666666667
Oosp1,chr19,-,11691050,5.8023890272,,52,8,35,8,49,3,0.866666666666667,0.813953488372093,0.942307692307692
Mrpl16,chr19,+,11770414,,-0.886390939654313,78,145,64,91,77,138,0.349775784753363,0.30622009569378,0.358139534883721
Stx3,chr19,-,11819402,,1.06054396226,4,147,0,83,1,103,0.0264900662251656,0,0.00961538461538462
Mpeg1,chr19,+,12460769,1.47600221359,-5.68255346831412,127,27,103,33,100,17,0.824675324675325,0.792307692307692,0.854700854700855
Dtx4,chr19,-,12501995,,-1.53442081218699,77,189,70,167,82,152,0.289473684210526,0.27027027027027,0.35042735042735
Fam111a,chr19,+,12573509,-0.53831848768812,,0,46,1,31,0,42,0,0.0212765957446809,0
Zfp91,chr19,-,12796122,-0.410781630265005,0.51645379538,0,97,0,133,1,109,0,0,0.00909090909090909
Tle4,chr19,-,14598182,0.475204521329,,0,347,1,344,2,252,0,0.0028735632183908,0.0078740157480315
Psat1,chr19,-,15925058,-0.504960030274589,-1.16875767879849,27,178,27,196,9,116,0.131707317073171,0.131707317073171,0.072
Gnaq,chr19,+,16132683,,0.781750240441,5,30,4,117,9,101,0.142857142857143,0.117647058823529,0.0818181818181818
Gna14,chr19,+,16435666,3.94533403824,,104,133,119,129,113,130,0.438818565400844,0.472222222222222,0.465020576131687
Vps13a,chr19,-,16780932,,0.966150291102,19,206,15,211,3,98,0.0844444444444445,0.0678733031674208,0.0297029702970297
Prune2,chr19,+,16956117,-0.811659442338609,1.81519517984,113,110,88,102,113,49,0.506726457399103,0.444444444444444,0.697530864197531
Gcnt1,chr19,-,17372843,-0.694881466302733,0.70803939982,33,4,45,0,56,2,0.891891891891892,0.918367346938776,0.96551724137931
Trpm6,chr19,+,18749729,,2.85657427553,29,60,44,36,29,54,0.325842696629214,0.423076923076923,0.349397590361446
Anxa1,chr19,-,20390670,-1.13384639957592,1.42842604732,68,93,57,93,57,78,0.422360248447205,0.38,0.422222222222222
Aldh1a1,chr19,+,20492582,-6.84799018818288,8.34452524508,18,6,20,7,11,3,0.75,0.769230769230769,0.785714285714286
Zfand5,chr19,+,21272277,,1.17624529516,11,31,4,26,7,25,0.261904761904762,0.114285714285714,0.21875
Gda,chr19,-,21472660,,4.46202671259,28,32,27,23,16,53,0.466666666666667,0.457627118644068,0.231884057971015
Klf9,chr19,+,23141225,-1.23599473138083,2.90610716106,42,230,37,175,5,167,0.154411764705882,0.138576779026217,0.0290697674418605
Smc5,chr19,-,23273896,0.538840443223,,42,50,31,60,37,87,0.456521739130435,0.382716049382716,0.298387096774194
Mamdc2,chr19,-,23448321,1.00213312919,,45,27,82,46,62,19,0.625,0.752293577981651,0.765432098765432
Apba1,chr19,+,23758875,1.71335694349,,2,5,1,5,1,11,0.285714285714286,0.166666666666667,0.0833333333333333
Tjp2,chr19,-,24225127,-0.602464052100247,,50,152,81,180,76,124,0.247524752475248,0.347639484978541,0.38
Fxn,chr19,-,24280589,,-0.760990506226781,8,159,5,254,8,183,0.0479041916167665,0.0304878048780488,0.0418848167539267
Foxd4,chr19,-,24901015,5.12588623288,,7,119,15,150,14,102,0.0555555555555556,0.111940298507463,0.120689655172414
Dock8,chr19,+,24999528,,0.547027125694,4,149,7,228,4,161,0.0261437908496732,0.0448717948717949,0.0242424242424242
Smarca2,chr19,+,26605159,-0.830948556270555,1.543774693,0,25,0,0,0,26,0,0,0
4931403E22Rik,chr19,-,26823906,,1.32355745759,73,8,78,4,77,3,0.901234567901234,0.906976744186047,0.9625
Vldlr,chr19,+,27216483,,1.29893116392,49,74,47,69,45,111,0.398373983739837,0.388429752066116,0.288461538461538
Rfx3,chr19,-,28011165,0.792868731591,,1,14,0,7,0,20,0.0666666666666667,0,0
Cdc37l1,chr19,+,28990366,-0.626775954558594,,76,235,82,338,64,149,0.244372990353698,0.258675078864353,0.300469483568075
Ak3,chr19,-,29047960,-0.351657028134465,,28,90,16,82,17,92,0.23728813559322,0.150943396226415,0.155963302752294
Jak2,chr19,+,29251802,,0.706217601018,5,25,3,15,5,25,0.166666666666667,0.107142857142857,0.166666666666667
Insl6,chr19,-,29325317,-1.72843737384703,,259,141,211,93,246,202,0.6475,0.599431818181818,0.549107142857143
Cd274,chr19,+,29367437,,0.858240981538,32,311,2,230,9,271,0.0932944606413994,0.00638977635782748,0.0321428571428571
A930007I19Rik,chr19,-,29521986,1.15338869335,,122,227,103,185,141,201,0.349570200573066,0.312121212121212,0.412280701754386
Il33,chr19,+,29925112,5.14401799254,,49,3,38,8,45,9,0.942307692307692,0.926829268292683,0.833333333333333
Gldc,chr19,-,30175440,,-7.59470264880049,14,52,19,54,18,29,0.212121212121212,0.267605633802817,0.382978723404255
Dkk1,chr19,-,30549495,7.98619305545,-6.45246730807892,18,120,18,79,19,105,0.130434782608696,0.130434782608696,0.153225806451613
8430431K14Rik,chr19,-,31216395,,5.86422097177,23,0,27,0,18,0,1,1,1
Prkg1,chr19,-,31765032,,2.13352479753,18,18,27,20,28,21,0.5,0.6,0.571428571428571
A1cf,chr19,+,31868812,3.87669237672,,76,7,68,2,103,11,0.91566265060241,0.906666666666667,0.903508771929825
Asah2,chr19,-,32103139,,1.05635697863,350,117,365,33,274,83,0.749464668094218,0.757261410788382,0.767507002801121
Minpp1,chr19,+,32485768,0.388258727418,-0.93823824733044,17,176,24,183,15,202,0.0880829015544041,0.12,0.0691244239631337
Atad1,chr19,-,32712297,-0.421590856706339,,37,85,51,76,60,54,0.30327868852459,0.375,0.526315789473684
Pten,chr19,+,32757576,-0.998864203392473,0.99115756757,0,69,0,21,0,77,0,0,0
Lipo1,chr19,-,33787451,1.74376572757,,52,3,48,3,59,3,0.945454545454546,0.941176470588235,0.951612903225806
Stambpl1,chr19,+,34192228,,1.05391263305,94,64,82,75,75,61,0.59493670886076,0.561643835616438,0.551470588235294
Fas,chr19,+,34290658,-2.56107897017516,,28,35,16,37,20,58,0.444444444444444,0.313725490196078,0.256410256410256
Ifit2,chr19,+,34550693,,1.16122974651,66,123,43,118,32,114,0.349206349206349,0.259036144578313,0.219178082191781
Slc16a12,chr19,-,34747327,-3.31262513881417,4.49158182774,100,25,118,15,93,4,0.8,0.825174825174825,0.958762886597938
Pank1,chr19,-,34879454,-0.509018655619157,0.656020677659,10,28,13,47,9,32,0.263157894736842,0.317073170731707,0.219512195121951
Kif20b,chr19,+,34922357,-0.523894505526424,,29,215,7,211,18,202,0.118852459016393,0.0315315315315315,0.0818181818181818
Hectd2,chr19,+,36554638,,2.20866995359,6,105,17,101,1,55,0.0540540540540541,0.139344262295082,0.0178571428571429
Fgfbp3,chr19,-,36919598,0.974048344974,,220,321,120,191,514,396,0.406654343807763,0.272108843537415,0.564835164835165
Cpeb3,chr19,-,37207470,1.75526597492,,0,29,0,19,1,16,0,0,0.0588235294117647
Hhex,chr19,+,37434840,0.362610230236,,0,139,0,91,1,116,0,0,0.00854700854700855
Myof,chr19,-,38043576,,2.78121948826,56,224,49,215,14,201,0.2,0.17948717948718,0.0651162790697674
Cep55,chr19,+,38054983,-0.494511718082553,,1,89,0,98,1,130,0.0111111111111111,0,0.00763358778625954
Rbp4,chr19,-,38125320,5.87875898307,-8.44175895739042,9,34,11,36,9,30,0.209302325581395,0.244444444444444,0.230769230769231
Slc35g1,chr19,+,38395979,-0.614455475569532,,35,19,48,17,35,19,0.648148148148148,0.716417910447761,0.648148148148148
Pdlim1,chr19,-,40271615,-0.634249002257327,,6,110,8,123,3,85,0.0517241379310345,0.0677966101694915,0.0340909090909091
Sorbs1,chr19,-,40513811,0.531094075662,,15,118,20,157,15,236,0.112781954887218,0.144927536231884,0.0597609561752988
Aldh18a1,chr19,-,40588462,,-0.845412132146595,0,110,0,113,1,110,0,0,0.00900900900900901
Entpd1,chr19,+,40612365,0.685881484056,,74,152,48,102,74,180,0.327433628318584,0.24,0.291338582677165
Dntt,chr19,+,41029274,-3.32379796828686,,59,4,87,23,65,10,0.936507936507937,0.956043956043956,0.866666666666667
Pik3ap1,chr19,-,41385101,0.572247253561,,24,107,5,66,19,81,0.183206106870229,0.0446428571428571,0.19
Arhgap19,chr19,-,41802083,0.513139241105,-1.71169059066092,15,297,13,247,17,243,0.0480769230769231,0.0419354838709678,0.0653846153846154
Frat1,chr19,+,41829969,1.54607139062,-1.00863188791582,6,109,1,91,5,141,0.0521739130434783,0.00909090909090909,0.0342465753424658
Frat2,chr19,-,41848131,1.11443642024,,10,136,2,112,2,106,0.0684931506849315,0.0144927536231884,0.0185185185185185
Rrp12,chr19,-,41896152,,-1.00469229911351,95,295,100,391,70,443,0.243589743589744,0.253164556962025,0.1364522417154
Pgam1,chr19,+,41911870,,-1.31618628688468,0,11,0,23,1,20,0,0,0.0476190476190476
Zdhhc16,chr19,+,41933444,-0.503855129608464,,9,147,5,153,13,135,0.0576923076923077,0.0328947368421053,0.0878378378378378
Mms19,chr19,-,41981135,-0.369124355182475,,1,120,0,126,2,133,0.00826446280991736,0,0.0148148148148148
Pi4k2a,chr19,+,42090434,-0.404279893922594,,28,223,22,295,24,197,0.111553784860558,0.0897959183673469,0.108597285067873
Avpi1,chr19,-,42128992,-0.966871211255105,,39,261,47,208,32,211,0.13,0.152597402597403,0.131687242798354
Marveld1,chr19,+,42147388,,0.724994384761,46,67,25,90,45,66,0.407079646017699,0.271739130434783,0.405405405405405
Crtac1,chr19,-,42431787,4.20627354459,,3,37,5,27,3,17,0.075,0.119047619047619,0.15
Pyroxd2,chr19,-,42752774,1.78700830364,,49,26,81,20,78,29,0.653333333333333,0.757009345794393,0.728971962616822
Got1,chr19,-,43524604,-0.734875797053489,-0.832664123285067,31,88,33,66,26,67,0.260504201680672,0.272727272727273,0.279569892473118
Nkx2-3,chr19,+,43612324,1.72674341729,,17,165,15,112,10,181,0.0934065934065934,0.0833333333333333,0.0523560209424084
BC037704,chr19,+,43675177,1.10321055207,,0,79,0,64,0,27,0,0,0
Dnmbp,chr19,-,43940197,-0.73070494558371,0.701329230423,223,58,201,60,139,65,0.793594306049822,0.776061776061776,0.681372549019608
Erlin1,chr19,-,44069784,-0.440017595779386,,41,45,38,42,29,43,0.476744186046512,0.457831325301205,0.402777777777778
Chuk,chr19,-,44107476,-0.588316847736166,,134,277,123,345,92,292,0.326034063260341,0.3075,0.239583333333333
Scd2,chr19,+,44293675,,-1.344671654999,0,39,0,43,0,33,0,0,0
Mir5114,chr19,+,44303170,,-1.47789712700065,147,3,140,4,139,12,0.98,0.979020979020979,0.920529801324503
Scd1,chr19,-,44407708,-4.36584546835891,-3.34295070207455,2,70,4,65,13,55,0.0277777777777778,0.0540540540540541,0.191176470588235
Ndufb8,chr19,-,44555441,,-0.855549174699905,100,59,85,64,46,18,0.628930817610063,0.590277777777778,0.71875
Sema4g,chr19,+,44989343,3.76115229658,,46,54,58,41,36,44,0.46,0.517857142857143,0.45
Pdzd7,chr19,-,45045771,-0.730563171895406,,91,230,112,215,83,195,0.283489096573209,0.327485380116959,0.298561151079137
Sfxn3,chr19,+,45047575,-0.615890464472971,0.792263426899,7,191,0,154,2,156,0.0353535353535354,0,0.0126582278481013
Kazald1,chr19,+,45075240,-1.98377398884394,2.71927842681,0,163,0,97,1,160,0,0,0.0062111801242236
Btrc,chr19,+,45363733,0.543424782364,,0,55,0,55,0,15,0,0,0
Poll,chr19,-,45560563,,-0.683634227732728,79,65,94,134,112,95,0.548611111111111,0.591194968553459,0.541062801932367
Npm3,chr19,-,45749564,,-0.876179608303912,10,34,9,62,14,48,0.227272727272727,0.209302325581395,0.225806451612903
Kcnip2,chr19,-,45816062,3.34326085652,,100,48,76,48,92,29,0.675675675675676,0.612903225806452,0.760330578512397
Hps6,chr19,+,46003477,-0.810093307583099,,67,104,48,77,61,94,0.391812865497076,0.315789473684211,0.393548387096774
Pprc1,chr19,+,46056538,,-0.597653608122506,34,105,42,158,43,125,0.244604316546763,0.285714285714286,0.255952380952381
Nolc1,chr19,+,46075846,,-0.967259010120547,198,156,241,107,121,144,0.559322033898305,0.607052896725441,0.456603773584906
Nfkb2,chr19,+,46304736,-0.651911441960843,,31,43,19,62,26,28,0.418918918918919,0.306451612903226,0.481481481481482
Cuedc2,chr19,-,46338659,-0.463082986871203,,93,203,78,190,83,196,0.314189189189189,0.277580071174377,0.297491039426523
Sufu,chr19,+,46396895,0.567088996453,-0.699557905627816,28,195,15,141,13,126,0.125560538116592,0.0714285714285714,0.0935251798561151
Sfxn2,chr19,+,46573364,0.443538840224,,37,227,28,194,39,245,0.140151515151515,0.109803921568627,0.137323943661972
As3mt,chr19,+,46707457,1.48321100803,,88,15,50,48,48,3,0.854368932038835,0.769230769230769,0.941176470588235
Pcgf6,chr19,-,47050905,-0.473355063958437,,19,198,38,306,27,207,0.0875576036866359,0.161016949152542,0.115384615384615
Pdcd11,chr19,+,47090765,,-0.634431356995051,50,261,35,196,39,280,0.160771704180064,0.118243243243243,0.122257053291536
Neurl1a,chr19,+,47178819,2.67453126253,,12,40,16,41,9,35,0.230769230769231,0.285714285714286,0.204545454545455
Sh3pxd2a,chr19,-,47464410,-1.62670403909209,1.29742037259,11,221,6,157,11,149,0.0474137931034483,0.026431718061674,0.06875
Slk,chr19,+,47580018,-0.445114615456697,0.650090919408,2,323,8,367,3,205,0.00615384615384615,0.0241691842900302,0.0144230769230769
Col17a1,chr19,-,47692041,4.41161677759,,31,1,46,7,60,1,0.96875,0.978723404255319,0.983606557377049
Sfr1,chr19,+,47731755,0.457618472333,,48,38,49,82,41,56,0.558139534883721,0.563218390804598,0.422680412371134
Gsto1,chr19,+,47854972,-0.457106533189242,,79,206,63,204,59,332,0.27719298245614,0.234200743494424,0.150895140664962
Sorcs1,chr19,-,50678645,3.26281295303,,0,0,0,33,5,31,,,0.138888888888889
Xpnpep1,chr19,-,53038653,,-0.851921066669365,193,231,252,255,243,246,0.455188679245283,0.521739130434783,0.496932515337423
Add3,chr19,+,53140442,0.579897327186,,78,23,41,31,70,31,0.772277227722772,0.640625,0.693069306930693
Dusp5,chr19,+,53529144,,-0.97625620671321,10,41,24,63,5,31,0.196078431372549,0.369230769230769,0.138888888888889
Rbm20,chr19,+,53677305,,2.32035190785,125,61,125,49,167,50,0.672043010752688,0.672043010752688,0.769585253456221
Pdcd4,chr19,+,53892230,,2.13578358383,20,2,34,3,24,6,0.909090909090909,0.944444444444444,0.8
Bbip1,chr19,-,53944626,,0.759722427896,0,10,0,18,0,11,0,0,0
Adra2a,chr19,+,54045258,4.91190501095,,8,173,6,214,2,105,0.0441988950276243,0.0335195530726257,0.0186915887850467
Gpam,chr19,-,55127237,0.491361916162,,180,18,115,7,198,15,0.909090909090909,0.864661654135338,0.929577464788732
Acsl5,chr19,+,55253368,-0.391661564924563,,12,49,10,57,7,52,0.19672131147541,0.169491525423729,0.11864406779661
Zdhhc6,chr19,-,55316035,,-0.623398105983791,42,64,24,38,40,72,0.39622641509434,0.272727272727273,0.357142857142857
Tcf7l2,chr19,+,55741809,1.16393072373,,0,55,1,48,1,26,0,0.0178571428571429,0.037037037037037
Nrap,chr19,-,56390037,,2.2748582782,125,29,122,30,177,20,0.811688311688312,0.80794701986755,0.898477157360406
Casp7,chr19,+,56397128,0.46916014562,,27,172,17,157,17,190,0.135678391959799,0.0899470899470899,0.0821256038647343
Plekhs1,chr19,+,56461636,3.82035657105,,152,6,138,6,97,5,0.962025316455696,0.958333333333333,0.950980392156863
Dclre1a,chr19,-,56548221,0.460359247504,,69,51,55,28,73,40,0.575,0.518867924528302,0.646017699115044
Nhlrc2,chr19,+,56548260,0.569114274707,,69,51,55,28,73,40,0.575,0.518867924528302,0.646017699115044
Adrb1,chr19,+,56722116,,-7.7264271586699,17,62,12,82,18,77,0.215189873417722,0.162162162162162,0.189473684210526
Tdrd1,chr19,+,56826208,3.16423015852,,299,64,308,116,256,112,0.823691460055096,0.827956989247312,0.695652173913044
Ablim1,chr19,-,57314918,,-0.772448908003706,103,4,105,9,127,6,0.962616822429906,0.963302752293578,0.954887218045113
Fam160b1,chr19,+,57361008,0.326428510147,,0,27,0,30,0,41,0,0,0
Atrnl1,chr19,+,57611033,,-0.983354952816424,0,57,0,41,0,62,0,0,0
Gfra1,chr19,-,58455397,3.00458989232,,9,128,15,108,18,131,0.0656934306569343,0.104895104895105,0.120805369127517
Pnliprp1,chr19,+,58728886,5.2108106048,,11,1,13,0,15,0,0.916666666666667,0.928571428571429,1
Hspa12a,chr19,-,58943671,4.05703810284,,23,245,10,186,31,206,0.0858208955223881,0.0392156862745098,0.130801687763713
Slc18a2,chr19,+,59260877,,1.93761609935,12,24,9,38,14,41,0.333333333333333,0.272727272727273,0.254545454545455
Rab11fip2,chr19,-,59943653,,1.05870605824,0,21,1,13,1,19,0,0.0454545454545455,0.05
Prdx3,chr19,-,60874537,,-0.749142580890323,24,25,20,22,22,31,0.489795918367347,0.444444444444444,0.415094339622642
Csf2ra,chr19,-,61228417,,0.85218775135,38,20,36,25,42,28,0.655172413793103,0.642857142857143,0.6
Nmt2,chr2,+,3284211,-0.371556848829228,,10,82,10,48,7,77,0.108695652173913,0.108695652173913,0.0833333333333333
Suv39h2,chr2,-,3474985,,-0.744911055208444,0,105,2,109,3,94,0,0.0186915887850467,0.0309278350515464
Hspa14,chr2,-,3512813,,-0.54240141464478,32,269,46,191,58,184,0.106312292358804,0.146031746031746,0.239669421487603
Fam107b,chr2,+,3713457,,0.80915728173,30,11,17,21,20,25,0.731707317073171,0.607142857142857,0.444444444444444
Frmd4a,chr2,+,4017682,-0.720549870816951,,76,20,78,14,82,14,0.791666666666667,0.795918367346939,0.854166666666667
Prpf18,chr2,-,4652134,0.320494163682,,44,79,36,66,45,94,0.357723577235772,0.31304347826087,0.323741007194245
Mcm10,chr2,-,5012790,,-1.53958766248798,46,307,32,292,37,243,0.130311614730878,0.0943952802359882,0.132142857142857
Optn,chr2,-,5064116,-0.633112593651005,,42,45,17,42,55,39,0.482758620689655,0.274193548387097,0.585106382978723
Camk1d,chr2,-,5714761,2.16482927322,,4,15,5,4,8,4,0.210526315789474,0.25,0.666666666666667
Nudt5,chr2,+,5845033,,-0.830424957639967,13,86,13,46,12,84,0.131313131313131,0.131313131313131,0.125
Dhtkd1,chr2,-,5942791,1.88653553378,,93,79,47,98,87,72,0.540697674418605,0.373015873015873,0.547169811320755
Upf2,chr2,+,5951468,,0.928417494654,3,308,3,269,6,387,0.00964630225080386,0.00964630225080386,0.0152671755725191
Proser2,chr2,-,6130184,,1.8680863069,93,24,67,72,83,82,0.794871794871795,0.736263736263736,0.503030303030303
Echdc3,chr2,-,6212993,-1.79098035207526,,30,31,19,44,23,74,0.491803278688525,0.38,0.237113402061856
Celf2,chr2,-,7396197,,0.664185599626,79,14,67,12,59,7,0.849462365591398,0.82716049382716,0.893939393939394
Gata3,chr2,-,9878599,,1.11884111551,2,244,0,170,0,222,0.00813008130081301,0,0
Atp5c1,chr2,-,10080509,,-0.631707097923687,17,402,11,398,16,327,0.0405727923627685,0.026634382566586,0.0466472303206997
Itih2,chr2,-,10130682,5.88647727511,-5.94471609076606,191,13,171,9,157,10,0.936274509803922,0.929347826086957,0.940119760479042
Itih5,chr2,+,10153542,-0.543303939429629,1.74055407229,22,103,10,82,7,105,0.176,0.0884955752212389,0.0625
Sfmbt2,chr2,+,10370450,1.71534242354,,9,140,8,132,13,117,0.0604026845637584,0.0540540540540541,0.1
Mir466n,chr2,+,10513740,-2.39942907704333,,115,5,94,4,166,1,0.958333333333333,0.949494949494949,0.994011976047904
Pfkfb3,chr2,-,11553928,-0.814777081892565,0.784930710746,60,113,48,109,19,112,0.346820809248555,0.298136645962733,0.145038167938931
Il15ra,chr2,+,11705292,-0.857234709975234,1.76727207016,0,85,0,45,0,57,0,0,0
Ankrd16,chr2,+,11777752,,1.19570542702,5,104,16,107,20,115,0.0458715596330275,0.133333333333333,0.148148148148148
Itga8,chr2,-,12301943,5.94073196389,,17,30,21,40,17,33,0.361702127659575,0.411764705882353,0.34
Rsu1,chr2,-,13271414,-0.942417348456784,,38,125,16,119,36,175,0.233128834355828,0.113475177304965,0.170616113744076
Vim,chr2,+,13574310,-0.749257993298107,,4,147,0,99,0,172,0.0264900662251656,0,0
Mrc1,chr2,+,14229413,3.29229522534,-5.00175370846167,254,71,191,58,215,48,0.781538461538462,0.729007633587786,0.817490494296578
Arl5b,chr2,+,15055319,0.877680762063,,26,102,70,171,60,173,0.203125,0.406976744186047,0.257510729613734
Plxdc2,chr2,+,16356303,-1.3006265455971,1.39463406573,0,113,1,183,1,155,0,0.0087719298245614,0.00641025641025641
Nebl,chr2,-,17731133,1.77281220396,-7.11041290402873,27,135,27,73,34,101,0.166666666666667,0.166666666666667,0.251851851851852
Gm17762,chr2,+,18027248,0.931542876382,,7,254,4,213,3,154,0.0268199233716475,0.0155038759689922,0.0191082802547771
A930004D18Rik,chr2,-,18037740,0.706087269513,,7,0,13,1,14,1,1,1,0.933333333333333
Skida1,chr2,-,18048448,2.1927859725,-2.23241910280276,9,119,13,75,17,86,0.0703125,0.0984848484848485,0.16504854368932
Mllt10,chr2,+,18055236,0.272175365032,,70,123,76,66,76,38,0.362694300518135,0.381909547738693,0.666666666666667
Dnajc1,chr2,-,18392829,,0.636320526618,0,24,0,49,0,41,0,0,0
Armc3,chr2,+,19199117,1.27094705796,,133,112,153,94,153,88,0.542857142857143,0.577358490566038,0.634854771784232
Otud1,chr2,+,19657730,,1.00415877558,1,50,0,114,0,112,0.0196078431372549,0,0
Etl4,chr2,+,20289912,,3.58427202283,38,1,41,2,62,3,0.974358974358974,0.976190476190476,0.953846153846154
Arhgap21,chr2,-,20967720,-0.539713969510504,,27,36,41,53,28,46,0.428571428571429,0.532467532467532,0.378378378378378
Hnmt,chr2,-,24049378,,2.00706916701,40,84,31,77,24,61,0.32258064516129,0.269565217391304,0.282352941176471
Zmynd19,chr2,+,24949776,,-0.725600969001232,31,124,32,103,33,65,0.2,0.205128205128205,0.336734693877551
Mrpl41,chr2,-,24975097,,-0.970673194905152,0,612,0,639,1,406,0,0,0.00245700245700246
Entpd8,chr2,+,25080322,4.8309683195,,76,4,54,2,74,3,0.95,0.931034482758621,0.961038961038961
Noxa1,chr2,-,25095204,5.38695679115,,49,37,53,18,65,19,0.569767441860465,0.588888888888889,0.773809523809524
Nrarp,chr2,+,25180757,1.3231121652,,32,144,38,208,39,163,0.181818181818182,0.208791208791209,0.193069306930693
Fam166a,chr2,+,25218744,-0.743535812214207,-1.32441378199968,95,17,82,12,80,5,0.848214285714286,0.828282828282828,0.941176470588235
Tubb4b,chr2,-,25224701,-0.402197820474954,-1.00924462072969,0,27,2,50,0,57,0,0.0689655172413793,0
Rnf208,chr2,+,25242928,1.52016377499,1.54278692608,129,11,127,12,56,11,0.921428571428571,0.920289855072464,0.835820895522388
Tprn,chr2,+,25262597,-0.513103143696456,,105,224,98,293,104,299,0.319148936170213,0.304347826086957,0.258064516129032
Ssna1,chr2,-,25272417,,-0.780447322604888,17,117,17,250,7,182,0.126865671641791,0.126865671641791,0.037037037037037
Dpp7,chr2,-,25356331,-1.04538919811973,,60,38,74,40,70,25,0.612244897959184,0.660714285714286,0.736842105263158
Uap1l1,chr2,-,25365662,-1.80237972380661,,15,14,11,16,15,21,0.517241379310345,0.44,0.416666666666667
Sapcd2,chr2,+,25372034,-0.777869693180443,-1.22508779224756,9,177,10,215,9,215,0.0483870967741936,0.053475935828877,0.0401785714285714
Entpd2,chr2,+,25395873,,2.63834897667,11,115,4,80,13,92,0.0873015873015873,0.0336134453781513,0.123809523809524
Npdc1,chr2,+,25403049,-3.76860102748796,6.26225353217,0,42,0,47,3,43,0,0,0.0652173913043478
Abca2,chr2,+,25428598,-1.31947442330507,0.977576697282,32,10,32,15,49,15,0.761904761904762,0.761904761904762,0.765625
Clic3,chr2,+,25456842,,2.64679814816,43,3,33,0,40,2,0.934782608695652,0.916666666666667,0.952380952380952
Ptgds,chr2,-,25469748,-2.84160593422966,,54,7,55,8,16,6,0.885245901639344,0.887096774193548,0.727272727272727
Mamdc4,chr2,-,25571315,0.826692365868,,29,0,36,0,29,0,1,1,1
Phpt1,chr2,-,25574870,0.922204974973,,10,40,2,43,0,17,0.2,0.0476190476190476,0
Tmem141,chr2,-,25622004,-1.19363550192069,,72,17,51,25,80,16,0.808988764044944,0.75,0.833333333333333
Fcna,chr2,-,25627973,7.0232886627,-5.30348545148258,49,16,52,13,52,3,0.753846153846154,0.764705882352941,0.945454545454546
Bmyc,chr2,+,25706878,0.919200857068,,139,146,114,160,121,170,0.487719298245614,0.438461538461539,0.415807560137457
Ubac1,chr2,-,26021759,0.480370099778,-1.30201019054086,1,148,0,155,0,61,0.00671140939597315,0,0
Nacc2,chr2,-,26122810,,1.02224215777,21,75,40,33,84,50,0.21875,0.347826086956522,0.626865671641791
Pmpca,chr2,+,26389347,,-0.54578109782912,56,60,34,59,56,53,0.482758620689655,0.361702127659575,0.513761467889908
Notch1,chr2,-,26503821,1.70005766459,,52,157,42,92,52,142,0.248803827751196,0.21105527638191,0.268041237113402
Egfl7,chr2,+,26581082,1.78019966412,-1.66500340752348,52,35,81,12,90,23,0.597701149425287,0.698275862068966,0.79646017699115
Mir126a,chr2,+,26591356,4.19627427884,,291,12,280,13,243,9,0.96039603960396,0.958904109589041,0.964285714285714
Mir126b,chr2,-,26591419,3.67264552463,,291,12,280,13,243,9,0.96039603960396,0.958904109589041,0.964285714285714
Agpat2,chr2,-,26604416,-1.04024567153249,,105,15,97,34,69,11,0.875,0.866071428571429,0.8625
Med22,chr2,-,26910641,-0.359595775921467,-0.544144708876695,2,13,1,30,1,27,0.133333333333333,0.0714285714285714,0.0357142857142857
Surf4,chr2,-,26933510,-0.778259174944275,,57,78,68,87,81,65,0.422222222222222,0.465753424657534,0.554794520547945
Cacfd1,chr2,+,27009925,1.27218258454,-0.859631708716076,14,160,13,246,22,108,0.0804597701149425,0.0751445086705202,0.169230769230769
Slc2a6,chr2,-,27027997,-5.73738139787535,,53,100,38,63,34,64,0.34640522875817,0.27536231884058,0.346938775510204
Adamtsl2,chr2,+,27079378,5.4072113641,,8,19,12,45,10,46,0.296296296296296,0.387096774193548,0.178571428571429
Sardh,chr2,-,27247302,2.70845542503,,44,11,59,12,14,3,0.8,0.842857142857143,0.823529411764706
Mir7578,chr2,-,27450629,0.79223877784,,214,8,231,5,198,20,0.963963963963964,0.96652719665272,0.908256880733945
Wdr5,chr2,+,27515146,-0.411586160344759,,0,71,0,88,7,47,0,0,0.12962962962963
Rxra,chr2,+,27677200,1.50023779523,-1.44907395986701,3,97,0,78,1,51,0.03,0,0.0192307692307692
Fcnb,chr2,-,28084877,5.20953877438,-6.87955282359726,62,5,33,0,38,0,0.925373134328358,0.868421052631579,1
Olfm1,chr2,+,28193092,4.42486021339,-2.4349745047557,34,12,38,6,27,11,0.739130434782609,0.76,0.710526315789474
Ppp1r26,chr2,+,28446845,,1.41057123442,41,10,39,10,44,8,0.803921568627451,0.795918367346939,0.846153846153846
1700007K13Rik,chr2,-,28466323,-4.87015715599041,,86,129,76,125,101,105,0.4,0.370731707317073,0.490291262135922
Gbgt1,chr2,+,28496890,,-6.31594945469841,157,8,136,11,165,12,0.951515151515152,0.944444444444444,0.932203389830508
Ralgds,chr2,+,28513166,-0.571854686282513,,12,153,28,162,29,87,0.0727272727272727,0.154696132596685,0.25
Ntng2,chr2,-,29248098,-2.11661415627133,3.71491061912,14,10,13,2,24,2,0.583333333333333,0.565217391304348,0.923076923076923
6530402F18Rik,chr2,-,29252992,-2.10367734926388,,0,0,0,11,0,10,,,0
Coq4,chr2,+,29787492,,-1.28275054264792,79,527,81,464,77,564,0.13036303630363,0.133223684210526,0.1201248049922
Cercam,chr2,+,29869493,,-1.23211286753433,42,132,55,126,60,114,0.241379310344828,0.294117647058824,0.344827586206897
Sptan1,chr2,+,29965559,-0.330752480221235,,2,12,0,9,0,16,0.142857142857143,0,0
Set,chr2,+,30061995,,-0.645072038691971,1,27,2,22,0,9,0.0357142857142857,0.0689655172413793,0
Zdhhc12,chr2,-,30093634,,-1.0900669972392,25,92,24,37,16,104,0.213675213675214,0.206896551724138,0.133333333333333
Zer1,chr2,-,30124610,0.542544312659,,24,20,56,27,44,45,0.545454545454545,0.736842105263158,0.49438202247191
Endog,chr2,+,30171523,,-0.795974438990659,67,214,59,207,60,195,0.238434163701068,0.216117216117216,0.235294117647059
Lrrc8a,chr2,+,30237768,0.921035521213,,4,351,3,343,0,275,0.0112676056338028,0.00847457627118644,0
Phyhd1,chr2,+,30266202,,1.62950367002,80,22,55,29,41,21,0.784313725490196,0.714285714285714,0.661290322580645
Nup188,chr2,+,30286415,,-0.841162130153341,14,149,19,352,29,262,0.0858895705521472,0.113095238095238,0.0996563573883162
Ier5l,chr2,-,30474198,1.69302364128,-3.33836805980617,10,291,6,243,6,198,0.0332225913621263,0.0202020202020202,0.0294117647058824
Ass1,chr2,+,31470269,-0.575922796946504,-1.06378789864801,33,61,36,46,52,79,0.351063829787234,0.371134020618557,0.396946564885496
Gm5424,chr2,+,31470307,-0.575922796946504,-1.06378789864801,33,61,36,46,52,79,0.351063829787234,0.371134020618557,0.396946564885496
Fibcd1,chr2,-,31846004,6.78751475039,,1,80,3,256,2,185,0.0123456790123457,0.036144578313253,0.0106951871657754
1110008P14Rik,chr2,-,32381914,,-1.83496438427713,27,49,17,41,15,43,0.355263157894737,0.257575757575758,0.258620689655172
Lcn2,chr2,-,32387738,,-5.97104401249517,38,6,37,2,30,4,0.863636363636364,0.86046511627907,0.882352941176471
Fam102a,chr2,+,32535358,0.477672913631,,6,136,4,245,2,232,0.0422535211267606,0.0285714285714286,0.00854700854700855
Ak1,chr2,+,32621757,-1.30091080523223,0.976823412861,67,25,73,25,54,22,0.728260869565217,0.744897959183674,0.710526315789474
Eng,chr2,+,32646594,0.561748566806,0.553032153421,31,13,19,9,18,16,0.704545454545455,0.59375,0.529411764705882
Fpgs,chr2,-,32694174,,-0.719817469345928,67,86,62,72,42,71,0.437908496732026,0.418918918918919,0.371681415929204
Mir2861,chr2,-,32712887,1.67280371078,,9,17,15,16,20,15,0.346153846153846,0.46875,0.571428571428571
Mir3960,chr2,-,32712971,1.55344064521,,9,5,14,8,20,8,0.642857142857143,0.736842105263158,0.714285714285714
Sh2d3c,chr2,+,32721054,0.739824951616,,33,20,18,9,29,12,0.622641509433962,0.473684210526316,0.707317073170732
Stxbp1,chr2,-,32847236,-0.574257749879,,40,91,21,90,27,121,0.305343511450382,0.1875,0.182432432432432
Slc2a8,chr2,-,32982082,0.824820891372,,7,173,7,239,5,266,0.0388888888888889,0.0388888888888889,0.018450184501845
Angptl2,chr2,+,33215960,-1.98954348627319,,49,39,50,30,61,49,0.556818181818182,0.561797752808989,0.554545454545455
Zbtb34,chr2,-,33431323,0.875424208053,-0.87809024702719,10,221,8,199,13,134,0.0432900432900433,0.0349344978165939,0.0884353741496599
Mvb12b,chr2,-,33887945,,0.862469148139,91,5,101,1,113,9,0.947916666666667,0.952830188679245,0.926229508196721
Rabepk,chr2,-,34799911,-0.32969042500566,,35,156,38,180,32,144,0.183246073298429,0.195876288659794,0.181818181818182
Psmd5,chr2,-,34870961,-0.406046410224235,-0.581357632860227,30,430,20,342,22,311,0.0652173913043478,0.0444444444444444,0.0660660660660661
Phf19,chr2,-,34913975,0.442113130886,,6,7,6,2,1,5,0.461538461538462,0.461538461538462,0.166666666666667
Traf1,chr2,-,34961771,,2.17988044722,102,8,84,8,121,45,0.927272727272727,0.91304347826087,0.728915662650602
Gsn,chr2,+,35256358,-1.97227334929319,,103,93,85,83,71,44,0.525510204081633,0.477528089887641,0.617391304347826
Stom,chr2,-,35337008,0.507817344112,-1.27134072334469,85,103,74,51,76,110,0.452127659574468,0.418079096045198,0.408602150537634
Ggta1,chr2,-,35461448,0.371505066551,,6,30,8,24,10,28,0.166666666666667,0.210526315789474,0.263157894736842
Lhx6,chr2,-,36105407,,-6.78174811470425,3,23,2,27,2,21,0.115384615384615,0.08,0.0869565217391304
Pdcl,chr2,-,37359331,-0.47019207686215,,31,243,38,378,35,378,0.113138686131387,0.135231316725979,0.0847457627118644
Rc3h2,chr2,-,37422902,0.429832761623,,27,62,31,65,42,59,0.303370786516854,0.333333333333333,0.415841584158416
Nek6,chr2,+,38511696,-1.53496302379797,-1.34601634082061,0,131,9,132,3,124,0,0.0642857142857143,0.0236220472440945
Psmb7,chr2,-,38643905,,-0.949695469690135,8,128,3,102,1,92,0.0588235294117647,0.0229007633587786,0.010752688172043
Nr5a1,chr2,-,38714541,,-7.26939685270956,17,0,9,3,6,1,1,1,0.857142857142857
Wdr38,chr2,+,38998308,1.87948327351,,47,8,57,9,39,10,0.854545454545455,0.876923076923077,0.795918367346939
Arpc5l,chr2,+,39008138,,-0.604342058994956,18,138,12,95,21,58,0.115384615384615,0.08,0.265822784810127
Kynu,chr2,+,43555324,3.12795198946,,150,33,108,36,148,51,0.819672131147541,0.765957446808511,0.743718592964824
Arhgap15,chr2,+,43748823,,0.850954712402,91,105,37,93,38,109,0.464285714285714,0.26056338028169,0.258503401360544
Gtdc1,chr2,-,44927716,0.521862735363,,70,53,51,61,53,66,0.569105691056911,0.490384615384615,0.445378151260504
Mir5129,chr2,-,45023176,1.73747161104,,178,3,146,7,188,14,0.983425414364641,0.979865771812081,0.930693069306931
Zeb2os,chr2,+,45111137,2.28398046656,,2,119,1,88,0,97,0.0165289256198347,0.00833333333333333,0
Zeb2,chr2,-,45117441,1.7129202072,0.787245346451,80,159,103,229,65,215,0.334728033472803,0.393129770992366,0.232142857142857
Acvr2a,chr2,+,48814108,,1.05027392672,6,107,8,132,2,98,0.0530973451327434,0.0695652173913044,0.02
Lypd6b,chr2,+,49787682,-2.69407744119109,7.77218653044,143,165,142,88,99,149,0.464285714285714,0.462540716612378,0.399193548387097
Gm13483,chr2,+,50296809,,6.12567684127,12,100,5,50,8,85,0.107142857142857,0.0476190476190476,0.0860215053763441
Rnd3,chr2,-,51149110,-1.81701833756854,,3,99,6,123,5,124,0.0294117647058824,0.0571428571428571,0.0387596899224806
Neb,chr2,-,52338797,1.6423930986,,338,6,256,7,350,4,0.982558139534884,0.977099236641221,0.988700564971751
Stam2,chr2,-,52742148,-0.344752830249839,,82,330,118,351,107,244,0.199029126213592,0.263392857142857,0.304843304843305
Galnt5,chr2,+,57998154,1.72056266133,,38,81,47,111,31,119,0.319327731092437,0.3671875,0.206666666666667
Cytip,chr2,-,58160121,,0.844071641599,20,98,1,146,3,110,0.169491525423729,0.0101010101010101,0.0265486725663717
Acvr1,chr2,-,58566827,,1.42189821218,23,31,57,11,56,11,0.425925925925926,0.647727272727273,0.835820895522388
Tanc1,chr2,+,59612041,-3.26876218291859,1.88444284173,20,83,8,42,43,96,0.194174757281553,0.0879120879120879,0.309352517985612
Baz2b,chr2,-,60125739,,1.13806625345,14,91,5,119,2,127,0.133333333333333,0.0520833333333333,0.0155038759689922
Ly75,chr2,-,60383272,-1.3922130434824,2.00892099535,9,0,12,1,19,0,1,1,1
Pla2r1,chr2,-,60553307,,7.56082151416,116,79,159,73,95,65,0.594871794871795,0.668067226890756,0.59375
Itgb6,chr2,-,60722602,1.71940761814,2.5445113942,240,7,147,2,276,2,0.97165991902834,0.954545454545455,0.992805755395683
Rbms1,chr2,-,60963203,-0.64579932659051,,24,5,18,11,10,0,0.827586206896552,0.782608695652174,1
Dpp4,chr2,-,62412230,1.56476015057,1.75702103161,47,321,28,308,21,265,0.127717391304348,0.0802292263610315,0.0734265734265734
Fap,chr2,-,62574020,1.6699063502,,184,67,193,31,190,96,0.733067729083665,0.742307692307692,0.664335664335664
Ifih1,chr2,-,62646254,,1.87390086674,29,100,19,89,19,59,0.224806201550388,0.159663865546218,0.243589743589744
Gca,chr2,+,62664326,-1.26564243883511,1.79478811113,112,53,121,89,84,48,0.678787878787879,0.695402298850575,0.636363636363636
Grb14,chr2,-,65022765,2.71160643194,,45,69,36,36,56,52,0.394736842105263,0.342857142857143,0.518518518518519
Cobll1,chr2,-,65238790,-0.59153058884994,1.38634300883,3,39,10,57,12,49,0.0714285714285714,0.204081632653061,0.19672131147541
Slc38a11,chr2,-,65364025,4.38038633729,,235,81,121,32,205,61,0.743670886075949,0.599009900990099,0.770676691729323
Csrnp3,chr2,+,65845766,,5.02865670047,67,166,48,139,59,140,0.28755364806867,0.224299065420561,0.296482412060302
Galnt3,chr2,-,66124792,-2.13705105414958,,35,71,40,50,43,44,0.330188679245283,0.36036036036036,0.494252873563218
Ttc21b,chr2,-,66256616,-0.516949457876093,0.856402520467,8,90,5,86,5,94,0.0816326530612245,0.0526315789473684,0.0505050505050505
Xirp2,chr2,+,67446001,4.65769886207,,109,13,107,15,115,8,0.89344262295082,0.891666666666667,0.934959349593496
Stk39,chr2,-,68471980,-2.71582146906334,1.79716793449,0,34,3,21,2,30,0,0.0810810810810811,0.0625
Cers6,chr2,+,68861440,-0.673879233077814,,13,64,10,50,19,49,0.168831168831169,0.135135135135135,0.279411764705882
Abcb11,chr2,-,69342615,5.54581710316,,57,4,69,1,42,3,0.934426229508197,0.945205479452055,0.933333333333333
Lrp2,chr2,-,69586028,3.98329457889,,3,130,4,102,6,85,0.0225563909774436,0.0298507462686567,0.0659340659340659
Phospho2,chr2,+,69789736,-0.478648829455342,,68,421,73,429,79,425,0.139059304703477,0.147773279352227,0.156746031746032
Erich2,chr2,+,70508818,4.21601333945,,81,88,76,136,131,103,0.479289940828402,0.463414634146342,0.55982905982906
Gorasp2,chr2,+,70661508,-0.483521969431891,,14,153,7,186,15,274,0.0838323353293413,0.04375,0.0519031141868512
Hat1,chr2,+,71389259,,-0.654899058638182,29,77,28,64,28,72,0.273584905660377,0.266666666666667,0.28
Metap1d,chr2,+,71453337,,0.832915290856,68,375,61,360,77,433,0.153498871331828,0.139908256880734,0.150980392156863
Itga6,chr2,+,71786938,-0.75836968301108,1.36568566276,7,97,10,51,5,76,0.0673076923076923,0.0934579439252336,0.0617283950617284
Rapgef4,chr2,+,71981214,,2.46684509965,166,76,142,55,88,98,0.685950413223141,0.651376146788991,0.473118279569893
Cir1,chr2,-,73312591,0.477490927857,,156,210,139,371,160,365,0.426229508196721,0.398280802292264,0.304761904761905
Wipf1,chr2,-,73529486,-0.573206756876127,,38,85,48,94,39,75,0.308943089430894,0.360902255639098,0.342105263157895
Chn1os3,chr2,+,73596525,2.62620503342,,34,8,31,10,46,15,0.80952380952381,0.794871794871795,0.754098360655738
Chn1,chr2,-,73775345,1.40668235544,,1,97,2,70,2,89,0.0102040816326531,0.0202020202020202,0.021978021978022
Atp5g3,chr2,-,73911325,-0.409384090005883,-0.954813651836713,48,59,29,62,49,70,0.448598130841121,0.329545454545455,0.411764705882353
Hoxd4,chr2,+,74721977,5.38601643123,,57,67,28,56,53,55,0.459677419354839,0.294736842105263,0.490740740740741
Mtx2,chr2,+,74825811,,-0.735307215046154,80,27,98,41,98,31,0.747663551401869,0.784,0.75968992248062
Nfe2l2,chr2,-,75704662,-1.22329818365375,,0,81,0,97,0,39,0,0,0
Rbm45,chr2,+,76369983,,-0.585729006911554,7,99,1,97,8,96,0.0660377358490566,0.01,0.0769230769230769
Osbpl6,chr2,+,76406507,,5.8183947209,8,10,14,18,9,8,0.444444444444444,0.583333333333333,0.529411764705882
Sestd1,chr2,-,77280591,-0.708351735993113,,12,78,15,90,14,102,0.133333333333333,0.161290322580645,0.120689655172414
Cerkl,chr2,-,79428987,1.00621533102,,29,79,32,84,30,108,0.268518518518519,0.288288288288288,0.217391304347826
Dnajc10,chr2,+,80315465,-0.744214292739447,,6,266,4,196,15,257,0.0220588235294118,0.0148148148148148,0.0551470588235294
Nckap1,chr2,-,80581181,-1.54802765761706,1.5967092952,5,51,8,53,3,49,0.0892857142857143,0.135593220338983,0.0576923076923077
Nup35,chr2,+,80638811,,-0.848350136682299,23,190,31,212,52,117,0.107981220657277,0.14027149321267,0.307692307692308
Itgav,chr2,+,83724396,,0.70997004144,3,132,5,264,7,176,0.0222222222222222,0.0364963503649635,0.0382513661202186
Fam171b,chr2,+,83812611,1.59742441509,,14,9,13,10,7,14,0.608695652173913,0.590909090909091,0.333333333333333
Calcrl,chr2,-,84425265,1.4851908457,-0.710332278615622,48,195,36,166,24,223,0.197530864197531,0.155844155844156,0.097165991902834
Tfpi,chr2,-,84476774,0.538303982896,,106,40,108,26,98,12,0.726027397260274,0.72972972972973,0.890909090909091
Ctnnd1,chr2,-,84658976,-0.524910230520515,,418,8,400,7,541,8,0.981220657276995,0.980392156862745,0.985428051001822
Tmx2,chr2,-,84678827,-0.334146104641754,,37,239,19,229,26,224,0.134057971014493,0.0736434108527132,0.104
Clp1,chr2,-,84727286,,-0.849842816444695,14,61,10,40,12,36,0.186666666666667,0.140845070422535,0.25
Ypel4,chr2,+,84734203,2.07875925615,,30,96,23,52,23,75,0.238095238095238,0.19327731092437,0.23469387755102
Serping1,chr2,-,84775428,6.35071835031,,231,23,203,15,161,4,0.909448818897638,0.898230088495575,0.975757575757576
Ube2l6,chr2,+,84798827,,1.1295946127,22,195,15,191,15,217,0.101382488479263,0.0714285714285714,0.0646551724137931
Smtnl1,chr2,-,84822651,3.38462586619,,74,38,69,44,56,39,0.660714285714286,0.644859813084112,0.589473684210526
Slc43a1,chr2,+,84839407,0.489526221767,,9,376,17,267,8,292,0.0233766233766234,0.0432569974554707,0.0266666666666667
Slc43a3,chr2,+,84936645,,-0.672056781626945,46,88,29,95,56,97,0.343283582089552,0.247863247863248,0.366013071895425
Prg2,chr2,+,84980460,,-8.03499641461563,21,0,40,3,37,4,1,1,0.902439024390244
Prg3,chr2,+,84988214,3.2276940151,-8.56860607494692,77,21,91,9,78,15,0.785714285714286,0.8125,0.838709677419355
Tnks1bp1,chr2,+,85050459,,0.97973136529,27,11,30,4,12,15,0.710526315789474,0.731707317073171,0.444444444444444
Aplnr,chr2,+,85136359,6.7828121722,-9.2491714462574,44,3,61,1,35,1,0.936170212765957,0.953125,0.972222222222222
Ptprj,chr2,-,90580594,-0.810343224565288,0.814201457967,1,2,0,11,0,15,0.333333333333333,0,0
Fnbp4,chr2,+,90745557,,0.696586410483,49,116,43,134,53,100,0.296969696969697,0.270440251572327,0.34640522875817
Mtch2,chr2,+,90847154,-0.684256835386907,,22,285,6,241,14,129,0.0716612377850163,0.0206185567010309,0.0979020979020979
Ndufs3,chr2,-,90904720,,-0.650748102161667,21,68,25,48,31,77,0.235955056179775,0.268817204301075,0.287037037037037
Rapsn,chr2,+,91035626,-1.3530551838823,,59,7,40,0,34,5,0.893939393939394,0.851063829787234,0.871794871794872
Psmc3,chr2,+,91054015,,-0.76127617146532,26,114,20,192,7,196,0.185714285714286,0.149253731343284,0.0344827586206897
Madd,chr2,-,91183046,0.446830739042,0.602983055824,0,22,1,20,0,11,0,0.0434782608695652,0
F2,chr2,-,91636456,3.256246212,,101,8,71,6,79,8,0.926605504587156,0.89873417721519,0.908045977011494
Mdk,chr2,-,91932296,2.22138655757,-2.013792593047,27,10,32,16,57,7,0.72972972972973,0.761904761904762,0.890625
Dgkz,chr2,-,91963562,0.503910003256,,5,88,4,123,7,124,0.0537634408602151,0.0434782608695652,0.0534351145038168
Slc35c1,chr2,-,92460517,-0.453307833471164,,166,71,145,85,145,67,0.70042194092827,0.671296296296296,0.683962264150943
Chst1,chr2,+,92599706,3.51010542123,,0,3,2,25,0,22,0,0.4,0
Prdm11,chr2,-,93046164,1.17668525682,,0,12,0,33,0,43,0,0,0
Trp53i11,chr2,+,93187547,-1.50917852288965,1.28495789604,47,90,27,110,31,113,0.343065693430657,0.230769230769231,0.215277777777778
Tspan18,chr2,-,93334486,4.58700065965,-2.955344988256,21,12,18,30,21,36,0.636363636363636,0.6,0.368421052631579
Accs,chr2,-,93849942,,0.929512251469,25,203,3,195,4,214,0.109649122807018,0.0145631067961165,0.018348623853211
Hsd17b12,chr2,-,94157908,-0.792596298146082,,10,375,6,234,14,333,0.025974025974026,0.015748031496063,0.0403458213256484
Rag2,chr2,+,101624711,5.42558395171,,189,82,111,69,164,56,0.697416974169742,0.575129533678757,0.745454545454546
Rag1,chr2,-,101649531,9.10264343428,-6.89721933622224,105,35,42,29,83,32,0.75,0.545454545454545,0.721739130434783
Traf6,chr2,+,101678419,-0.372114518446797,,17,61,25,59,20,45,0.217948717948718,0.290697674418605,0.307692307692308
Ldlrad3,chr2,-,102186459,0.53941719343,-0.777652832173925,1,34,1,36,2,40,0.0285714285714286,0.0285714285714286,0.0476190476190476
Fjx1,chr2,-,102451791,1.54681220786,-1.44536560588176,4,10,1,10,6,5,0.285714285714286,0.0909090909090909,0.545454545454545
Slc1a2,chr2,+,102658688,4.56714298722,-6.04176193762998,2,113,9,108,6,72,0.0173913043478261,0.0737704918032787,0.0769230769230769
Apip,chr2,+,103073674,,-1.00162363534338,50,147,37,188,53,152,0.253807106598985,0.201086956521739,0.258536585365854
Abtb2,chr2,+,103566309,2.05218099732,,0,24,1,21,0,13,0,0.04,0
Nat10,chr2,-,103761269,,-0.719883455952878,25,311,8,318,22,223,0.0744047619047619,0.0250783699059561,0.0897959183673469
Lmo2,chr2,+,103957994,,0.993338168509,36,3,34,2,25,3,0.923076923076923,0.918918918918919,0.892857142857143
Cd59b,chr2,+,104071065,1.8243895497,,174,5,183,5,238,8,0.972067039106145,0.973404255319149,0.967479674796748
Hipk3,chr2,-,104494488,0.441307784875,,65,73,80,23,95,74,0.471014492753623,0.522875816993464,0.562130177514793
Tcp11l1,chr2,-,104712161,-1.6141202794017,1.13937926288,32,30,22,27,20,28,0.516129032258065,0.423076923076923,0.416666666666667
Depdc7,chr2,-,104742856,-1.75421839300154,,46,92,34,115,47,54,0.333333333333333,0.26984126984127,0.465346534653465
Prrg4,chr2,-,104849849,-1.66017841983539,1.67881548524,118,115,61,104,101,94,0.506437768240343,0.346590909090909,0.517948717948718
Them7,chr2,+,105224341,,2.26673621848,161,54,200,46,256,52,0.748837209302326,0.78740157480315,0.831168831168831
Mpped2,chr2,+,106693180,1.06737343876,,2,2,6,17,7,16,0.5,0.75,0.304347826086957
Lin7c,chr2,+,109890877,,0.796885745569,14,1,4,4,9,4,0.933333333333333,0.8,0.692307692307692
Ano3,chr2,-,110950243,-3.40023384613451,,105,66,133,118,152,124,0.614035087719298,0.668341708542714,0.550724637681159
Nop10,chr2,+,112261925,,-0.768716873622034,151,90,164,94,152,88,0.62655601659751,0.645669291338583,0.633333333333333
Slc12a6,chr2,+,112266313,0.692220576214,0.706896404226,0,119,0,119,0,116,0,0,0
Emc7,chr2,+,112455024,-0.486587953625393,,58,126,110,136,99,132,0.315217391304348,0.466101694915254,0.428571428571429
Aven,chr2,+,112492963,0.487858428632,,0,11,0,23,2,30,0,0,0.0625
Arhgap11a,chr2,-,113848660,,-0.615723205753949,3,359,1,312,8,351,0.00828729281767956,0.00277777777777778,0.0222841225626741
BC052040,chr2,+,115581715,0.628332639802,-0.744929841914188,87,22,84,20,130,13,0.798165137614679,0.792452830188679,0.909090909090909
Meis2,chr2,-,116067443,5.43817459983,,0,21,0,20,0,3,0,0,0
Rasgrp1,chr2,-,117342876,,-4.45322586727016,82,65,83,25,97,33,0.557823129251701,0.560810810810811,0.746153846153846
Thbs1,chr2,+,118111875,3.21881773519,,26,197,22,142,15,218,0.116591928251121,0.100456621004566,0.0643776824034335
Bub1b,chr2,+,118598210,,-1.41779851799358,49,335,54,368,64,343,0.127604166666667,0.138817480719794,0.157248157248157
Ankrd63,chr2,-,118703962,-1.40499702648814,,6,261,4,180,4,288,0.0224719101123596,0.0150943396226415,0.0136986301369863
Knstrn,chr2,+,118814002,-0.417982253275627,-0.691823550937745,46,62,30,49,51,64,0.425925925925926,0.326086956521739,0.443478260869565
Ivd,chr2,+,118861993,0.387391717749,,22,59,7,45,11,75,0.271604938271605,0.106060606060606,0.127906976744186
Rpusd2,chr2,+,119034789,,-1.178434728939,70,69,49,46,78,59,0.503597122302158,0.415254237288136,0.569343065693431
Rad51,chr2,+,119112813,,-0.935809463623869,49,177,34,307,47,262,0.216814159292035,0.161137440758294,0.15210355987055
Rmdn3,chr2,-,119157033,,-0.990461305950895,21,15,32,8,25,12,0.583333333333333,0.680851063829787,0.675675675675676
Gchfr,chr2,+,119167787,-2.92311286542902,,3,82,1,72,1,88,0.0352941176470588,0.0120481927710843,0.0112359550561798
Spint1,chr2,+,119237359,-3.51341069424602,,71,90,85,54,46,17,0.440993788819876,0.485714285714286,0.73015873015873
Vps18,chr2,+,119288741,,-0.638272465367409,10,37,17,54,18,41,0.212765957446809,0.314814814814815,0.305084745762712
Dll4,chr2,+,119325783,3.86776585083,,1,93,1,66,0,15,0.0106382978723404,0.0106382978723404,0
Gm14207,chr2,-,119326196,2.47093004631,,1,93,1,66,0,15,0.0106382978723404,0.0106382978723404,0
Chp1,chr2,+,119547706,-0.441659587612262,,20,195,21,201,19,182,0.0930232558139535,0.0972222222222222,0.0945273631840796
Nusap1,chr2,+,119618297,,-0.645242161763878,34,228,25,193,32,152,0.129770992366412,0.0988142292490119,0.173913043478261
Tyro3,chr2,+,119797739,,-1.26905886557743,53,10,25,2,64,9,0.841269841269841,0.714285714285714,0.876712328767123
Mga,chr2,+,119897227,-0.323202716907192,0.848812848487,2,62,2,68,1,65,0.03125,0.03125,0.0151515151515152
Pla2g4b,chr2,+,120033432,1.18932010615,,25,3,47,2,68,3,0.892857142857143,0.94,0.957746478873239
Ganc,chr2,+,120403895,,1.06881658787,29,260,18,251,30,285,0.100346020761246,0.0647482014388489,0.0952380952380952
Capn3,chr2,+,120463592,1.14547987191,,144,73,125,35,123,31,0.663594470046083,0.631313131313131,0.798701298701299
Ttbk2,chr2,-,120850583,-0.380231076076362,1.19358134387,85,123,124,114,136,107,0.408653846153846,0.502024291497976,0.559670781893004
Ccndbp1,chr2,+,121008407,,0.621374755685,1,97,0,86,2,97,0.0102040816326531,0,0.0202020202020202
Zscan29,chr2,-,121171124,,0.986060118573,23,176,6,145,15,159,0.115577889447236,0.032967032967033,0.0862068965517242
Tubgcp4,chr2,+,121171167,-0.454442707140173,,23,176,6,145,15,159,0.115577889447236,0.032967032967033,0.0862068965517242
Hypk,chr2,+,121457087,,-0.765520946910624,1,176,6,144,4,180,0.00564971751412429,0.032967032967033,0.0217391304347826
Mfap1b,chr2,-,121474022,1.32947207581,,24,135,21,151,14,122,0.150943396226415,0.134615384615385,0.102941176470588
Ctdspl2,chr2,+,121956000,0.311902245705,,4,38,19,28,11,48,0.0952380952380952,0.333333333333333,0.186440677966102
B2m,chr2,+,122147686,-1.58500399542318,2.25427300795,17,219,10,115,9,161,0.0720338983050848,0.0436681222707424,0.0529411764705882
Sord,chr2,+,122234838,-1.15756163065244,,9,160,5,137,4,71,0.0532544378698225,0.0303030303030303,0.0533333333333333
Shf,chr2,-,122369146,1.0702904954,,1,172,0,101,1,191,0.00578034682080925,0,0.00520833333333333
Slc28a2,chr2,+,122426434,,1.11112609211,45,3,32,1,35,1,0.9375,0.914285714285714,0.972222222222222
Gatm,chr2,-,122611276,-0.745000868996223,,118,23,97,131,104,128,0.836879432624114,0.808333333333333,0.448275862068966
Sema6d,chr2,+,124089968,3.87214555882,-2.97669351586597,0,19,0,31,0,26,0,0,0
Slc24a5,chr2,+,125068126,-0.601845765237633,0.883858453136,87,8,59,11,29,34,0.91578947368421,0.880597014925373,0.46031746031746
Slc12a1,chr2,+,125152599,4.24059798656,,224,10,175,6,165,6,0.957264957264957,0.945945945945946,0.964912280701754
Dut,chr2,+,125247247,,-0.968889497039634,40,70,27,43,34,76,0.363636363636364,0.278350515463918,0.309090909090909
Secisbp2l,chr2,-,125782869,,0.784920440037,94,134,83,120,71,127,0.412280701754386,0.382488479262673,0.358585858585859
Galk2,chr2,+,125859108,-0.669139476074614,,40,115,45,90,26,97,0.258064516129032,0.28125,0.211382113821138
Atp8b4,chr2,-,126499846,,-3.97168163063222,278,126,198,122,237,79,0.688118811881188,0.611111111111111,0.75
Hdc,chr2,-,126618677,,-4.8149976925425,166,43,140,38,146,30,0.794258373205742,0.765027322404372,0.829545454545455
Usp8,chr2,+,126707327,-0.394682052716176,,126,162,96,101,94,184,0.4375,0.372093023255814,0.338129496402878
Trpm7,chr2,-,126876260,-0.683301319604919,1.17880020044,13,170,8,172,14,173,0.0710382513661202,0.0449438202247191,0.0748663101604278
Sppl2a,chr2,-,126933234,-0.435443869130662,,13,125,16,194,7,216,0.0942028985507246,0.113475177304965,0.031390134529148
Ncaph,chr2,-,127133953,,-1.32552581838056,46,257,27,136,39,233,0.151815181518152,0.0950704225352113,0.143382352941176
Itpripl1,chr2,-,127143456,0.585179255587,-1.52217031658227,14,29,14,17,4,24,0.325581395348837,0.325581395348837,0.142857142857143
Dusp2,chr2,+,127336158,,1.27220465541,1,70,1,57,0,114,0.0140845070422535,0.0140845070422535,0
Kcnip3,chr2,-,127522093,,1.76253783695,3,5,15,3,10,12,0.375,0.75,0.454545454545455
Prom2,chr2,-,127541416,,8.80399843009,11,0,9,0,11,0,1,1,1
Nphp1,chr2,-,127788890,-0.55136549828685,,85,82,57,73,70,40,0.508982035928144,0.410071942446043,0.636363636363636
Bcl2l11,chr2,+,128126037,-0.491946022217429,,7,150,4,167,5,94,0.0445859872611465,0.025974025974026,0.0505050505050505
Mertk,chr2,+,128698914,2.62046976021,-3.46954956128177,38,449,32,340,15,477,0.0780287474332649,0.0665280665280665,0.0304878048780488
Tmem87b,chr2,+,128818302,,1.08072035503,12,125,22,113,18,115,0.0875912408759124,0.149659863945578,0.135338345864662
Zc3h6,chr2,+,128967401,,1.51860149055,21,142,24,111,22,159,0.128834355828221,0.144578313253012,0.121546961325967
Sirpa,chr2,+,129592838,0.887582933823,-1.30564885932244,20,9,15,4,18,0,0.689655172413793,0.625,1
Nop56,chr2,+,130274411,,-0.524812465899283,20,177,21,121,45,155,0.101522842639594,0.106060606060606,0.225
Ebf4,chr2,+,130295938,5.61700394843,,45,26,64,22,37,13,0.633802816901409,0.711111111111111,0.74
Cpxm1,chr2,-,130397628,3.33795168321,,41,11,41,9,26,15,0.788461538461538,0.788461538461538,0.634146341463415
Vps16,chr2,+,130424319,-0.295714855860281,,30,174,18,165,36,128,0.147058823529412,0.09375,0.219512195121951
Ubox5,chr2,-,130630037,,-0.877393518912185,11,225,13,167,15,166,0.0466101694915254,0.0546218487394958,0.0828729281767956
Ddrgk1,chr2,-,130664644,,0.607289339159,134,117,85,110,114,93,0.533864541832669,0.420792079207921,0.550724637681159
Itpa,chr2,+,130667801,,-0.922666896791728,97,104,61,76,90,89,0.482587064676617,0.36969696969697,0.502793296089386
4930402H24Rik,chr2,-,130840144,0.46222020577,,8,60,5,45,2,27,0.117647058823529,0.0769230769230769,0.0689655172413793
Gfra4,chr2,-,131043087,1.40570980631,,13,3,16,3,6,1,0.8125,0.842105263157895,0.857142857142857
Siglec1,chr2,-,131086764,5.44403134703,-4.88538211797535,111,79,118,91,108,81,0.58421052631579,0.598984771573604,0.571428571428571
1700037H04Rik,chr2,-,131160080,,-0.845876930954571,12,129,6,128,20,121,0.0851063829787234,0.0444444444444444,0.141843971631206
Cenpb,chr2,-,131180066,-0.434536378013454,,57,86,57,177,84,136,0.398601398601399,0.398601398601399,0.381818181818182
Prn,chr2,+,131909927,-1.47693310706962,,44,167,23,161,27,187,0.208530805687204,0.121052631578947,0.126168224299065
Prnp,chr2,+,131909927,-1.44379570707909,,44,167,23,161,27,187,0.208530805687204,0.121052631578947,0.126168224299065
Prnd,chr2,+,131950860,-2.22396917137009,,42,59,26,55,26,49,0.415841584158416,0.305882352941177,0.346666666666667
Slc23a2,chr2,-,132145319,-0.448512224371939,0.719329399162,10,50,15,48,7,61,0.166666666666667,0.230769230769231,0.102941176470588
Lrrn4,chr2,-,132880861,0.846487997338,,30,7,40,0,10,0,0.810810810810811,0.851063829787234,1
Bmp2,chr2,+,133552158,6.80368481489,-8.34261651585444,9,10,26,30,18,40,0.473684210526316,0.722222222222222,0.310344827586207
Tmx4,chr2,-,134644120,,0.82110753007,57,68,44,59,33,61,0.456,0.392857142857143,0.351063829787234
Plcb1,chr2,+,134786163,,2.37556043848,8,0,14,0,17,2,1,1,0.894736842105263
Plcb4,chr2,+,135659546,1.03330380774,,23,42,8,55,16,49,0.353846153846154,0.16,0.246153846153846
Btbd3,chr2,+,138256583,1.11686646104,,0,58,0,47,0,59,0,0,0
Flrt3,chr2,-,140671475,3.16604205881,,17,155,19,142,15,128,0.0988372093023256,0.109195402298851,0.104895104895105
Bfsp1,chr2,-,143863172,6.53117542001,,139,88,108,21,107,82,0.612334801762115,0.551020408163265,0.566137566137566
Rrbp1,chr2,-,144011262,-0.569475235481366,,0,9,0,9,0,8,0,0,0
Snx5,chr2,-,144270901,,-0.744997661538921,11,134,4,90,14,96,0.0758620689655172,0.0289855072463768,0.127272727272727
Mgme1,chr2,+,144270903,0.352454724915,,11,134,4,90,14,96,0.0758620689655172,0.0289855072463768,0.127272727272727
Zfp133-ps,chr2,+,144459279,1.49672656324,,86,110,93,59,118,116,0.438775510204082,0.458128078817734,0.504273504273504
Slc24a3,chr2,+,145167774,1.0962830783,,0,10,0,14,0,4,0,0,0
BC039771,chr2,+,145701194,,7.4305647723,84,18,83,7,98,12,0.823529411764706,0.821782178217822,0.890909090909091
Rin2,chr2,+,145786115,1.37383476515,1.0952681289,26,162,38,126,21,202,0.138297872340426,0.19,0.0941704035874439
Insm1,chr2,+,146221996,7.16102165873,-2.84525173148158,3,366,0,256,0,173,0.00813008130081301,0,0
Nkx2-2os,chr2,+,147184082,4.94892328542,,13,341,19,361,19,359,0.0367231638418079,0.0527777777777778,0.0502645502645503
Thbd,chr2,-,148408187,3.25425782609,,2,135,9,75,2,134,0.0145985401459854,0.0625,0.0147058823529412
Cd93,chr2,-,148443534,0.65246236349,,66,127,60,157,56,179,0.341968911917098,0.320855614973262,0.238297872340426
Napb,chr2,-,148732419,-1.45503515328693,,10,167,3,155,6,160,0.0564971751412429,0.0176470588235294,0.036144578313253
Zfp120,chr2,-,150136677,-0.887740980426428,1.10155911587,43,8,33,15,43,20,0.843137254901961,0.804878048780488,0.682539682539683
E130215H24Rik,chr2,+,150667493,1.77316185971,,123,79,64,93,137,93,0.608910891089109,0.447552447552448,0.595652173913044
Acss1,chr2,-,150668239,1.82030723732,,36,62,38,62,11,67,0.36734693877551,0.38,0.141025641025641
Entpd6,chr2,+,150749079,,-0.752490400308503,36,31,66,39,33,27,0.537313432835821,0.680412371134021,0.55
Gins1,chr2,+,150909593,,-0.927685517226555,56,65,28,66,61,65,0.462809917355372,0.301075268817204,0.484126984126984
Fkbp1a,chr2,+,151542482,,-1.36208183567708,19,76,10,56,18,89,0.2,0.116279069767442,0.168224299065421
Srxn1,chr2,+,152105523,-2.65043987093009,0.990032386295,16,42,19,19,10,26,0.275862068965517,0.311475409836066,0.277777777777778
Tcf15,chr2,+,152143608,-1.89623465286515,2.31215421564,17,69,32,62,14,71,0.197674418604651,0.316831683168317,0.164705882352941
Rbck1,chr2,-,152332638,-0.390288644202995,,4,166,1,171,5,241,0.0235294117647059,0.00598802395209581,0.0203252032520325
Trib3,chr2,-,152344059,-2.60152484909234,,9,93,5,65,2,92,0.0882352941176471,0.0510204081632653,0.0212765957446809
Sox12,chr2,-,152398045,,-0.852749828299655,0,237,0,102,0,100,0,0,0
Zcchc3,chr2,-,152415043,2.48448787268,-1.95324746047443,16,97,43,119,22,89,0.141592920353982,0.307142857142857,0.198198198198198
6820408C15Rik,chr2,+,152415586,2.7061832019,,46,93,87,113,68,84,0.330935251798561,0.483333333333333,0.447368421052632
H13,chr2,+,152669460,,-0.585182087158845,49,187,46,201,56,198,0.207627118644068,0.197424892703863,0.220472440944882
Mcts2,chr2,+,152687147,1.10728208727,-1.50855267646738,1194,238,1264,51,1169,25,0.833798882681564,0.841544607190413,0.979061976549414
Cox4i2,chr2,+,152754172,0.959712951721,-1.68478935094554,104,7,106,2,113,4,0.936936936936937,0.938053097345133,0.965811965811966
Tpx2,chr2,+,152847963,,-1.11815596036762,0,40,0,50,0,29,0,0,0
Dusp15,chr2,-,152951581,-7.12486105343002,,4,12,2,8,0,12,0.25,0.142857142857143,0
Ccm2l,chr2,+,153065954,1.75459309441,,87,25,75,23,39,10,0.776785714285714,0.75,0.795918367346939
Hck,chr2,+,153108467,3.02597279908,-3.53369998797845,15,8,18,17,10,15,0.652173913043478,0.692307692307692,0.4
Plagl2,chr2,-,153241357,1.01783631619,-1.07409953051038,14,20,5,52,12,34,0.411764705882353,0.2,0.260869565217391
Bpifb5,chr2,+,154223741,-3.30365812221179,4.11776741332,7,6,0,30,0,21,0.538461538461538,0,0
Cdk5rap1,chr2,-,154372718,-0.622996775315552,,23,78,15,60,19,55,0.227722772277228,0.161290322580645,0.256756756756757
Raly,chr2,+,154791109,,-0.605879350083741,0,12,2,26,0,36,0,0.142857142857143,0
Ahcy,chr2,-,155074496,,-1.13757020531704,34,184,13,147,52,131,0.155963302752294,0.0659898477157361,0.284153005464481
Acss2,chr2,+,155518042,-0.788188843762138,,49,303,30,365,26,233,0.139204545454545,0.0900900900900901,0.1003861003861
Gss,chr2,-,155592809,-0.589852596213995,-0.897225220333454,2,216,0,99,0,89,0.0091743119266055,0,0
Myh7b,chr2,+,155611242,1.20562796216,-1.65630748322258,58,7,48,0,42,1,0.892307692307692,0.872727272727273,0.976744186046512
Edem2,chr2,-,155729474,-0.389184440038336,,118,142,102,127,94,87,0.453846153846154,0.418032786885246,0.519337016574586
Mmp24,chr2,+,155775341,-0.892297373348814,,70,83,86,112,66,83,0.457516339869281,0.50887573964497,0.442953020134228
BC029722,chr2,-,155819231,-0.617653181918971,,56,104,47,40,76,142,0.35,0.311258278145695,0.348623853211009
Eif6,chr2,-,155826924,,-0.796081651849097,51,168,29,176,46,151,0.232876712328767,0.147208121827411,0.233502538071066
Spag4,chr2,+,156065212,-0.844981185070552,,97,17,71,26,115,17,0.850877192982456,0.806818181818182,0.871212121212121
Romo1,chr2,+,156144152,,-0.700414258033721,1,261,3,285,5,239,0.00381679389312977,0.0113636363636364,0.0204918032786885
Rbm39,chr2,-,156180237,,0.666569997608,0,124,0,101,0,123,0,0,0
Dlgap4,chr2,+,156613696,0.576625298,,0,39,4,57,4,26,0,0.0930232558139535,0.133333333333333
Tgif2,chr2,+,156840006,0.491228595971,,40,48,60,43,42,7,0.454545454545455,0.555555555555556,0.857142857142857
Soga1,chr2,-,157079264,0.393770857253,0.902346031403,19,12,20,18,17,8,0.612903225806452,0.625,0.68
Samhd1,chr2,-,157135095,0.551808008383,,23,153,30,140,21,93,0.130681818181818,0.163934426229508,0.184210526315789
Rbl1,chr2,-,157204533,-0.36543928653347,,38,103,30,104,38,124,0.269503546099291,0.225563909774436,0.234567901234568
Rpn2,chr2,+,157279097,-0.588627503636841,,40,326,43,218,47,290,0.109289617486339,0.116531165311653,0.13946587537092
Src,chr2,+,157424292,1.47398864951,,36,6,20,4,27,2,0.857142857142857,0.769230769230769,0.931034482758621
Ctnnbl1,chr2,+,157737400,,-0.656348106647942,79,12,58,12,83,20,0.868131868131868,0.828571428571429,0.805825242718447
Tgm2,chr2,-,158146391,,0.837950704963,28,7,42,6,14,15,0.8,0.857142857142857,0.482758620689655
D630003M21Rik,chr2,-,158229223,3.11639417766,,75,74,73,69,103,97,0.503355704697987,0.496598639455782,0.515
Lbp,chr2,+,158306492,1.18438156392,,59,115,31,150,17,112,0.339080459770115,0.212328767123288,0.131782945736434
Snhg11,chr2,+,158375712,2.45584971662,,67,121,61,81,78,118,0.356382978723404,0.335164835164835,0.397959183673469
Ralgapb,chr2,+,158409852,-0.476157984042128,,14,3,25,2,11,0,0.823529411764706,0.892857142857143,1
Actr5,chr2,+,158624912,0.529125802905,,75,9,32,17,63,11,0.892857142857143,0.780487804878049,0.851351351351351
Ppp1r16b,chr2,+,158666732,1.68113879647,,19,181,22,124,28,127,0.095,0.108374384236453,0.180645161290323
Fam83d,chr2,+,158768098,,-1.01946856739705,15,150,9,110,7,123,0.0909090909090909,0.0566037735849057,0.0538461538461539
Mafb,chr2,-,160367064,5.6311797118,-3.34891820352966,1,73,0,110,0,95,0.0135135135135135,0,0
Zhx3,chr2,-,160872989,0.580522122089,,79,74,102,57,104,66,0.516339869281046,0.579545454545455,0.611764705882353
Chd6,chr2,-,161109085,,0.894049030916,25,238,18,186,29,240,0.0950570342205323,0.0703125,0.107806691449814
Mybl2,chr2,+,163054634,,-1.49692348073817,76,17,31,10,66,5,0.817204301075269,0.645833333333333,0.929577464788732
Tox2,chr2,+,163203126,4.54177594292,,3,83,1,65,7,80,0.0348837209302326,0.0119047619047619,0.0804597701149425
Hnf4a,chr2,+,163506856,4.35424720991,,252,28,217,18,244,23,0.9,0.885714285714286,0.913857677902622
0610039K10Rik,chr2,+,163644849,,1.24795840729,1,208,1,186,0,284,0.00478468899521531,0.00478468899521531,0
Serinc3,chr2,-,163645142,-0.907084221759243,1.22815752489,0,215,1,179,0,284,0,0.00462962962962963,0
Pkig,chr2,+,163658385,,-0.856124726159915,5,176,16,133,10,185,0.0276243093922652,0.0833333333333333,0.0512820512820513
Pabpc1l,chr2,+,164025223,1.35407373889,,499,37,528,25,435,7,0.930970149253731,0.934513274336283,0.984162895927602
Kcns1,chr2,-,164171112,-2.23226300858499,3.94282603781,19,127,58,72,103,49,0.13013698630137,0.313513513513514,0.677631578947369
Matn4,chr2,-,164405159,,4.15772520505,18,111,27,77,48,62,0.13953488372093,0.195652173913043,0.436363636363636
Sdc4,chr2,-,164443187,-1.71061704077635,2.3352928854,61,191,82,166,121,140,0.242063492063492,0.3003663003663,0.46360153256705
Sys1,chr2,+,164460970,0.526980172218,,49,173,50,123,59,174,0.220720720720721,0.224215246636771,0.253218884120172
Wfdc2,chr2,+,164562714,2.33771044597,,2,5,11,2,3,1,0.285714285714286,0.6875,0.75
Ube2c,chr2,+,164769928,0.370429234714,-1.96807595931516,12,217,22,263,18,300,0.0524017467248908,0.0920502092050209,0.0566037735849057
Ctsa,chr2,+,164832871,-0.30967589603149,,99,66,59,64,89,32,0.6,0.472,0.735537190082645
Neurl2,chr2,-,164833595,0.979572785096,,11,47,7,60,7,19,0.189655172413793,0.12962962962963,0.269230769230769
Pltp,chr2,-,164857707,,-2.3527435553897,20,168,4,137,11,141,0.106382978723404,0.0232558139534884,0.0723684210526316
Mmp9,chr2,+,164948218,,-7.57587234539299,7,5,4,9,3,2,0.583333333333333,0.444444444444444,0.6
Slc12a5,chr2,+,164960845,2.27957654901,,33,59,35,42,40,36,0.358695652173913,0.372340425531915,0.526315789473684
Slc35c2,chr2,-,165287837,-1.09952543527985,,41,47,44,15,21,41,0.465909090909091,0.483516483516484,0.338709677419355
Elmo2,chr2,-,165326478,-0.481221172995717,,27,145,24,145,13,93,0.156976744186047,0.142011834319527,0.122641509433962
Zfp334,chr2,-,165388258,1.67754154022,,150,64,104,47,110,69,0.700934579439252,0.619047619047619,0.614525139664805
Slc2a10,chr2,+,165503896,0.924269979376,,7,0,15,0,11,0,1,1,1
Eya2,chr2,+,165595027,0.645449581252,0.891761085816,14,100,33,129,39,121,0.12280701754386,0.24812030075188,0.24375
Ncoa3,chr2,+,165992636,0.732837870454,,50,1,35,0,30,0,0.980392156862745,0.972222222222222,1
Sulf2,chr2,-,166155682,-4.42774276633244,,29,236,44,166,27,124,0.109433962264151,0.157142857142857,0.178807947019868
Stau1,chr2,-,166996298,0.31926745732,,36,76,29,70,49,33,0.321428571428571,0.276190476190476,0.597560975609756
Ddx27,chr2,+,167015312,,-0.610402900083941,10,138,8,165,22,82,0.0675675675675676,0.0547945205479452,0.211538461538462
Snord12,chr2,+,167065292,-0.635346141001002,,73,124,76,73,78,129,0.370558375634518,0.38,0.376811594202899
Kcnb1,chr2,-,167188817,,1.98095861581,94,5,103,24,93,17,0.949494949494949,0.953703703703704,0.845454545454546
Ube2v1,chr2,-,167632004,0.451047025228,,37,65,25,67,41,49,0.362745098039216,0.277777777777778,0.455555555555556
Cebpb,chr2,+,167688914,,-1.11224046164353,11,0,13,2,9,0,1,1,1
Kcng1,chr2,-,168281532,3.69374672965,,19,55,25,53,36,46,0.256756756756757,0.3125,0.439024390243902
Nfatc2,chr2,-,168601656,-1.20953582373113,1.58322900922,66,67,97,37,50,28,0.496240601503759,0.591463414634146,0.641025641025641
Atp9a,chr2,-,168742135,1.4611774416,,32,42,33,65,26,67,0.432432432432432,0.44,0.279569892473118
Tshz2,chr2,+,169632508,3.44134912002,,13,72,15,155,7,113,0.152941176470588,0.172413793103448,0.0583333333333333
Pfdn4,chr2,+,170496427,,-0.883004265344157,14,136,6,92,22,144,0.0933333333333333,0.0422535211267606,0.132530120481928
Gm16796,chr2,-,170511926,0.909874131049,,10,104,15,105,15,129,0.087719298245614,0.126050420168067,0.104166666666667
Aurka,chr2,-,172370569,,-2.07572134219593,30,244,30,333,28,183,0.109489051094891,0.109489051094891,0.132701421800948
Bmp7,chr2,-,172940320,2.48994314072,,0,10,0,3,0,9,0,0,0
Spo11,chr2,+,172979841,,3.23179242443,262,13,216,10,166,57,0.952727272727273,0.943231441048035,0.744394618834081
Rbm38,chr2,+,173021901,0.994260835188,,136,50,160,56,151,82,0.731182795698925,0.761904761904762,0.648068669527897
Zbp1,chr2,-,173218921,,4.44298628223,112,80,56,39,68,92,0.583333333333333,0.411764705882353,0.425
Pmepa1,chr2,-,173276532,,2.82866596654,24,159,15,129,24,230,0.131147540983607,0.0862068965517242,0.0944881889763779
Ctsz,chr2,-,174439038,-0.469358755520693,-0.788683603629449,14,33,28,32,12,29,0.297872340425532,0.459016393442623,0.292682926829268
Tubb1,chr2,+,174450594,4.74044317978,,42,26,12,18,46,22,0.617647058823529,0.315789473684211,0.676470588235294
Zfp831,chr2,+,174643533,2.10719636711,,103,1,112,2,103,2,0.990384615384615,0.991150442477876,0.980952380952381
Gm14322,chr2,+,177759287,-0.84442865672307,,9,5,8,16,12,9,0.642857142857143,0.615384615384615,0.571428571428571
Phactr3,chr2,+,178118974,4.44166331376,-7.08473436885956,24,28,42,33,29,23,0.461538461538462,0.6,0.557692307692308
Fam217b,chr2,+,178414533,,1.18560654769,42,44,153,132,158,90,0.488372093023256,0.776649746192893,0.637096774193548
Cdh4,chr2,+,179442430,3.886954884,,0,62,7,57,0,19,0,0.101449275362319,0
Lsm14b,chr2,+,180024986,0.551542719924,-0.692263701433594,2,90,0,70,5,97,0.0217391304347826,0,0.0490196078431373
Adrm1,chr2,+,180171587,,-0.717915665149222,11,121,13,182,5,202,0.0833333333333333,0.0970149253731343,0.0241545893719807
Lama5,chr2,-,180225858,-1.74343243386219,,31,129,26,100,34,93,0.19375,0.167741935483871,0.267716535433071
Cables2,chr2,-,180273464,-0.366607819416443,0.694022535829,9,149,2,79,2,133,0.0569620253164557,0.0132450331125828,0.0148148148148148
Slco4a1,chr2,+,180456244,-3.44040855742187,1.46989990386,12,97,17,45,7,100,0.110091743119266,0.149122807017544,0.0654205607476636
Slc17a9,chr2,+,180725338,-0.743329156247334,,27,37,38,50,23,42,0.421875,0.506666666666667,0.353846153846154
Ythdf1,chr2,-,180920935,,-0.566531929703965,5,113,3,104,2,96,0.0423728813559322,0.0258620689655172,0.0204081632653061
Ppdpf,chr2,+,181186821,0.702635322034,,0,16,0,30,0,33,0,0,0
Srms,chr2,-,181213170,2.93733471611,,44,71,25,36,58,64,0.382608695652174,0.260416666666667,0.475409836065574
Helz2,chr2,-,181242026,0.593530501381,,54,2,49,4,50,4,0.964285714285714,0.96078431372549,0.925925925925926
Rtel1,chr2,+,181319723,,-0.687241530091307,72,131,33,70,66,90,0.354679802955665,0.201219512195122,0.423076923076923
Zgpat,chr2,+,181364930,0.442062049944,,18,2,19,34,12,49,0.9,0.904761904761905,0.19672131147541
Lime1,chr2,+,181381234,,1.0811165442,78,2,69,4,63,0,0.975,0.971830985915493,1
Zbtb46,chr2,-,181459425,3.4231933413,-1.71557342309447,1,93,2,76,5,54,0.0106382978723404,0.0210526315789474,0.0847457627118644
Sox18,chr2,-,181671639,3.86782556355,-2.42889372938866,34,70,48,114,35,95,0.326923076923077,0.406779661016949,0.269230769230769
Tcea2,chr2,+,181680296,,1.2265691618,50,45,50,49,48,24,0.526315789473684,0.526315789473684,0.666666666666667
Myt1,chr2,+,181763331,4.24886298867,,22,11,33,14,36,11,0.666666666666667,0.75,0.765957446808511
Pcmtd2,chr2,+,181837853,,0.947841062368,72,22,50,25,73,17,0.765957446808511,0.694444444444445,0.811111111111111
Il7,chr3,-,7613759,-1.62326858142399,2.39138584506,48,13,78,10,64,5,0.786885245901639,0.857142857142857,0.927536231884058
Mrps28,chr3,-,8923856,,-1.17577199235629,32,42,48,42,46,9,0.432432432432432,0.533333333333333,0.836363636363636
Zbtb10,chr3,+,9250566,1.14898610755,,6,135,0,111,1,112,0.0425531914893617,0,0.00884955752212389
Fabp5,chr3,+,10012584,,-1.76714533309234,31,165,56,153,42,116,0.158163265306122,0.253393665158371,0.265822784810127
Fabp4,chr3,-,10208615,8.51524397638,-3.5616591030858,252,21,235,18,247,13,0.923076923076923,0.91796875,0.95
Lrrcc1,chr3,+,14533787,,1.41310698813,67,65,47,73,45,100,0.507575757575758,0.419642857142857,0.310344827586207
E2f5,chr3,+,14578670,1.23234846115,,17,45,17,46,18,65,0.274193548387097,0.274193548387097,0.216867469879518
Car13,chr3,+,14641726,-1.92104709331565,,100,93,64,85,66,81,0.518134715025907,0.407643312101911,0.448979591836735
Car1,chr3,-,14808364,5.23949684363,,22,0,35,1,38,1,1,1,0.974358974358974
Car3,chr3,+,14863537,,3.02946010335,48,26,26,19,42,23,0.648648648648649,0.5,0.646153846153846
Car2,chr3,+,14886268,1.03137789469,0.862061174593,0,35,0,49,0,33,0,0,0
Mtfr1,chr3,+,19187319,,-0.789540297171087,59,49,86,33,70,94,0.546296296296296,0.637037037037037,0.426829268292683
Trim55,chr3,+,19644459,5.24875968035,,59,5,70,2,53,2,0.921875,0.933333333333333,0.963636363636364
4632415L05Rik,chr3,+,19894870,,0.755969990722,72,145,52,331,76,290,0.331797235023041,0.263959390862944,0.207650273224044
Cpa3,chr3,-,20242180,-1.78152007774717,,82,5,80,4,81,4,0.942528735632184,0.941176470588235,0.952941176470588
Ect2,chr3,-,27153877,,-2.04282247128529,16,249,0,282,13,230,0.060377358490566,0,0.0534979423868313
Nceh1,chr3,+,27183003,,1.27915111014,0,61,0,79,1,86,0,0,0.0114942528735632
Tnfsf10,chr3,+,27317076,,1.91189399331,19,21,9,21,11,32,0.475,0.3,0.255813953488372
Tnik,chr3,+,28263213,0.660846424683,,12,176,7,92,3,220,0.0638297872340426,0.0382513661202186,0.0134529147982063
Mecom,chr3,-,30509758,0.957845966106,,12,128,7,119,6,123,0.0857142857142857,0.0518518518518519,0.0465116279069768
Lrriq4,chr3,+,30644486,4.68026464271,,65,24,57,25,59,10,0.730337078651685,0.703703703703704,0.855072463768116
Lrrc34,chr3,-,30647817,3.77511328496,,36,19,26,32,34,22,0.654545454545455,0.577777777777778,0.607142857142857
Sec62,chr3,+,30792875,,0.835200063125,13,67,18,76,4,20,0.1625,0.211764705882353,0.166666666666667
Phc3,chr3,-,30969414,-0.323239086756374,1.38124007045,2,73,0,148,0,163,0.0266666666666667,0,0
Skil,chr3,+,31095057,1.05757726003,1.81969563978,0,21,1,22,1,19,0,0.0454545454545455,0.05
Zmat3,chr3,-,32365664,-1.98964396293104,,128,86,155,109,184,81,0.598130841121495,0.643153526970954,0.694339622641509
Mfn1,chr3,+,32529481,-0.405066916537346,,4,93,3,56,6,124,0.0412371134020619,0.03125,0.0461538461538462
Actl6a,chr3,+,32708545,,-0.732811458185243,47,29,60,38,65,29,0.618421052631579,0.674157303370787,0.691489361702128
Ndufb5,chr3,+,32737062,,-0.633482436139935,29,118,35,127,41,153,0.197278911564626,0.228758169934641,0.211340206185567
Usp13,chr3,+,32817625,5.31830459535,,83,12,73,13,85,18,0.873684210526316,0.858823529411765,0.825242718446602
Atp11b,chr3,+,35754062,,0.896468210169,110,87,82,93,110,64,0.558375634517767,0.485207100591716,0.632183908045977
Dcun1d1,chr3,-,35932965,,0.844073622767,0,135,0,159,0,124,0,0,0
Anxa5,chr3,-,36475886,-1.95935005902438,,9,152,12,188,12,144,0.0559006211180124,0.0731707317073171,0.0769230769230769
Ccna2,chr3,-,36573037,,-1.15182832481251,124,2,89,1,119,6,0.984126984126984,0.978021978021978,0.952
Trpc3,chr3,-,36690166,3.02091291569,,27,43,20,52,44,75,0.385714285714286,0.317460317460317,0.369747899159664
4932438A13Rik,chr3,+,36863105,-0.349275046547412,1.17276438869,25,42,17,75,14,64,0.373134328358209,0.288135593220339,0.17948717948718
Adad1,chr3,+,37063655,5.50652179997,,421,84,529,120,414,109,0.833663366336634,0.862969004893964,0.791586998087954
Spry1,chr3,+,37639946,1.76314390589,,28,42,33,41,37,55,0.4,0.44,0.402173913043478
Gm5148,chr3,-,37724359,-0.850302131431382,,6,142,7,141,3,106,0.0405405405405405,0.0469798657718121,0.0275229357798165
Intu,chr3,+,40540766,0.51473560475,,23,16,43,11,32,24,0.58974358974359,0.728813559322034,0.571428571428571
Hspa4l,chr3,+,40745612,-0.776882462355159,0.813392892921,5,68,18,70,6,78,0.0684931506849315,0.209302325581395,0.0714285714285714
Larp1b,chr3,+,40950649,-1.0126546135547,,7,143,2,150,2,176,0.0466666666666667,0.0137931034482759,0.0112359550561798
D3Ertd751e,chr3,+,41742614,,1.1309709308,23,233,13,254,9,267,0.08984375,0.0528455284552846,0.0326086956521739
Pabpc4l,chr3,-,46447940,1.49074953709,,69,45,61,52,93,42,0.605263157894737,0.575471698113208,0.688888888888889
Slc7a11,chr3,-,50443612,-4.86838541797198,,78,101,38,95,43,102,0.435754189944134,0.273381294964029,0.296551724137931
5031434O11Rik,chr3,+,51559984,1.46748656614,5.619799015,42,93,16,75,8,101,0.311111111111111,0.146788990825688,0.073394495412844
Setd7,chr3,-,51560822,-0.731981461386464,0.604854802005,0,22,1,21,0,16,0,0.0434782608695652,0
Maml3,chr3,-,52105005,,0.748150937562,67,98,51,118,83,91,0.406060606060606,0.342281879194631,0.477011494252874
Foxo1,chr3,+,52268336,0.931626854849,,0,114,1,126,0,120,0,0.00869565217391304,0
Lhfp,chr3,+,53041546,-3.28435396108689,3.27901723227,38,86,54,79,55,104,0.306451612903226,0.385714285714286,0.345911949685535
Nhlrc3,chr3,-,53463257,0.583937276047,,23,179,30,234,31,149,0.113861386138614,0.143540669856459,0.172222222222222
Postn,chr3,+,54359266,5.88223578862,-3.23386136676664,29,19,30,15,33,23,0.604166666666667,0.612244897959184,0.589285714285714
Supt20,chr3,+,54692814,0.336217258939,,55,202,43,146,59,173,0.214007782101167,0.175510204081633,0.254310344827586
Exosc8,chr3,-,54735363,,-0.595282228895174,7,76,0,37,5,81,0.0843373493975904,0,0.0581395348837209
Alg5,chr3,+,54735538,-0.427117209019398,,7,86,0,41,6,94,0.0752688172043011,0,0.06
Smad9,chr3,+,54755581,6.92710146207,,18,16,13,16,26,16,0.529411764705882,0.448275862068966,0.619047619047619
Nbea,chr3,-,56183700,1.40316072344,,52,28,39,18,38,30,0.65,0.582089552238806,0.558823529411765
Tm4sf1,chr3,-,57301987,2.1455667631,,21,3,24,1,18,2,0.875,0.888888888888889,0.9
Rnf13,chr3,+,57736056,-1.40038048437275,0.783286285015,13,80,12,60,5,68,0.139784946236559,0.130434782608696,0.0684931506849315
Serp1,chr3,-,58525883,-0.569727506772001,,35,259,30,151,34,296,0.119047619047619,0.103806228373702,0.103030303030303
Siah2,chr3,-,58692387,-0.672106136435106,,19,0,31,1,30,1,1,1,0.967741935483871
Med12l,chr3,+,59006977,,2.57305428595,7,35,12,70,10,76,0.166666666666667,0.25531914893617,0.116279069767442
Gpr171,chr3,-,59101820,,1.40822926941,81,99,60,94,75,97,0.45,0.377358490566038,0.436046511627907
P2ry14,chr3,-,59153491,-2.07004723389721,2.58271943586,163,38,187,19,213,12,0.810945273631841,0.831111111111111,0.946666666666667
P2ry13,chr3,-,59210881,1.04239892673,,298,87,214,83,245,85,0.774025974025974,0.710963455149502,0.742424242424242
P2ry12,chr3,-,59262984,3.33490264447,,174,78,126,51,135,51,0.690476190476191,0.617647058823529,0.725806451612903
Igsf10,chr3,-,59344255,,1.21454464333,0,66,0,70,0,86,0,0,0
Mbnl1,chr3,+,60472829,-0.283748357168799,0.760532480426,28,60,7,86,19,89,0.318181818181818,0.104477611940299,0.175925925925926
P2ry1,chr3,+,61002784,0.891219305903,0.917202611828,10,149,18,91,13,122,0.0628930817610063,0.107784431137725,0.0962962962962963
Arhgef26,chr3,+,62338776,1.78903454018,,17,17,9,32,15,23,0.5,0.346153846153846,0.394736842105263
Plch1,chr3,-,63899461,-3.02284937053905,,0,79,0,60,0,90,0,0,0
E130311K13Rik,chr3,-,63929471,,1.20482085995,11,17,10,3,9,10,0.392857142857143,0.37037037037037,0.473684210526316
Slc33a1,chr3,-,63964732,-0.651843488787391,,23,147,21,136,11,133,0.135294117647059,0.125,0.0763888888888889
Ssr3,chr3,-,65392552,-0.742428433940394,,418,462,379,242,334,339,0.475,0.450653983353151,0.4962852897474
Tiparp,chr3,+,65528446,-2.06253316352192,,0,105,1,193,0,122,0,0.00943396226415094,0
Ccnl1,chr3,-,65958248,,0.813102387201,20,206,25,131,20,221,0.0884955752212389,0.108225108225108,0.0829875518672199
Mlf1,chr3,+,67374096,1.16109320692,,37,47,27,40,29,39,0.440476190476191,0.364864864864865,0.426470588235294
Gfm1,chr3,+,67430114,,-0.784691695466878,50,168,52,135,50,121,0.229357798165138,0.236363636363636,0.292397660818713
Lxn,chr3,-,67463906,-0.548663895453724,,68,64,57,40,64,24,0.515151515151515,0.471074380165289,0.727272727272727
Schip1,chr3,+,68064801,2.08435240724,,157,126,106,105,178,96,0.554770318021201,0.456896551724138,0.64963503649635
Il12a,chr3,+,68690643,,1.34994498255,70,5,44,7,71,7,0.933333333333333,0.897959183673469,0.91025641025641
1110032F04Rik,chr3,+,68869585,,-5.90481919530062,52,87,61,75,86,99,0.37410071942446,0.412162162162162,0.464864864864865
Ift80,chr3,-,69004569,,0.865922245119,44,155,55,134,80,153,0.221105527638191,0.261904761904762,0.343347639484979
Trim59,chr3,-,69044741,,-0.654215292368796,9,232,10,237,3,337,0.037344398340249,0.0413223140495868,0.00882352941176471
Ppm1l,chr3,+,69316917,0.867010424375,,3,245,8,205,1,168,0.0120967741935484,0.0316205533596838,0.00591715976331361
Serpini1,chr3,+,75557492,,1.90641247577,68,95,43,92,58,89,0.417177914110429,0.311594202898551,0.394557823129252
Etfdh,chr3,-,79628766,-0.592723800275787,,9,110,2,82,1,112,0.0756302521008403,0.0178571428571429,0.00884955752212389
4930579G24Rik,chr3,+,79629078,-0.390935833750351,,9,89,9,81,6,100,0.0918367346938776,0.0918367346938776,0.0566037735849057
Tmem144,chr3,-,79852767,-1.07632417744253,,105,29,103,24,111,14,0.783582089552239,0.78030303030303,0.888
Gria2,chr3,-,80802834,3.33898787279,,13,25,10,25,14,19,0.342105263157895,0.285714285714286,0.424242424242424
Pdgfc,chr3,+,81036415,4.81152081507,,104,9,52,4,106,7,0.920353982300885,0.852459016393443,0.938053097345133
Ctso,chr3,+,81932600,,1.26364181903,35,34,30,29,21,22,0.507246376811594,0.46875,0.488372093023256
Fgg,chr3,+,83007723,6.39777307592,-7.25933875393006,39,3,35,8,13,2,0.928571428571429,0.921052631578947,0.866666666666667
Fga,chr3,+,83026152,6.35811659863,,47,7,64,9,92,5,0.87037037037037,0.901408450704225,0.948453608247423
Sfrp2,chr3,+,83766320,3.25331657915,,0,21,0,26,2,42,0,0,0.0454545454545455
Fhdc1,chr3,-,84480438,3.26315690632,,0,107,8,130,3,109,0,0.0695652173913044,0.0267857142857143
Tmem154,chr3,+,84666191,0.978358126982,,32,180,48,113,35,166,0.150943396226415,0.210526315789474,0.174129353233831
Sh3d19,chr3,+,85971117,-0.64798452359772,,67,84,76,72,66,85,0.443708609271523,0.475,0.437086092715232
Rps3a1,chr3,-,86142667,-0.372614480719286,,4,489,1,369,2,431,0.00811359026369168,0.00204081632653061,0.0046189376443418
Lrba,chr3,+,86224689,-0.59855735595615,1.07992967058,8,20,7,20,0,8,0.285714285714286,0.259259259259259,0
Dclk2,chr3,-,86920883,,0.960774382989,91,147,121,186,78,213,0.382352941176471,0.451492537313433,0.268041237113402
Cd1d1,chr3,-,86999328,,1.66773392527,223,79,192,151,289,134,0.73841059602649,0.708487084870849,0.683215130023641
Kirrel,chr3,-,87174536,3.2069993711,,6,47,1,34,3,40,0.113207547169811,0.0208333333333333,0.0697674418604651
Fcrls,chr3,-,87263523,,-4.39582516375978,35,7,13,0,46,5,0.833333333333333,0.65,0.901960784313725
Cd5l,chr3,+,87357880,9.28942423719,-6.73117422690219,111,3,97,2,115,3,0.973684210526316,0.97,0.974576271186441
Fcrl1,chr3,+,87376386,,-8.42109730881736,226,67,180,97,182,87,0.771331058020478,0.728744939271255,0.676579925650558
Pear1,chr3,-,87768952,,0.904390317556,156,96,148,91,147,144,0.619047619047619,0.60655737704918,0.505154639175258
Insrr,chr3,+,87796950,,4.71802785053,44,77,55,72,40,71,0.363636363636364,0.416666666666667,0.36036036036036
Prcc,chr3,-,87885561,0.399599502651,,0,229,0,112,5,185,0,0,0.0263157894736842
Hdgf,chr3,+,87906320,,-0.977867491150617,51,170,53,192,44,93,0.230769230769231,0.237668161434978,0.321167883211679
Isg20l2,chr3,+,87930313,,-0.528703462443869,25,108,25,147,5,172,0.18796992481203,0.18796992481203,0.0282485875706215
Nes,chr3,+,87971092,6.56712007651,-2.92024602543642,0,182,4,208,3,181,0,0.021505376344086,0.016304347826087
Gpatch4,chr3,+,88043105,,-0.601734693771919,132,82,90,102,120,83,0.616822429906542,0.523255813953488,0.591133004926109
Iqgap3,chr3,+,88082050,-0.435536907600745,,131,94,72,50,113,67,0.582222222222222,0.433734939759036,0.627777777777778
Cct3,chr3,+,88297134,-0.378172542508602,-0.656358678728444,0,309,0,267,0,245,0,0,0
Smg5,chr3,+,88336259,,-0.569834122290799,26,412,17,235,34,335,0.0593607305936073,0.0396270396270396,0.0921409214092141
Pmf1,chr3,-,88410396,,-1.20937734722137,11,52,39,63,30,76,0.174603174603175,0.428571428571429,0.283018867924528
Mir7011,chr3,-,88440950,,7.10117400816,120,19,112,17,88,10,0.863309352517986,0.854961832061069,0.897959183673469
Lmna,chr3,-,88503351,,-1.66802594042906,19,24,11,10,20,8,0.441860465116279,0.314285714285714,0.714285714285714
Mir1905,chr3,-,88536381,1.22534338082,,308,246,424,106,372,88,0.555956678700361,0.632835820895522,0.808695652173913
Ssr2,chr3,+,88579607,-0.503581956358917,-0.797095304865719,57,128,59,40,61,123,0.308108108108108,0.315508021390374,0.331521739130435
Arhgef2,chr3,+,88616142,,0.610296163538,80,5,71,1,61,1,0.941176470588235,0.93421052631579,0.983870967741936
Syt11,chr3,-,88772598,,0.960380586184,36,103,16,61,26,79,0.258992805755396,0.134453781512605,0.247619047619048
Dap3,chr3,-,88950532,,-0.91183910049684,0,94,0,78,0,53,0,0,0
Ash1l,chr3,+,88965811,,0.875870574015,134,3,138,2,123,3,0.978102189781022,0.978723404255319,0.976190476190476
Rusc1,chr3,-,89093362,0.51479737109,,92,91,97,83,90,54,0.502732240437159,0.515957446808511,0.625
Fdps,chr3,-,89101966,-2.71413967736685,,68,145,45,121,74,145,0.31924882629108,0.236842105263158,0.337899543378995
Pklr,chr3,+,89136141,13.1182399851,-4.85593716286859,30,1,29,8,39,6,0.967741935483871,0.966666666666667,0.866666666666667
Hcn3,chr3,-,89160156,1.6148128374,,16,20,9,21,11,23,0.444444444444444,0.310344827586207,0.323529411764706
Gba,chr3,+,89202927,-0.544264912243174,,73,61,62,59,49,45,0.544776119402985,0.504065040650406,0.521276595744681
Mtx1,chr3,-,89213906,,-0.742392407059738,32,328,24,340,27,190,0.0888888888888889,0.0681818181818182,0.124423963133641
Krtcap2,chr3,+,89246437,-0.491294013425778,,1,16,0,10,1,7,0.0588235294117647,0,0.125
Slc50a1,chr3,-,89270569,0.644490550879,,34,102,27,91,32,91,0.25,0.209302325581395,0.260162601626016
Efna1,chr3,-,89280950,1.43049928964,,12,102,19,80,20,135,0.105263157894737,0.15702479338843,0.129032258064516
Efna3,chr3,-,89322938,,-7.22033490072318,60,23,45,25,55,16,0.72289156626506,0.661764705882353,0.774647887323944
Efna4,chr3,-,89338027,0.616615018368,,23,18,14,23,16,34,0.560975609756098,0.4375,0.32
Adam15,chr3,-,89350027,-0.404675861316479,,17,57,10,97,5,75,0.22972972972973,0.149253731343284,0.0625
Cks1b,chr3,-,89418290,,-1.13793333163485,6,84,5,94,27,61,0.0666666666666667,0.0561797752808989,0.306818181818182
Pygo2,chr3,+,89430213,,-0.704548284344946,7,46,11,34,8,32,0.132075471698113,0.192982456140351,0.2
Pbxip1,chr3,+,89436703,,0.775419630238,36,15,38,15,29,10,0.705882352941177,0.716981132075472,0.743589743589744
Pmvk,chr3,+,89454540,-1.30446814396518,,100,2,129,4,111,10,0.980392156862745,0.984732824427481,0.917355371900826
She,chr3,+,89831369,6.28929452273,-2.88996543874871,30,33,14,17,39,15,0.476190476190476,0.297872340425532,0.722222222222222
Atp8b2,chr3,-,89963337,0.846694493151,,22,63,13,62,18,80,0.258823529411765,0.171052631578947,0.183673469387755
Nup210l,chr3,+,90104137,0.733891625718,,193,16,131,13,166,9,0.923444976076555,0.891156462585034,0.948571428571429
Rab13,chr3,+,90213714,-1.63762783461027,1.46772555229,48,314,62,230,55,275,0.132596685082873,0.164893617021277,0.166666666666667
Slc39a1,chr3,+,90248191,-0.462913263473252,,0,80,0,43,1,86,0,0,0.0114942528735632
Dennd4b,chr3,+,90265234,,0.75619185959,8,62,11,70,23,29,0.114285714285714,0.150684931506849,0.442307692307692
Slc27a3,chr3,-,90389937,-0.946754975021816,,16,22,18,17,9,24,0.421052631578947,0.45,0.272727272727273
Npr1,chr3,-,90465865,1.65523503978,,16,320,14,363,16,353,0.0476190476190476,0.0419161676646707,0.043360433604336
Ilf2,chr3,+,90476200,,-0.725701264288659,28,173,20,195,17,156,0.139303482587065,0.103626943005181,0.0982658959537572
S100a1,chr3,-,90514329,-1.65558520886154,1.50530699146,15,31,4,24,12,36,0.326086956521739,0.114285714285714,0.25
S100a16,chr3,+,90537253,9.01696153827,-8.09687801448098,59,8,34,4,45,3,0.880597014925373,0.80952380952381,0.9375
S100a4,chr3,+,90603769,-5.15213336727501,,52,7,44,22,37,11,0.88135593220339,0.862745098039216,0.770833333333333
S100a6,chr3,+,90612893,-3.75488686678729,1.05637082119,7,25,3,29,2,35,0.21875,0.107142857142857,0.0540540540540541
S100a8,chr3,+,90669070,3.80231069401,-3.07172621115053,102,36,132,38,172,45,0.739130434782609,0.785714285714286,0.792626728110599
S100a9,chr3,-,90695720,3.98421920212,-3.5059399315111,21,6,30,7,18,3,0.777777777777778,0.833333333333333,0.857142857142857
S100a11,chr3,+,93520495,-0.448006316515319,,27,14,29,33,31,29,0.658536585365854,0.674418604651163,0.516666666666667
Tdrkh,chr3,+,94413243,0.643366650557,,29,190,21,75,26,178,0.132420091324201,0.0995260663507109,0.127450980392157
Mrpl9,chr3,+,94443335,,-0.640295184886518,55,29,35,14,46,36,0.654761904761905,0.546875,0.560975609756098
Celf3,chr3,+,94478294,1.92333153663,,20,2,20,0,24,0,0.909090909090909,0.909090909090909,1
BC021767,chr3,-,94667151,4.53070078207,,5,2,9,4,9,3,0.714285714285714,0.818181818181818,0.75
Pogz,chr3,+,94837436,0.349827844079,,45,54,83,20,87,45,0.454545454545455,0.605839416058394,0.659090909090909
Selenbp1,chr3,+,94933082,0.802591870842,,3,19,5,19,5,14,0.136363636363636,0.208333333333333,0.263157894736842
Rfx5,chr3,+,94954107,,1.03216472782,47,201,44,211,25,265,0.189516129032258,0.179591836734694,0.0862068965517242
Psmd4,chr3,-,95042613,,-0.754430207694561,70,276,55,280,52,281,0.202312138728324,0.166163141993958,0.156156156156156
Tnfaip8l2,chr3,-,95142353,1.76206603632,,17,47,16,40,10,49,0.265625,0.253968253968254,0.169491525423729
Sema6c,chr3,+,95160419,2.22978364584,,4,175,16,222,15,152,0.0223463687150838,0.0837696335078534,0.0898203592814371
Mllt11,chr3,-,95228676,-0.598320710434342,,0,12,0,30,0,33,0,0,0
Anxa9,chr3,-,95315179,-0.628485251146443,1.37949020876,107,78,91,112,57,101,0.578378378378378,0.538461538461538,0.360759493670886
Cers2,chr3,+,95315189,-0.682716945516847,,107,78,91,112,57,101,0.578378378378378,0.538461538461538,0.360759493670886
Ctss,chr3,+,95526785,-0.992291637930171,-2.03329361626006,155,10,130,22,147,17,0.939393939393939,0.928571428571429,0.896341463414634
Adamtsl4,chr3,-,95687916,1.29458279637,,50,29,34,33,25,12,0.632911392405063,0.53968253968254,0.675675675675676
Ecm1,chr3,-,95739568,0.748184860222,,352,31,268,7,253,11,0.919060052219321,0.896321070234114,0.958333333333333
Prpf3,chr3,-,95855884,,-0.593270426314613,13,26,17,21,7,24,0.333333333333333,0.395348837209302,0.225806451612903
C920021L13Rik,chr3,+,95871521,-1.11153396473104,,31,187,29,230,21,131,0.142201834862385,0.134259259259259,0.138157894736842
Ciart,chr3,-,95882227,-1.14246298265943,,52,157,58,176,49,73,0.248803827751196,0.269767441860465,0.401639344262295
BC028528,chr3,-,95892061,-1.19734598892385,,18,4,14,3,17,5,0.818181818181818,0.777777777777778,0.772727272727273
Plekho1,chr3,-,95995838,-0.790417214827434,1.00126938405,9,73,6,55,5,63,0.109756097560976,0.0759493670886076,0.0735294117647059
Otud7b,chr3,+,96104526,-0.603382344518932,,40,44,22,46,34,58,0.476190476190476,0.333333333333333,0.369565217391304
Sf3b4,chr3,+,96172505,,-1.01414594348984,59,207,36,167,49,186,0.221804511278196,0.148148148148148,0.208510638297872
Sv2a,chr3,+,96181226,,1.90384179874,11,1,7,0,11,0,0.916666666666667,0.875,1
Fcgr1,chr3,-,96293968,,-4.43728119114315,85,95,45,71,71,76,0.472222222222222,0.321428571428571,0.482993197278912
Txnip,chr3,+,96557956,,1.15160631161,0,88,0,56,0,72,0,0,0
Gm15441,chr3,-,96566800,0.672821327094,1.06588243268,44,14,32,10,47,10,0.758620689655172,0.695652173913044,0.824561403508772
Lix1l,chr3,+,96601132,-0.479459098083773,,27,21,37,12,34,10,0.5625,0.637931034482759,0.772727272727273
Rbm8a,chr3,+,96629927,0.296583895914,-0.571841394545524,28,245,30,214,22,297,0.102564102564103,0.109090909090909,0.0689655172413793
Rnf115,chr3,+,96727610,-0.504159500831295,,5,374,6,193,9,376,0.0131926121372032,0.0157894736842105,0.0233766233766234
Gpr89,chr3,-,96905297,-0.654480514976324,,125,144,107,107,141,132,0.464684014869888,0.426294820717131,0.516483516483517
Gja5,chr3,+,97032401,2.4134044059,,68,28,124,23,107,36,0.708333333333333,0.81578947368421,0.748251748251748
Acp6,chr3,+,97158776,-0.452077850410833,,0,61,0,67,0,60,0,0,0
Bcl9,chr3,-,97227363,0.787055231536,-0.556627617320012,11,74,44,100,25,95,0.129411764705882,0.372881355932203,0.208333333333333
Fmo5,chr3,+,97628803,,1.32914867374,105,78,72,85,52,86,0.573770491803279,0.48,0.376811594202899
Pde4dip,chr3,-,97888706,-1.25171758749359,1.28367211559,16,54,12,53,36,26,0.228571428571429,0.181818181818182,0.580645161290323
Notch2,chr3,+,98013537,,0.600864358815,100,46,90,45,100,57,0.684931506849315,0.661764705882353,0.636942675159236
Hmgcs2,chr3,+,98280430,5.38772465538,-7.03076920979253,22,63,35,52,32,53,0.258823529411765,0.357142857142857,0.376470588235294
Phgdh,chr3,-,98339968,,-1.01639645868486,4,157,2,98,1,167,0.0248447204968944,0.0125786163522013,0.00595238095238095
Zfp697,chr3,+,98382480,,2.20313787557,25,35,13,39,4,49,0.416666666666667,0.270833333333333,0.0754716981132076
Man1a2,chr3,-,100685472,-0.332595357724481,,8,58,12,149,17,176,0.121212121212121,0.171428571428571,0.0880829015544041
Ptgfrn,chr3,-,101110165,,5.04640719907,28,43,25,57,26,64,0.394366197183099,0.367647058823529,0.288888888888889
Igsf3,chr3,+,101377124,,-1.88330788574874,20,126,15,145,31,161,0.136986301369863,0.106382978723404,0.161458333333333
Atp1a1,chr3,-,101604706,-0.400489479260587,,19,84,10,74,16,40,0.184466019417476,0.106382978723404,0.285714285714286
Slc22a15,chr3,-,101924452,,1.29530190414,1,27,0,21,0,24,0.0357142857142857,0,0
Tspan2,chr3,+,102734769,,-1.18566019006962,51,69,87,66,93,67,0.425,0.557692307692308,0.58125
Sike1,chr3,+,102995739,0.392046827694,,161,145,263,103,218,103,0.526143790849673,0.644607843137255,0.679127725856698
Bcas2,chr3,+,103171654,,-0.694341067079794,45,293,24,379,26,164,0.133136094674556,0.0757097791798107,0.136842105263158
Hipk1,chr3,-,103791562,,0.846630017352,58,70,56,146,68,137,0.453125,0.444444444444444,0.331707317073171
Ptpn22,chr3,+,103859794,,1.77372298237,13,115,2,122,1,94,0.1015625,0.0170940170940171,0.0105263157894737
Rsbn1,chr3,+,103914119,0.370559824077,,25,146,23,158,21,161,0.146198830409357,0.136094674556213,0.115384615384615
Magi3,chr3,-,104220405,1.00601286136,,3,108,0,59,3,133,0.027027027027027,0,0.0220588235294118
Lrig2,chr3,-,104511917,,0.803462817167,7,119,14,172,8,156,0.0555555555555556,0.105263157894737,0.0487804878048781
Slc16a1,chr3,+,104638663,-0.638813735299745,-0.967683563921705,0,115,0,156,0,148,0,0,0
Ppm1j,chr3,+,104781055,1.71265509745,-8.16469234746499,10,151,4,124,6,144,0.062111801242236,0.0258064516129032,0.04
Rhoc,chr3,+,104789033,1.36041199169,,9,27,14,24,9,30,0.25,0.341463414634146,0.230769230769231
Mov10,chr3,-,104818562,0.535848667024,-0.795862284438752,0,9,0,14,0,8,0,0,0
Cttnbp2nl,chr3,-,105053145,-2.50583325702855,,9,64,5,54,12,55,0.123287671232877,0.072463768115942,0.17910447761194
Kcnd3,chr3,+,105451889,,5.31092846285,1,33,6,37,5,34,0.0294117647058824,0.153846153846154,0.128205128205128
Chia1,chr3,+,106113381,3.75873185141,,99,10,89,10,119,10,0.908256880733945,0.898989898989899,0.922480620155039
Dennd2d,chr3,+,106482430,0.626230854184,1.1694721641,13,54,9,25,11,47,0.194029850746269,0.142857142857143,0.189655172413793
2010016I18Rik,chr3,-,106485912,0.90939025684,1.00878932826,59,19,67,5,71,3,0.756410256410256,0.779069767441861,0.959459459459459
Lrif1,chr3,+,106684986,-0.566245134202104,,12,14,8,47,6,56,0.461538461538462,0.363636363636364,0.0967741935483871
Cd53,chr3,-,106790148,,-2.21366455717374,1,53,1,41,3,42,0.0185185185185185,0.0185185185185185,0.0666666666666667
Kcna3,chr3,+,107036161,,1.55035010944,16,181,30,146,28,153,0.0812182741116751,0.14218009478673,0.154696132596685
AI504432,chr3,+,107039503,,1.68059714404,87,123,24,114,55,141,0.414285714285714,0.163265306122449,0.280612244897959
Kcna2,chr3,+,107101566,4.3899718088,-4.25476770872455,2,109,5,110,7,131,0.018018018018018,0.043859649122807,0.0507246376811594
Slc6a17,chr3,-,107518017,1.24473517763,,47,78,62,57,35,72,0.376,0.442857142857143,0.327102803738318
Strip1,chr3,-,107631709,-0.396843144118241,,12,271,16,235,11,162,0.0424028268551237,0.0557491289198606,0.0635838150289017
Ahcyl1,chr3,-,107696559,-0.455238489441486,,45,72,68,66,83,51,0.384615384615385,0.485714285714286,0.619402985074627
Gstm5,chr3,+,107895853,0.627659537337,-0.696823031925088,21,1,23,2,29,1,0.954545454545455,0.958333333333333,0.966666666666667
Gstm7,chr3,-,107931816,0.712956049114,,71,0,77,20,60,26,1,1,0.697674418604651
Gstm2,chr3,-,107986419,,2.52696014642,80,3,71,2,103,4,0.963855421686747,0.959459459459459,0.962616822429906
Gstm1,chr3,-,108017972,-0.910389804695308,0.66163706994,28,146,15,139,19,99,0.160919540229885,0.093167701863354,0.161016949152542
Gnat2,chr3,+,108093065,1.30055251763,,93,24,106,20,81,12,0.794871794871795,0.815384615384615,0.870967741935484
Amigo1,chr3,+,108186288,-0.528462204984199,1.01264434145,35,142,17,83,12,92,0.19774011299435,0.106918238993711,0.115384615384615
Psma5,chr3,+,108256925,,-0.613477464911995,6,171,7,205,13,155,0.0338983050847458,0.0393258426966292,0.0773809523809524
Sort1,chr3,+,108284063,-0.37787663970552,,12,40,11,36,8,38,0.230769230769231,0.215686274509804,0.173913043478261
Psrc1,chr3,+,108383803,-0.999612131226267,,51,25,42,21,55,7,0.671052631578947,0.626865671641791,0.887096774193548
Celsr2,chr3,-,108415578,1.34887478707,,111,2,60,2,53,2,0.982300884955752,0.967741935483871,0.963636363636364
Sars,chr3,-,108445258,,-0.820227310809339,15,61,9,55,12,57,0.197368421052632,0.128571428571429,0.173913043478261
Clcc1,chr3,+,108653912,-0.398660926340211,,21,79,6,101,8,52,0.21,0.0705882352941176,0.133333333333333
Gpsm2,chr3,-,108722298,-0.946643894305211,,75,110,65,95,103,93,0.405405405405405,0.371428571428571,0.525510204081633
Vav3,chr3,+,109340682,0.470856638902,,2,16,0,17,2,17,0.111111111111111,0,0.105263157894737
Col11a1,chr3,+,114030539,2.40492142154,,4,6,0,0,3,9,0.4,0,0.25
S1pr1,chr3,-,115715054,0.832349877787,,0,166,0,153,1,214,0,0,0.00465116279069768
Slc30a7,chr3,-,116007405,-0.433593320772043,,0,38,0,32,0,27,0,0,0
Extl2,chr3,+,116007448,-0.654819301618381,,0,38,0,32,0,27,0,0,0
Vcam1,chr3,-,116129687,6.74465490517,-4.1046957954136,48,67,42,52,19,53,0.417391304347826,0.385321100917431,0.263888888888889
Cdc14a,chr3,-,116428740,-0.734454637462623,1.20704736698,114,0,64,3,112,2,1,1,0.982456140350877
Agl,chr3,-,116808165,-0.413806581592919,,166,129,129,74,169,143,0.56271186440678,0.5,0.541666666666667
Snx7,chr3,-,117868935,-0.614971119647507,,8,18,7,34,9,12,0.307692307692308,0.28,0.428571428571429
Ptbp2,chr3,-,119783387,,0.925550930649,96,14,101,5,113,9,0.872727272727273,0.878260869565217,0.926229508196721
Rwdd3,chr3,-,121171694,,1.33007597421,113,73,101,76,86,81,0.60752688172043,0.580459770114943,0.51497005988024
Cnn3,chr3,+,121426540,3.1464728397,-5.38059659766678,1,131,5,170,2,217,0.00757575757575758,0.0367647058823529,0.0091324200913242
Arhgap29,chr3,+,121953228,-0.695248202787088,,9,24,23,24,10,25,0.272727272727273,0.48936170212766,0.285714285714286
Abca4,chr3,+,122044459,-1.79686327991679,2.21950003318,92,69,103,23,121,27,0.571428571428571,0.598837209302326,0.817567567567568
Gclm,chr3,+,122245556,-1.62680411284186,,16,27,13,34,11,17,0.372093023255814,0.325,0.392857142857143
Bcar3,chr3,+,122419756,-3.31661506785391,,42,166,31,212,2,200,0.201923076923077,0.157360406091371,0.0099009900990099
Mir7657,chr3,-,122541680,,2.3545730749,187,14,193,7,208,8,0.930348258706468,0.932367149758454,0.962962962962963
Fnbp1l,chr3,-,122619713,-0.425797705251142,1.7513780677,3,141,1,146,1,98,0.0208333333333333,0.00704225352112676,0.0101010101010101
Pde5a,chr3,+,122729157,-1.11411536537965,1.61605603763,35,21,44,20,33,19,0.625,0.676923076923077,0.634615384615385
Synpo2,chr3,-,123236148,,2.90041836689,26,55,37,85,59,87,0.320987654320988,0.402173913043478,0.404109589041096
Sec24d,chr3,+,123267495,-3.42251598260061,1.3206154792,62,305,67,395,19,273,0.168937329700272,0.18010752688172,0.0650684931506849
Prss12,chr3,+,123446912,4.9093208779,,13,29,12,16,9,28,0.30952380952381,0.292682926829268,0.243243243243243
Snora24,chr3,-,123508065,,1.73651976333,3,310,6,152,5,284,0.00958466453674121,0.0189873417721519,0.0173010380622837
Ndst3,chr3,-,123690851,3.77094082839,,132,70,59,42,110,65,0.653465346534654,0.457364341085271,0.628571428571429
Camk2d,chr3,+,126596950,1.0060956801,,0,13,0,4,0,14,0,0,0
Ank2,chr3,-,127499114,3.15448978165,,53,56,77,48,65,28,0.486238532110092,0.578947368421053,0.698924731182796
Alpk1,chr3,-,127780526,,2.00249387234,251,123,237,114,247,182,0.671122994652406,0.658333333333333,0.575757575757576
Tifa,chr3,+,127789871,-0.493547937810196,0.807407949208,63,37,55,22,45,49,0.63,0.597826086956522,0.478723404255319
Enpep,chr3,-,129332748,,7.70997755466,198,59,228,81,117,65,0.770428015564202,0.794425087108014,0.642857142857143
Elovl6,chr3,+,129532385,-1.07778803974059,,8,210,11,179,11,225,0.036697247706422,0.0497737556561086,0.0466101694915254
Gar1,chr3,-,129831395,0.3120796177,-0.873912262146921,9,310,17,314,11,170,0.0282131661442006,0.0519877675840979,0.0607734806629834
Cfi,chr3,+,129836738,3.35829690249,,175,26,139,20,266,26,0.870646766169154,0.842424242424242,0.910958904109589
Pla2g12a,chr3,+,129878605,,-1.48469113901719,101,14,54,8,89,15,0.878260869565217,0.794117647058824,0.855769230769231
Ostc,chr3,-,130709443,,-0.744050789590492,10,85,6,63,11,84,0.105263157894737,0.0659340659340659,0.115789473684211
Lef1,chr3,+,131110296,5.8414275106,,1,33,6,68,2,50,0.0294117647058824,0.153846153846154,0.0384615384615385
Hadh,chr3,-,131272100,-0.373502603716347,,24,79,16,85,7,86,0.233009708737864,0.168421052631579,0.0752688172043011
Sgms2,chr3,-,131491442,,-4.42410207823487,34,10,25,10,22,7,0.772727272727273,0.714285714285714,0.758620689655172
Papss1,chr3,+,131564767,-0.335062949178679,,41,178,30,111,23,172,0.187214611872146,0.144230769230769,0.117948717948718
Npnt,chr3,-,132950290,1.36392716308,,6,0,3,0,6,1,1,1,0.857142857142857
Bdh2,chr3,+,135281220,-2.35227573028514,2.08724833104,230,59,254,83,189,106,0.795847750865052,0.811501597444089,0.640677966101695
Slc9b2,chr3,+,135307699,1.33842920837,,120,29,96,19,114,30,0.805369127516778,0.768,0.791666666666667
Slc9b1,chr3,+,135348028,2.72537500486,,227,15,172,0,190,1,0.93801652892562,0.919786096256684,0.994764397905759
Cisd2,chr3,-,135423432,-0.620283402713944,,21,99,19,85,23,75,0.175,0.161016949152542,0.23469387755102
4930539J05Rik,chr3,-,135438664,,-0.98939272192214,0,72,0,16,0,75,0,0,0
Manba,chr3,+,135485610,-0.618553902714392,0.741629416985,61,4,59,4,26,4,0.938461538461539,0.936507936507937,0.866666666666667
Slc39a8,chr3,+,135825278,,-2.30694878071668,17,173,14,174,21,162,0.0894736842105263,0.0748663101604278,0.114754098360656
Bank1,chr3,-,136326065,5.50942781618,-3.63183588640617,56,17,22,15,35,30,0.767123287671233,0.564102564102564,0.538461538461538
Ppp3ca,chr3,+,136670065,0.42156553816,,0,90,0,82,0,76,0,0,0
Emcn,chr3,+,137341077,2.27512053741,,27,40,36,48,25,50,0.402985074626866,0.473684210526316,0.333333333333333
Dapp1,chr3,-,137981548,,1.20681241795,91,42,156,40,151,31,0.68421052631579,0.787878787878788,0.82967032967033
Mttp,chr3,-,138143417,1.10765629194,,47,161,44,157,42,126,0.225961538461538,0.214634146341463,0.25
Adh5,chr3,+,138437199,-0.337916074948167,,205,13,147,16,153,21,0.940366972477064,0.91875,0.879310344827586
Rap1gds1,chr3,-,139075200,-0.527488311123595,,1,77,0,51,2,83,0.0128205128205128,0,0.0235294117647059
Unc5c,chr3,+,141465563,,6.86260043335,1,65,0,3,1,50,0.0151515151515152,0,0.0196078431372549
Pdlim5,chr3,-,142395695,-1.35292717261378,,3,131,5,168,2,169,0.0223880597014925,0.0367647058823529,0.0116959064327485
Gbp5,chr3,+,142496933,,1.32852234132,59,70,43,115,28,125,0.457364341085271,0.380530973451327,0.183006535947712
Gbp7,chr3,+,142530335,,1.57380201316,48,134,27,106,10,144,0.263736263736264,0.167701863354037,0.0649350649350649
Gbp3,chr3,+,142560043,,1.9182618069,29,3,24,12,32,11,0.90625,0.888888888888889,0.744186046511628
Gbp2b,chr3,+,142594846,,1.79450622571,100,17,94,7,108,6,0.854700854700855,0.846846846846847,0.947368421052632
Gbp2,chr3,+,142620662,,2.45150804226,10,3,2,2,0,12,0.769230769230769,0.4,0
Mir6381,chr3,-,142623945,,2.37965466723,11,1,5,0,12,0,0.916666666666667,0.833333333333333,1
Hs2st1,chr3,-,144570215,-0.468764137761186,,7,174,0,153,1,146,0.0386740331491713,0,0.00680272108843537
Clca1,chr3,-,145032775,1.89859172135,4.08617603878,22,3,26,3,17,0,0.88,0.896551724137931,1
Odf2l,chr3,+,145118588,-0.488080546203582,,171,175,159,119,182,160,0.494219653179191,0.476047904191617,0.532163742690059
Ddah1,chr3,+,145758691,3.29697796411,-3.67431331191781,6,24,7,23,6,23,0.2,0.225806451612903,0.206896551724138
Bcl10,chr3,+,145924261,-0.624739442111694,,9,296,10,279,7,117,0.0295081967213115,0.0326797385620915,0.0564516129032258
Syde2,chr3,+,145987869,-1.99158693628226,1.71051566315,48,158,53,139,41,105,0.233009708737864,0.251184834123223,0.280821917808219
Mcoln3,chr3,+,146121790,2.09890424904,,170,5,111,1,170,7,0.971428571428571,0.956896551724138,0.96045197740113
Mcoln2,chr3,+,146149832,-2.13921819725871,1.8466006366,31,11,15,10,19,18,0.738095238095238,0.576923076923077,0.513513513513514
Ssx2ip,chr3,+,146404641,0.745415929716,-0.857288172899183,87,93,86,107,56,106,0.483333333333333,0.480446927374302,0.345679012345679
Ctbs,chr3,+,146450466,0.74515105713,,147,232,153,227,189,215,0.387862796833773,0.397402597402597,0.467821782178218
Spata1,chr3,-,146499792,0.816237836732,,2,113,2,148,0,81,0.0173913043478261,0.0173913043478261,0
Prkacb,chr3,-,146812945,-0.485713896808496,0.970046885004,12,136,10,102,7,139,0.0810810810810811,0.0684931506849315,0.0479452054794521
Ttll7,chr3,+,146852366,-2.96290201666771,3.15584425403,110,42,130,47,164,70,0.723684210526316,0.755813953488372,0.700854700854701
Ifi44,chr3,-,151749909,,3.34223792974,71,7,44,28,41,26,0.91025641025641,0.862745098039216,0.611940298507463
Ifi44l,chr3,-,151762890,,2.0033189659,145,17,101,33,17,48,0.895061728395062,0.855932203389831,0.261538461538462
Dnajb4,chr3,-,152210082,-0.540833341115086,1.08136933808,22,68,10,63,6,73,0.244444444444444,0.128205128205128,0.0759493670886076
Fubp1,chr3,+,152210421,,-0.724681041962091,0,45,0,36,0,37,0,0,0
5730460C07Rik,chr3,-,153792086,2.27546049674,,109,40,101,38,94,50,0.731543624161074,0.716312056737589,0.652777777777778
Asb17,chr3,+,153844246,7.36210002687,-4.19592245621156,281,2,249,6,206,12,0.992932862190813,0.99203187250996,0.944954128440367
Asb17os,chr3,-,153852423,7.07186040101,-3.71282623703594,199,18,169,13,182,19,0.91705069124424,0.903743315508021,0.90547263681592
Acadm,chr3,-,153944642,,0.675796688151,5,135,2,170,2,146,0.0357142857142857,0.0145985401459854,0.0135135135135135
Fpgt,chr3,-,155093377,-0.760260377746153,,145,132,129,175,128,135,0.523465703971119,0.494252873563218,0.486692015209126
Zranb2,chr3,+,157534164,-0.523014057579968,,24,19,30,19,37,18,0.558139534883721,0.612244897959184,0.672727272727273
Ptger3,chr3,+,157566875,-1.34601274656127,2.35993905417,0,77,0,64,0,39,0,0,0
Wls,chr3,+,159839649,-0.778723333652514,0.965109668479,30,41,33,26,29,26,0.422535211267606,0.445945945945946,0.527272727272727
Plag1,chr4,-,3938404,1.59497161094,,0,85,0,103,0,104,0,0,0
Fam110b,chr4,+,5644089,,2.04898322579,7,3,11,0,8,0,0.7,0.785714285714286,1
Ubxn2b,chr4,+,6191104,0.695345681347,,45,149,60,141,58,136,0.231958762886598,0.287081339712919,0.298969072164948
Sdcbp,chr4,+,6365679,-0.465874186547876,,13,99,3,114,15,80,0.116071428571429,0.0294117647058824,0.157894736842105
Tox,chr4,-,6991556,-0.591296974428389,1.04863945,16,0,9,1,12,0,1,1,1
Chd7,chr4,+,8690405,2.49470037247,-1.95155148076808,18,140,10,74,15,158,0.113924050632911,0.0666666666666667,0.0867052023121387
Asph,chr4,-,9669343,0.506545251309,,23,79,20,89,25,31,0.225490196078431,0.202020202020202,0.446428571428571
Trp53inp1,chr4,+,11156440,-1.43980687777771,1.38852013073,35,117,27,144,22,144,0.230263157894737,0.1875,0.132530120481928
Ints8,chr4,-,11254258,,-0.620634236422016,0,218,0,127,2,139,0,0,0.0141843971631206
Gem,chr4,+,11704446,-1.70625356608085,-1.69442246980124,3,190,1,163,3,168,0.0155440414507772,0.00523560209424084,0.0175438596491228
Pdp1,chr4,-,11966449,-1.52104572841731,,0,43,0,15,0,43,0,0,0
Triqk,chr4,+,12906836,,3.04574034887,12,104,1,168,1,141,0.103448275862069,0.00952380952380953,0.00704225352112676
Runx1t1,chr4,+,13743301,5.19176991107,,19,1,21,3,20,2,0.95,0.954545454545455,0.909090909090909
Gm11837,chr4,+,14929907,2.10512794521,2.24053216436,15,0,12,1,7,3,1,1,0.7
Necab1,chr4,-,15149130,,2.89145771522,42,50,34,43,45,40,0.456521739130435,0.404761904761905,0.529411764705882
A530072M11Rik,chr4,+,16164109,1.5024295864,,80,243,44,245,103,274,0.247678018575851,0.153310104529617,0.273209549071618
Cpne3,chr4,-,19570107,,0.683683550032,20,74,4,79,2,96,0.212765957446809,0.0512820512820513,0.0204081632653061
Ttpa,chr4,+,20008242,0.865798836648,,30,22,18,15,25,29,0.576923076923077,0.45,0.462962962962963
Tstd3,chr4,-,21767210,1.21676507958,-1.21055368459524,20,88,26,59,30,71,0.185185185185185,0.228070175438597,0.297029702970297
4930528A17Rik,chr4,-,21848447,,1.08985225633,59,86,39,69,48,77,0.406896551724138,0.312,0.384
Manea,chr4,-,26346651,,0.905283052213,10,88,10,129,8,92,0.102040816326531,0.102040816326531,0.08
Epha7,chr4,+,28813130,3.13750320441,,17,114,8,96,24,61,0.129770992366412,0.0655737704918033,0.282352941176471
Map3k7,chr4,+,31964106,-0.409453095337556,,58,91,77,110,79,79,0.389261744966443,0.458333333333333,0.5
Lyrm2,chr4,+,32800258,0.68224729361,,66,116,74,185,64,203,0.362637362637363,0.389473684210526,0.239700374531835
Ankrd6,chr4,-,32950825,1.48720834133,,117,113,104,85,63,83,0.508695652173913,0.47926267281106,0.431506849315069
4933421O10Rik,chr4,-,33031322,,2.03102810044,19,48,17,80,18,90,0.283582089552239,0.261538461538462,0.166666666666667
Ube2j1,chr4,+,33031379,-0.981603151284742,,1,38,0,75,2,79,0.0256410256410256,0,0.0246913580246914
Pm20d2,chr4,-,33189736,-1.8694196324305,1.69596577249,65,94,53,131,69,86,0.408805031446541,0.360544217687075,0.445161290322581
Pnrc1,chr4,-,33248786,,0.640999421357,45,96,34,56,1,92,0.319148936170213,0.261538461538462,0.010752688172043
Cnr1,chr4,+,33924263,-2.01502296368857,,0,131,10,89,11,132,0,0.0709219858156028,0.0769230769230769
Spaca1,chr4,-,34050066,2.42297356378,,136,72,197,27,224,58,0.653846153846154,0.732342007434944,0.794326241134752
Akirin2,chr4,+,34550614,0.489269424684,,7,87,11,75,8,16,0.074468085106383,0.112244897959184,0.333333333333333
Zfp292,chr4,-,34882947,,1.00521800225,163,191,102,176,61,174,0.46045197740113,0.348122866894198,0.259574468085106
Aco1,chr4,+,40143264,-0.691634870689118,-0.673891521842393,13,3,6,10,14,19,0.8125,0.666666666666667,0.424242424242424
Ddx58,chr4,-,40239824,-0.800359820490756,1.50596163883,0,65,0,62,1,71,0,0,0.0138888888888889
Ndufb6,chr4,-,40279420,,-0.739160022544002,48,192,42,171,39,213,0.2,0.17948717948718,0.154761904761905
Tmem215,chr4,+,40472179,-4.86084794498395,,127,13,169,6,168,7,0.907142857142857,0.928571428571429,0.96
Gm6297,chr4,-,40722840,0.917469252625,,30,139,24,112,24,115,0.177514792899408,0.147239263803681,0.172661870503597
B4galt1,chr4,-,40853983,0.408939857049,,65,84,95,64,77,43,0.436241610738255,0.53072625698324,0.641666666666667
Aqp3,chr4,-,41098182,7.16923190816,-8.87798227063594,55,120,44,112,33,101,0.314285714285714,0.268292682926829,0.246268656716418
Ubap2,chr4,-,41275134,,-0.592861443964155,22,456,27,420,28,529,0.0460251046025105,0.0559006211180124,0.0502692998204668
Kif24,chr4,-,41464847,,-1.06301292416054,90,154,54,76,61,113,0.368852459016393,0.259615384615385,0.350574712643678
Nudt2,chr4,+,41465147,-0.585764618462169,,136,157,101,76,99,116,0.464163822525597,0.391472868217054,0.46046511627907
Fam219a,chr4,-,41569537,,0.89030249327,1,23,1,27,0,3,0.0416666666666667,0.0416666666666667,0
Rpp25l,chr4,-,41713516,,-1.16053570176282,143,187,121,176,77,142,0.433333333333333,0.392857142857143,0.351598173515982
Sigmar1,chr4,-,41741358,-0.636809365126573,-0.957912691298209,24,39,23,43,21,31,0.380952380952381,0.370967741935484,0.403846153846154
Il11ra1,chr4,+,41760442,-0.359493417136867,,82,45,94,33,80,57,0.645669291338583,0.676258992805756,0.583941605839416
Stoml2,chr4,-,43031383,,-1.03319505392064,98,112,99,101,120,170,0.466666666666667,0.469194312796209,0.413793103448276
Fam214b,chr4,-,43046219,0.964861774656,,21,53,39,139,23,151,0.283783783783784,0.423913043478261,0.132183908045977
Unc13b,chr4,+,43058952,1.7879609684,,94,30,74,27,47,19,0.758064516129032,0.711538461538462,0.712121212121212
Atp8b5,chr4,+,43267158,-2.57436175838751,,6,1,10,25,10,26,0.857142857142857,0.909090909090909,0.277777777777778
Rusc2,chr4,+,43381981,-3.75251447290618,3.37670727934,60,103,59,67,49,115,0.368098159509202,0.364197530864198,0.298780487804878
Tesk1,chr4,+,43442276,-0.684654972637659,,29,173,14,328,31,218,0.143564356435644,0.0748663101604278,0.124497991967871
Ccdc107,chr4,+,43493364,-0.545645766975031,,62,314,54,275,51,279,0.164893617021277,0.146739130434783,0.154545454545455
Tpm2,chr4,-,43523553,1.68166419804,,30,8,27,2,33,3,0.789473684210526,0.771428571428571,0.916666666666667
Rgp1,chr4,+,43578734,0.613424563343,,0,109,0,116,0,75,0,0,0
Gba2,chr4,-,43578863,1.08164935696,,0,109,0,116,0,75,0,0,0
Msmp,chr4,-,43584493,0.669113899631,,24,6,8,11,10,10,0.8,0.571428571428571,0.5
Npr2,chr4,+,43631934,0.754630806202,1.86664847286,138,73,95,41,97,108,0.654028436018957,0.565476190476191,0.473170731707317
Tmem8b,chr4,+,43668970,,1.18786575344,74,7,53,7,82,11,0.91358024691358,0.883333333333333,0.881720430107527
Reck,chr4,+,43875529,1.69092392187,,29,24,23,10,33,19,0.547169811320755,0.48936170212766,0.634615384615385
Clta,chr4,+,44004442,,-0.906760756023046,180,14,127,4,157,8,0.927835051546392,0.900709219858156,0.951515151515152
Melk,chr4,+,44300916,-0.339441759052121,-1.27872071893804,45,18,46,12,37,22,0.714285714285714,0.71875,0.627118644067797
Pax5,chr4,-,44710693,5.06227252243,,24,7,23,4,36,11,0.774193548387097,0.766666666666667,0.765957446808511
Zcchc7,chr4,+,44756558,,1.04077468216,15,186,17,154,14,124,0.0746268656716418,0.083743842364532,0.101449275362319
Grhpr,chr4,+,44981393,,-1.08284136171922,57,6,51,5,49,5,0.904761904761905,0.894736842105263,0.907407407407407
Polr1e,chr4,+,45018608,-0.526381263960506,,0,8,0,11,0,7,0,0,0
Fbxo10,chr4,-,45084603,0.687698746609,,57,91,44,89,37,101,0.385135135135135,0.325925925925926,0.268115942028986
Tomm5,chr4,-,45108112,,-1.04156996135958,3,121,3,69,10,152,0.0241935483870968,0.0241935483870968,0.0617283950617284
Exosc3,chr4,-,45320615,0.439638512093,,78,90,70,128,67,136,0.464285714285714,0.4375,0.330049261083744
Ncbp1,chr4,+,46138510,,-0.813883685036003,9,536,11,508,5,349,0.0165137614678899,0.020109689213894,0.0141242937853107
Anp32b,chr4,+,46450925,,-0.607431309242491,3,43,2,11,1,33,0.0652173913043478,0.0444444444444444,0.0294117647058824
Trim14,chr4,-,46536140,,0.677334575348,98,50,55,26,56,50,0.662162162162162,0.523809523809524,0.528301886792453
Coro2a,chr4,-,46601928,-1.07750831254279,1.5168664225,12,26,3,33,2,51,0.315789473684211,0.103448275862069,0.0377358490566038
Tbc1d2,chr4,-,46650198,-0.659547004643724,1.09653224087,32,197,53,236,42,221,0.139737991266376,0.212,0.159695817490494
Galnt12,chr4,+,47091922,-1.18306098769612,,1,40,3,67,0,32,0.024390243902439,0.0697674418604651,0
Erp44,chr4,-,48279634,-0.648525109080605,,0,38,1,81,0,66,0,0.0256410256410256,0
Msantd3,chr4,+,48539945,-1.12340968960525,1.04439146239,53,13,45,7,43,2,0.803030303030303,0.775862068965517,0.955555555555556
Acnat1,chr4,-,49451108,4.70206613653,,13,1,0,0,14,0,0.928571428571429,0,1
Mrpl50,chr4,-,49521082,,-0.810576721248432,43,293,20,257,45,219,0.12797619047619,0.0638977635782748,0.170454545454545
Aldob,chr4,-,49549545,5.40941446386,-6.55942314909873,42,16,8,8,51,11,0.724137931034483,0.333333333333333,0.82258064516129
Abca1,chr4,-,53159894,4.8467805666,,0,92,0,63,1,103,0,0,0.00961538461538462
Slc44a1,chr4,+,53440412,,1.12109956982,37,17,47,16,26,12,0.685185185185185,0.734375,0.68421052631579
Fsd1l,chr4,+,53631423,0.941655325868,1.76207305118,85,17,97,55,126,49,0.833333333333333,0.850877192982456,0.72
Rad23b,chr4,+,55350041,,-0.58525268170975,12,487,14,517,5,386,0.0240480961923848,0.0279441117764471,0.0127877237851662
Klf4,chr4,-,55532474,2.11215138717,,0,10,0,18,2,22,0,0,0.0833333333333333
Ctnnal1,chr4,-,56865210,0.757812548292,,28,56,18,57,5,75,0.333333333333333,0.243243243243243,0.0625
Tmem245,chr4,-,56947428,-0.436103583187959,,33,33,42,39,21,25,0.5,0.56,0.456521739130435
Ptpn3,chr4,-,57301836,-4.23848392064419,1.88967021196,8,101,2,81,8,121,0.073394495412844,0.0194174757281553,0.062015503875969
D630039A03Rik,chr4,-,57916263,-3.28149573843054,2.25535697312,46,19,24,17,24,19,0.707692307692308,0.558139534883721,0.558139534883721
Txn1,chr4,-,57956410,-0.672137195315708,,0,22,0,29,0,29,0,0,0
Svep1,chr4,-,58206595,2.85519948906,,96,199,54,189,109,102,0.325423728813559,0.213438735177866,0.516587677725119
Lpar1,chr4,-,58553490,3.29583102499,,13,102,22,64,14,51,0.11304347826087,0.17741935483871,0.215384615384615
Ptgr1,chr4,-,58987077,-0.426089098936328,-1.86705341003007,140,250,143,242,132,176,0.358974358974359,0.363867684478372,0.428571428571429
Ugcg,chr4,+,59189549,1.10017639027,-1.06559628838741,2,195,4,246,1,265,0.0101522842639594,0.0201005025125628,0.0037593984962406
Ptbp3,chr4,-,59549363,-0.397086358902598,0.587767923822,3,459,8,465,2,380,0.00649350649350649,0.0171306209850107,0.00523560209424084
Snx30,chr4,+,59805649,-0.990223031942464,,18,28,21,80,30,50,0.391304347826087,0.428571428571429,0.375
Zfp37,chr4,-,62208545,2.43408294777,,56,104,78,48,72,73,0.35,0.428571428571429,0.496551724137931
Slc31a1,chr4,+,62360700,-0.78462418688217,-0.771722113037636,11,115,12,60,11,101,0.0873015873015873,0.0944881889763779,0.0982142857142857
Wdr31,chr4,-,62470898,0.67236449434,,82,21,63,8,109,10,0.796116504854369,0.75,0.915966386554622
Alad,chr4,-,62520062,0.714422541812,-1.41887224258778,11,127,15,117,11,117,0.0797101449275362,0.105633802816901,0.0859375
Rgs3,chr4,+,62559846,,0.885358666246,328,83,269,53,363,60,0.798053527980535,0.764204545454545,0.858156028368794
Ambp,chr4,-,63154171,6.98401093871,-8.86909310383925,108,54,109,36,136,32,0.666666666666667,0.668711656441718,0.80952380952381
Col27a1,chr4,+,63215411,3.02982210811,,0,24,2,18,0,8,0,0.0769230769230769,0
Akna,chr4,-,63403444,0.809481296127,-0.92761427120604,0,49,0,42,4,24,0,0,0.142857142857143
Tnfsf8,chr4,-,63861283,-3.57921050927686,,40,24,21,19,41,35,0.625,0.466666666666667,0.539473684210526
Tlr4,chr4,+,66827550,-1.37135645691078,1.01880899722,56,47,48,96,27,68,0.54368932038835,0.505263157894737,0.284210526315789
Brinp1,chr4,-,68954396,3.73495617942,,16,16,19,15,17,19,0.5,0.542857142857143,0.472222222222222
Kdm4c,chr4,+,74242496,,1.02235650355,93,1,93,2,120,4,0.98936170212766,0.98936170212766,0.967741935483871
Ptprd,chr4,-,78211741,5.26360645233,,6,15,6,12,5,17,0.285714285714286,0.285714285714286,0.227272727272727
Lurap1l,chr4,+,80910685,4.96609377857,,39,69,45,80,32,96,0.361111111111111,0.394736842105263,0.25
Mpdz,chr4,-,81442814,1.19807647277,,178,22,144,18,148,37,0.89,0.867469879518072,0.8
Nfib,chr4,-,82505778,3.94249742991,,4,184,3,197,0,83,0.0212765957446809,0.0160427807486631,0
Frem1,chr4,-,83052165,1.4552893093,,85,47,120,40,145,52,0.643939393939394,0.718562874251497,0.736040609137056
Ttc39b,chr4,-,83324188,-0.54154200886486,1.1028066798,45,128,58,48,59,89,0.260115606936416,0.311827956989247,0.398648648648649
Ccdc171,chr4,+,83525544,0.760653890537,1.15140865988,2,141,5,135,9,134,0.013986013986014,0.0342465753424658,0.0629370629370629
Cntln,chr4,+,84884308,,1.74583070316,184,44,191,22,187,25,0.807017543859649,0.812765957446809,0.882075471698113
Adamtsl1,chr4,+,86053914,2.65924501424,-7.22941984300276,36,10,48,6,48,6,0.782608695652174,0.827586206896552,0.888888888888889
Plin2,chr4,-,86670058,0.471251472132,-1.21562788126701,84,42,73,35,50,43,0.666666666666667,0.634782608695652,0.537634408602151
Dennd4c,chr4,+,86748554,-0.475653985636284,0.74738033189,12,14,17,21,10,27,0.461538461538462,0.548387096774194,0.27027027027027
Acer2,chr4,+,86874413,1.48488661951,,47,25,43,33,28,21,0.652777777777778,0.632352941176471,0.571428571428571
Mllt3,chr4,-,88033406,1.3108134048,,1,109,0,101,0,107,0.00909090909090909,0,0
Mir31,chr4,-,88910661,5.29789921715,,197,4,177,4,200,9,0.980099502487562,0.977900552486188,0.956937799043062
Tek,chr4,+,94739288,2.24699694962,,198,186,143,186,110,250,0.515625,0.434650455927052,0.305555555555556
Mysm1,chr4,-,94979099,,0.997349587494,29,309,12,335,53,432,0.0857988165680473,0.0373831775700935,0.109278350515464
Jun,chr4,-,95052221,,5.45205276428,0,41,0,67,0,44,0,0,0
Fggy,chr4,+,95557506,,0.979404476165,166,176,168,188,165,124,0.485380116959064,0.488372093023256,0.570934256055363
Cyp2j6,chr4,-,96553650,-1.8963286921577,2.95656236015,15,0,18,8,15,15,1,1,0.5
Cyp2j9,chr4,-,96591484,,1.99815783163,24,21,13,32,16,52,0.533333333333333,0.382352941176471,0.235294117647059
Nfia,chr4,+,97581942,-1.28466742064533,2.82706299385,282,14,235,2,268,6,0.952702702702703,0.943775100401606,0.978102189781022
Dock7,chr4,-,99120924,-1.13078614194527,0.775348912014,83,87,107,56,95,66,0.488235294117647,0.551546391752577,0.590062111801242
Itgb3bp,chr4,-,99829157,0.817116847473,,34,292,45,269,47,384,0.104294478527607,0.13353115727003,0.109048723897912
Pgm1,chr4,+,99929450,,-0.665221747622079,39,126,66,135,58,94,0.236363636363636,0.34375,0.381578947368421
Cachd1,chr4,+,100776678,4.94943881385,,2,64,1,32,6,49,0.0303030303030303,0.0153846153846154,0.109090909090909
Raver2,chr4,+,101069037,,1.56998360081,40,87,35,109,31,110,0.31496062992126,0.286885245901639,0.219858156028369
Ak4,chr4,+,101419288,-2.24283394045661,,35,0,30,0,42,0,1,1,1
Dnajc6,chr4,+,101496647,-3.75714034716775,4.25579037985,23,61,23,52,37,46,0.273809523809524,0.273809523809524,0.445783132530121
Leprot,chr4,+,101647782,,-0.718788637000353,4,109,1,134,0,82,0.0353982300884956,0.00909090909090909,0
Lepr,chr4,+,101717406,6.32666491973,,26,151,12,116,22,150,0.146892655367232,0.0736196319018405,0.127906976744186
Pde4b,chr4,+,102254741,0.573605551312,0.680867535097,53,50,65,66,61,88,0.514563106796117,0.565217391304348,0.409395973154362
Sgip1,chr4,+,102760134,2.26581046244,,54,62,42,80,59,49,0.46551724137931,0.403846153846154,0.546296296296296
Wdr78,chr4,-,103114298,1.14240600891,,27,180,20,240,16,254,0.130434782608696,0.1,0.0592592592592593
Oma1,chr4,+,103313845,0.401368135838,,17,55,19,34,32,70,0.236111111111111,0.256756756756757,0.313725490196078
Prkaa2,chr4,-,105109897,-2.56611798819595,4.57820119209,0,43,0,27,0,52,0,0,0
Pcsk9,chr4,-,106464324,-3.73852816458551,,22,15,23,27,0,0,0.594594594594595,0.605263157894737,
Dhcr24,chr4,+,106561037,-1.95435746466331,,3,38,0,27,4,50,0.0731707317073171,0,0.0740740740740741
Mroh7,chr4,-,106727929,2.66486222391,,72,7,65,7,75,7,0.911392405063291,0.902777777777778,0.914634146341463
Fam151a,chr4,+,106733914,0.465261893959,,59,8,86,6,52,7,0.880597014925373,0.914893617021277,0.88135593220339
Ssbp3,chr4,+,106911469,0.90103029318,-0.789918503744097,0,38,0,33,0,38,0,0,0
Mrpl37,chr4,-,107066865,,-1.00733496353941,6,240,7,241,0,230,0.024390243902439,0.0283400809716599,0
Yipf1,chr4,+,107314362,-0.324288586929518,,41,62,38,62,51,73,0.398058252427184,0.38,0.411290322580645
Ndc1,chr4,+,107368046,-0.389141385302164,-0.97616610751206,28,258,42,251,34,214,0.0979020979020979,0.14,0.137096774193548
Lrp8,chr4,+,107802258,-1.54800209697805,,0,32,1,20,0,26,0,0.0303030303030303,0
Magoh,chr4,+,107879754,,-0.801505952550698,33,146,12,115,30,178,0.184357541899441,0.0759493670886076,0.144230769230769
Cpt2,chr4,-,107923588,-0.369442697478829,,99,30,89,47,99,50,0.767441860465116,0.747899159663866,0.664429530201342
Zyg11b,chr4,-,108301089,,0.631227894366,42,41,35,53,39,50,0.506024096385542,0.460526315789474,0.438202247191011
Coa7,chr4,+,108328151,0.483253561897,,69,104,54,130,80,152,0.398843930635838,0.341772151898734,0.344827586206897
Gpx7,chr4,-,108406712,,3.00423060787,65,86,101,62,77,52,0.43046357615894,0.540106951871658,0.596899224806202
Orc1,chr4,+,108579453,,-0.849733889235476,25,405,27,312,24,377,0.0581395348837209,0.0625,0.0598503740648379
Cc2d1b,chr4,+,108619955,-0.703086358817578,,25,73,37,80,30,58,0.255102040816327,0.336363636363636,0.340909090909091
Zfyve9,chr4,-,108781087,2.15689731053,,25,42,23,34,31,32,0.373134328358209,0.353846153846154,0.492063492063492
Txndc12,chr4,+,108834677,-0.41584860378586,,0,160,2,100,0,170,0,0.0123456790123457,0
Kti12,chr4,+,108847856,,-0.691751644951967,41,151,48,192,51,211,0.213541666666667,0.241206030150754,0.194656488549618
Rab3b,chr4,+,108879069,4.50484947135,,25,33,38,33,13,19,0.431034482758621,0.535211267605634,0.40625
Osbpl9,chr4,-,109202271,-0.440681188909459,0.617803870453,1,94,1,51,1,65,0.0105263157894737,0.0105263157894737,0.0151515151515152
Calr4,chr4,+,109218412,6.05770595379,,45,2,33,2,53,3,0.957446808510638,0.942857142857143,0.946428571428571
Ttc39a,chr4,+,109407099,-2.91233390288693,1.94546815426,1,73,3,67,2,46,0.0135135135135135,0.0394736842105263,0.0416666666666667
Cdkn2c,chr4,-,109666755,-2.35707902797549,2.29821170957,12,83,11,68,5,51,0.126315789473684,0.117021276595745,0.0892857142857143
Faf1,chr4,+,109676626,,-0.598447099658274,0,23,0,22,0,21,0,0,0
Elavl4,chr4,-,110351910,2.35087988871,,38,6,16,8,34,8,0.863636363636364,0.727272727272727,0.80952380952381
Slc5a9,chr4,-,111902795,4.89451207071,,20,1,25,0,21,1,0.952380952380952,0.961538461538461,0.954545454545455
Skint3,chr4,+,112232244,1.51881960181,,58,0,70,1,78,1,1,1,0.987341772151899
Pdzk1ip1,chr4,+,115088707,,1.56482897169,14,0,25,3,17,6,1,1,0.739130434782609
Cyp4b1,chr4,-,115647720,6.1149719587,,151,6,120,1,94,8,0.961783439490446,0.952380952380952,0.92156862745098
Efcab14,chr4,+,115737769,,0.66842451464,22,177,17,150,21,166,0.110552763819095,0.0876288659793814,0.112299465240642
Atpaf1,chr4,+,115784827,0.656982390565,,38,50,46,35,38,37,0.431818181818182,0.479166666666667,0.506666666666667
Mob3c,chr4,+,115828079,,0.982455786302,57,53,3,36,27,48,0.518181818181818,0.0535714285714286,0.36
Faah,chr4,-,116017923,-1.98400899021452,2.08593178279,8,32,11,18,16,21,0.2,0.255813953488372,0.432432432432432
Uqcrh,chr4,-,116075069,-0.368669285212874,,0,277,1,202,0,274,0,0.00359712230215827,0
Rad54l,chr4,-,116123689,,-0.710968263545887,11,84,6,130,4,86,0.115789473684211,0.0666666666666667,0.0444444444444444
Lurap1,chr4,-,116144615,,2.44807923625,2,16,3,10,3,25,0.111111111111111,0.157894736842105,0.107142857142857
Pomgnt1,chr4,+,116150517,-0.388773484843741,,34,44,29,25,16,28,0.435897435897436,0.397260273972603,0.363636363636364
Mast2,chr4,-,116464222,,-0.699034580933107,34,71,30,66,32,112,0.323809523809524,0.297029702970297,0.222222222222222
Nasp,chr4,-,116627950,,-1.32969882925241,37,120,6,108,24,110,0.235668789808917,0.0476190476190476,0.17910447761194
Akr1a1,chr4,-,116651673,-0.314023183581597,,37,101,17,144,35,177,0.268115942028986,0.14406779661017,0.165094339622642
Prdx1,chr4,+,116685598,-0.40631472932358,,54,146,37,108,56,153,0.27,0.202185792349727,0.267942583732057
Ccdc163,chr4,+,116708594,-0.476595444061544,,6,195,14,193,21,115,0.0298507462686567,0.0669856459330144,0.154411764705882
Hpdl,chr4,-,116821507,-1.39554256195432,,61,271,57,228,79,160,0.183734939759036,0.173780487804878,0.330543933054393
Urod,chr4,-,116994412,0.405140008903,-0.933917047155301,9,142,11,165,6,122,0.0596026490066225,0.0718954248366013,0.046875
Plk3,chr4,-,117133962,-1.73671361163332,,1,39,4,56,10,61,0.025,0.0930232558139535,0.140845070422535
Kif2c,chr4,-,117182623,,-1.60476795027487,52,181,52,95,44,145,0.223175965665236,0.223175965665236,0.232804232804233
Slc6a9,chr4,+,117835257,-1.01652482363275,-1.50981365869667,101,35,146,26,145,25,0.742647058823529,0.806629834254144,0.852941176470588
B4galt2,chr4,-,117883475,1.5898125496,-2.192653507773,36,48,15,32,40,42,0.428571428571429,0.238095238095238,0.487804878048781
Atp6v0b,chr4,-,117887328,-0.402188419787583,,15,241,11,190,14,250,0.05859375,0.0436507936507936,0.053030303030303
Ptprf,chr4,-,118291396,1.17021399178,-1.84867081887071,165,133,175,44,179,100,0.553691275167785,0.568181818181818,0.6415770609319
Hyi,chr4,+,118359998,,1.00629996686,4,24,6,59,4,82,0.142857142857143,0.2,0.0465116279069768
Med8,chr4,+,118409336,0.340814255529,-1.07752320430695,101,131,73,148,136,132,0.435344827586207,0.357843137254902,0.507462686567164
Elovl1,chr4,+,118428092,-1.0305742492898,,52,92,57,73,63,77,0.361111111111111,0.38255033557047,0.45
Cdc20,chr4,-,118437342,,-1.4728429465996,4,63,15,109,18,78,0.0597014925373134,0.192307692307692,0.1875
Mpl,chr4,-,118457512,2.18514785576,0.82080907574,32,7,23,1,22,11,0.82051282051282,0.766666666666667,0.666666666666667
Slc2a1,chr4,+,119108744,,-1.22833818297184,1,69,0,46,1,59,0.0142857142857143,0,0.0166666666666667
Zfp691,chr4,-,119174194,0.842899484522,,49,532,39,483,26,421,0.0843373493975904,0.0683012259194396,0.058165548098434
Ermap,chr4,-,119189994,10.0274146247,-3.82425688787568,202,25,180,18,146,7,0.889867841409692,0.878048780487805,0.954248366013072
Ybx1,chr4,-,119294512,,-0.840668386261782,19,219,18,203,22,111,0.0798319327731092,0.0759493670886076,0.165413533834586
Ppih,chr4,-,119320522,,-1.04799908189145,45,122,68,148,74,119,0.269461077844311,0.357894736842105,0.383419689119171
Hivep3,chr4,+,119814677,,1.49416493704,35,187,35,95,22,173,0.157657657657658,0.157657657657658,0.112820512820513
Ctps,chr4,-,120570275,,-0.833153262267236,1,116,7,193,2,166,0.00854700854700855,0.0569105691056911,0.0119047619047619
Cited4,chr4,+,120666562,5.75497858348,-4.24404527306154,18,59,13,52,16,30,0.233766233766234,0.180555555555556,0.347826086956522
Zfp69,chr4,-,120951700,1.23383350275,,16,68,14,91,14,56,0.19047619047619,0.170731707317073,0.2
Smap2,chr4,-,121017246,0.493602418193,,12,16,14,20,4,9,0.428571428571429,0.466666666666667,0.307692307692308
Zmpste24,chr4,-,121098209,-0.518306820504179,,98,211,104,237,75,171,0.317152103559871,0.33015873015873,0.304878048780488
Ppt1,chr4,+,122836226,-0.546390496618857,,35,30,29,21,35,38,0.538461538461538,0.491525423728814,0.479452054794521
Cap1,chr4,-,122886075,-0.372629993188483,,3,131,3,127,1,116,0.0223880597014925,0.0223880597014925,0.00854700854700855
Mfsd2a,chr4,-,122961187,-2.95889316633994,-7.22202342979887,44,109,40,75,34,69,0.287581699346405,0.268456375838926,0.330097087378641
Mycl,chr4,+,122995930,,-7.26875293629627,18,4,15,8,13,7,0.818181818181818,0.789473684210526,0.65
Oxct2b,chr4,+,123116247,,3.67864799449,57,70,67,84,74,70,0.448818897637795,0.489051094890511,0.513888888888889
Pabpc4,chr4,+,123282910,0.478375540234,-1.21202699884718,65,58,62,31,75,45,0.528455284552846,0.516666666666667,0.625
Oxct2a,chr4,-,123323678,3.94807344734,,37,32,55,53,66,58,0.536231884057971,0.632183908045977,0.532258064516129
Bmp8a,chr4,-,123343251,3.43025043625,-2.63485018102953,0,6,0,3,0,11,0,0,0
D830031N03Rik,chr4,-,123411910,-0.522295743431366,,35,86,56,62,37,73,0.289256198347107,0.394366197183099,0.336363636363636
Macf1,chr4,-,123684359,,0.771706883857,147,12,125,4,143,8,0.924528301886792,0.912408759124088,0.947019867549669
Ndufs5,chr4,-,123718185,,-0.967941993116897,59,70,64,31,45,75,0.457364341085271,0.477611940298507,0.375
Rhbdl2,chr4,+,123787874,-3.24809069742212,7.24397673619,4,29,13,33,6,24,0.121212121212121,0.30952380952381,0.2
Rragc,chr4,+,123917432,-0.618533084641827,,8,21,15,26,7,29,0.275862068965517,0.416666666666667,0.194444444444444
Yrdc,chr4,+,124850758,-0.467316674192301,,0,38,0,25,0,33,0,0,0
Maneal,chr4,-,124862170,2.9934110563,,90,37,87,54,80,59,0.708661417322835,0.701612903225807,0.575539568345324
Cdca8,chr4,-,124936916,,-1.38689248578163,55,264,44,287,52,146,0.172413793103448,0.142857142857143,0.262626262626263
Mrps15,chr4,+,126046927,,-0.921029125041642,6,182,1,205,4,138,0.0319148936170213,0.00546448087431694,0.028169014084507
Eva1b,chr4,+,126148002,1.55648861199,,25,36,39,37,38,39,0.409836065573771,0.52,0.493506493506494
Ago3,chr4,-,126429541,,1.38397627288,11,166,4,217,10,147,0.0621468926553672,0.0235294117647059,0.0636942675159236
Ago4,chr4,-,126533457,,1.57214333441,83,38,26,33,97,25,0.685950413223141,0.40625,0.795081967213115
Clspn,chr4,+,126556979,,-0.602230786985839,0,100,0,86,0,97,0,0,0
5730409E04Rik,chr4,+,126609853,,1.03790315329,122,99,116,115,92,85,0.552036199095023,0.53953488372093,0.519774011299435
Psmb2,chr4,+,126677642,,-0.767672302137183,43,131,19,86,28,77,0.247126436781609,0.126666666666667,0.266666666666667
Zmym6,chr4,+,127077382,,1.80692588437,68,77,54,50,83,100,0.468965517241379,0.412213740458015,0.453551912568306
Gjb3,chr4,-,127330835,-2.12464875234158,,13,55,43,60,50,79,0.191176470588235,0.438775510204082,0.387596899224806
Tlr12,chr4,-,128618618,1.62377527185,-3.07258521491606,28,62,30,67,12,21,0.311111111111111,0.326086956521739,0.363636363636364
Phc2,chr4,+,128654701,0.464945577517,,114,82,40,80,71,93,0.581632653061225,0.327868852459016,0.432926829268293
Zfp362,chr4,-,128806111,0.622289154018,,2,205,0,208,0,284,0.00966183574879227,0,0
Trim62,chr4,+,128884043,-0.784001555219937,1.35826140362,9,14,11,18,19,22,0.391304347826087,0.44,0.463414634146342
Azin2,chr4,-,128962454,-2.18810406019235,,5,126,6,159,7,72,0.0381679389312977,0.0454545454545455,0.0886075949367089
Ak2,chr4,+,128993223,-0.562717737988347,-0.562956765249951,43,262,34,222,36,164,0.140983606557377,0.114864864864865,0.18
Rnf19b,chr4,+,129058143,-1.46354777056039,,54,9,34,4,55,6,0.857142857142857,0.790697674418605,0.901639344262295
Yars,chr4,+,129189902,,-0.994874751731023,1,71,0,40,0,75,0.0138888888888889,0,0
C77080,chr4,-,129261403,-1.13181573348943,,61,9,67,2,40,3,0.871428571428572,0.881578947368421,0.930232558139535
Rbbp4,chr4,-,129335369,,-0.604789797681153,1,219,1,177,5,140,0.00454545454545455,0.00454545454545455,0.0344827586206897
Zbtb8a,chr4,-,129378027,-1.30824203093283,1.85663374224,26,174,7,221,16,153,0.13,0.0386740331491713,0.0946745562130178
Marcksl1,chr4,+,129513580,1.08542680197,-1.69024967987479,4,0,11,0,10,0,1,1,1
Hdac1,chr4,-,129542645,,-0.679738767333818,67,72,50,60,43,60,0.482014388489209,0.409836065573771,0.41747572815534
Fam167b,chr4,-,129578579,,-7.79706625721155,147,6,149,5,148,5,0.96078431372549,0.961290322580645,0.967320261437908
Eif3i,chr4,-,129600647,,-0.666670525481349,26,164,20,192,10,126,0.136842105263158,0.108695652173913,0.0735294117647059
Ccdc28b,chr4,-,129623907,0.875274675707,,0,27,0,24,0,23,0,0,0
Kpna6,chr4,-,129672766,-0.404951345150906,,23,175,33,140,40,163,0.116161616161616,0.158653846153846,0.197044334975369
Col16a1,chr4,+,130047839,-3.24712871535448,4.76467223585,45,1,39,1,40,2,0.978260869565217,0.975,0.952380952380952
Pef1,chr4,+,130107555,-0.463480734144209,,105,181,95,205,100,147,0.367132867132867,0.344202898550725,0.404858299595142
Tinagl1,chr4,-,130175121,0.760676562652,1.87176575964,2,7,0,5,1,13,0.222222222222222,0,0.0714285714285714
Snrnp40,chr4,+,130360131,,-0.804843093059437,2,170,0,64,1,111,0.0116279069767442,0,0.00892857142857143
Pum1,chr4,+,130663320,0.259275284083,,0,41,0,40,0,39,0,0,0
Sdc3,chr4,+,130792536,1.18695719072,-2.86140990041172,22,32,35,36,27,28,0.407407407407407,0.522388059701493,0.490909090909091
Laptm5,chr4,+,130913315,-0.373361969410561,,24,4,33,11,38,4,0.857142857142857,0.891891891891892,0.904761904761905
Matn1,chr4,+,130944384,-2.34402653699224,,78,17,34,10,95,9,0.821052631578947,0.666666666666667,0.913461538461539
Ptpru,chr4,-,131838277,1.6646938286,,36,154,37,143,31,161,0.189473684210526,0.193717277486911,0.161458333333333
Mecr,chr4,+,131843470,,-0.741758962318897,47,66,59,45,51,37,0.415929203539823,0.472,0.579545454545455
Rps15a-ps4,chr4,-,132220588,1.65200853912,,165,127,222,130,187,74,0.565068493150685,0.636103151862464,0.716475095785441
Taf12,chr4,+,132274374,,-0.716498618378871,36,263,18,291,21,248,0.120401337792642,0.0640569395017794,0.0780669144981413
Snhg12,chr4,+,132308677,0.568049504351,,87,160,93,108,74,102,0.352226720647773,0.367588932806324,0.420454545454546
Snora44,chr4,+,132309952,,1.5912200727,20,116,13,75,13,87,0.147058823529412,0.10077519379845,0.13
Rcc1,chr4,-,132345749,,-1.18720712644977,11,115,18,124,9,39,0.0873015873015873,0.135338345864662,0.1875
Snhg3,chr4,-,132353685,,-0.898612194605952,36,483,60,267,52,438,0.069364161849711,0.110497237569061,0.106122448979592
Sesn2,chr4,-,132510455,-1.46223322871078,,41,36,49,52,36,49,0.532467532467532,0.576470588235294,0.423529411764706
Dnajc8,chr4,+,132535558,,-0.523863190056966,47,175,43,185,57,218,0.211711711711712,0.197247706422018,0.207272727272727
Ptafr,chr4,+,132564066,0.76367839967,,43,24,31,39,17,34,0.641791044776119,0.563636363636364,0.333333333333333
Eya3,chr4,+,132639045,,-0.762157817963206,104,534,72,382,81,403,0.163009404388715,0.118811881188119,0.167355371900826
Smpdl3b,chr4,-,132757170,-2.06987684782138,,88,149,62,95,59,138,0.371308016877637,0.293838862559242,0.299492385786802
Rpa2,chr4,+,132768359,-0.295325494498145,-0.774957888542589,75,228,76,235,113,135,0.247524752475248,0.25,0.455645161290323
Themis2,chr4,-,132796363,1.22303288682,-1.06623626241478,87,153,23,107,66,142,0.3625,0.130681818181818,0.317307692307692
Ppp1r8,chr4,-,132843168,,-0.862878109523267,7,155,9,310,7,278,0.0432098765432099,0.0548780487804878,0.0245614035087719
Wasf2,chr4,+,133130632,0.490313844731,,26,187,11,118,27,246,0.122065727699531,0.0555555555555556,0.0989010989010989
Map3k6,chr4,+,133240817,,-1.08077728120571,117,45,127,54,104,29,0.722222222222222,0.738372093023256,0.781954887218045
Nudc,chr4,-,133546026,,-0.861320423186109,3,74,5,72,11,92,0.038961038961039,0.0632911392405063,0.106796116504854
Arid1a,chr4,-,133756768,0.491219798424,,6,143,7,107,7,109,0.0402684563758389,0.0466666666666667,0.0603448275862069
Hmgn2,chr4,-,133967990,0.523835513761,-0.763079661360526,0,37,0,46,0,27,0,0,0
Lin28a,chr4,-,134018815,4.33521887724,,0,61,2,34,0,12,0,0.0317460317460317,0
Cd52,chr4,-,134095072,2.22113044643,-2.05607241799419,59,8,47,6,73,2,0.880597014925373,0.854545454545455,0.973333333333333
Ubxn11,chr4,+,134102582,1.39234538439,,181,91,162,59,146,48,0.665441176470588,0.640316205533597,0.752577319587629
E130218I03Rik,chr4,+,134243762,0.666424497032,,65,4,60,4,85,2,0.942028985507246,0.9375,0.977011494252874
Grrp1,chr4,-,134254105,8.43816910677,-4.71941529513383,13,51,12,19,18,38,0.203125,0.19047619047619,0.321428571428571
Pdik1l,chr4,-,134287845,-0.345487412836936,,3,209,0,235,0,108,0.0141509433962264,0,0
Extl1,chr4,-,134372546,-2.76515446534208,,67,38,74,102,36,83,0.638095238095238,0.660714285714286,0.302521008403361
Paqr7,chr4,+,134496760,-0.655495845981381,1.80791509331,44,72,29,15,37,86,0.379310344827586,0.287128712871287,0.300813008130081
Mtfr1l,chr4,-,134535386,-0.337663335782483,,12,55,14,80,16,79,0.17910447761194,0.202898550724638,0.168421052631579
Rhd,chr4,+,134864535,6.52183834888,-3.92123001440981,106,10,80,2,92,2,0.913793103448276,0.888888888888889,0.978723404255319
Rsrp1,chr4,+,134923624,,0.778179047239,0,103,1,127,0,134,0,0.00961538461538462,0
Runx3,chr4,+,135120644,-1.69778988210285,1.00267255975,30,17,32,15,28,10,0.638297872340426,0.653061224489796,0.736842105263158
Rcan3,chr4,-,135433804,-0.724685782121723,,75,136,95,160,107,160,0.355450236966825,0.411255411255411,0.400749063670412
Cnr2,chr4,+,135895188,,-1.43051935594409,19,51,15,34,22,32,0.271428571428571,0.227272727272727,0.407407407407407
Gale,chr4,+,135963724,,-0.948691453479909,7,45,0,50,8,43,0.134615384615385,0,0.156862745098039
E2f2,chr4,+,136172273,1.74688674027,-1.64476975755617,9,298,6,261,32,84,0.0293159609120521,0.0197368421052632,0.275862068965517
Luzp1,chr4,+,136469760,-0.710226326029542,,11,29,11,36,14,17,0.275,0.275,0.451612903225806
Ephb2,chr4,-,136836011,1.47176268609,,16,47,23,4,26,48,0.253968253968254,0.328571428571429,0.351351351351351
C1qb,chr4,-,136886199,8.67786176493,-5.35591221634728,67,31,48,39,59,23,0.683673469387755,0.607594936708861,0.719512195121951
C1qc,chr4,-,136892913,5.96324139819,-6.11835028975733,35,37,45,12,45,38,0.486111111111111,0.548780487804878,0.542168674698795
C1qa,chr4,-,136898843,8.03336389709,-5.2638180643805,148,35,134,24,159,30,0.808743169398907,0.792899408284024,0.841269841269841
Wnt4,chr4,+,137277634,5.30311535099,,4,7,1,5,3,6,0.363636363636364,0.125,0.333333333333333
Alpl,chr4,-,137796383,2.31714653165,,10,14,11,13,13,7,0.416666666666667,0.44,0.65
Hp1bp3,chr4,+,138216611,,0.516208334892,59,2,41,0,61,1,0.967213114754098,0.953488372093023,0.983870967741936
Kif17,chr4,+,138262250,-1.2488924558927,0.944240051049,2,10,5,17,5,21,0.166666666666667,0.333333333333333,0.192307692307692
Ddost,chr4,+,138304737,,-0.6310601330393,3,132,2,164,6,118,0.0222222222222222,0.0149253731343284,0.0483870967741936
Otud3,chr4,-,138913967,0.769511501666,,109,115,152,144,108,75,0.486607142857143,0.569288389513109,0.59016393442623
Mrto4,chr4,-,139352575,,-1.17054244945362,7,106,12,107,18,88,0.0619469026548673,0.101694915254237,0.169811320754717
Ubr4,chr4,+,139380658,-0.37680269324845,,25,239,4,303,11,328,0.0946969696969697,0.0164609053497942,0.0324483775811209
Iffo2,chr4,+,139530547,0.841275857043,,120,11,147,14,127,14,0.916030534351145,0.930379746835443,0.900709219858156
Arhgef10l,chr4,-,140665904,-1.60776842353894,,131,13,204,6,132,3,0.909722222222222,0.940092165898618,0.977777777777778
Rcc2,chr4,+,140701472,,-0.673441860979299,5,51,0,64,0,3,0.0892857142857143,0,0
Padi6,chr4,-,140742642,,7.31167235208,79,5,114,5,117,4,0.940476190476191,0.957983193277311,0.966942148760331
Padi4,chr4,-,140774202,-3.45162316018035,2.61740910322,66,16,22,35,37,12,0.804878048780488,0.578947368421053,0.755102040816326
Padi3,chr4,-,140810647,4.44845258045,-3.43735803702006,69,5,44,5,48,0,0.932432432432432,0.897959183673469,1
Padi1,chr4,-,140845777,1.15412799224,,38,4,30,9,59,11,0.904761904761905,0.882352941176471,0.842857142857143
Padi2,chr4,+,140906359,1.06167170021,-1.47607170803934,7,35,18,29,13,38,0.166666666666667,0.339622641509434,0.254901960784314
Sdhb,chr4,+,140961270,,-0.872464740524041,14,70,7,60,18,29,0.166666666666667,0.0909090909090909,0.382978723404255
Atp13a2,chr4,+,140986920,0.602892249357,-0.615365340290093,5,25,16,35,25,51,0.166666666666667,0.390243902439024,0.328947368421053
Mfap2,chr4,+,141010423,4.5053331882,,1,9,4,9,1,2,0.1,0.307692307692308,0.333333333333333
Necap2,chr4,-,141078356,0.515215939341,-1.29214783428565,68,141,64,79,66,119,0.325358851674641,0.31219512195122,0.356756756756757
AI507597,chr4,+,141614369,-1.89816622894138,,202,19,209,8,233,20,0.914027149321267,0.916666666666667,0.920948616600791
Tmem82,chr4,-,141618632,-1.60447187862936,,1,17,0,20,0,15,0.0555555555555556,0,0
Casp9,chr4,+,141793611,-0.601462230705969,,24,195,30,226,32,142,0.10958904109589,0.133333333333333,0.183908045977012
Aadacl3,chr4,-,144463755,5.41405896086,,6,1,3,0,11,0,0.857142857142857,0.75,1
Tnfrsf8,chr4,-,145315163,-5.89963029157944,,55,79,21,73,61,79,0.41044776119403,0.21,0.435714285714286
Gm13212,chr4,+,145585199,-0.75553567406458,,131,111,174,131,126,120,0.541322314049587,0.610526315789474,0.51219512195122
Rps19-ps3,chr4,-,147822201,-1.49037731587929,,256,9,211,7,257,8,0.966037735849057,0.959090909090909,0.969811320754717
Zfp933,chr4,-,147848417,-0.868813797178283,,13,125,13,114,10,122,0.0942028985507246,0.0942028985507246,0.0757575757575758
Plod1,chr4,-,147936775,0.887082705671,-1.17081132064197,0,9,2,9,3,8,0,0.181818181818182,0.272727272727273
Clcn6,chr4,-,148038812,-0.651806779240289,,27,62,18,86,20,93,0.303370786516854,0.225,0.176991150442478
Agtrap,chr4,-,148088063,0.371355517002,,36,4,27,2,45,1,0.9,0.870967741935484,0.978260869565217
Mad2l2,chr4,+,148130919,-0.378531364917133,,6,24,16,52,11,46,0.2,0.4,0.192982456140351
Fbxo6,chr4,-,148152134,-0.751256977453442,1.18465931427,35,3,23,3,21,7,0.921052631578947,0.884615384615385,0.75
Ubiad1,chr4,-,148444759,-0.406963354571214,,86,51,91,32,118,37,0.627737226277372,0.640845070422535,0.761290322580645
Srm,chr4,+,148591512,,-1.00168095603043,0,118,1,142,0,93,0,0.00840336134453782,0
Gm572,chr4,+,148643316,2.66715079917,,70,6,50,20,48,4,0.921052631578947,0.892857142857143,0.923076923076923
Casz1,chr4,+,148804391,0.552263630075,,9,77,4,70,12,59,0.104651162790698,0.0493827160493827,0.169014084507042
Pex14,chr4,-,149099842,,-0.774949502932505,27,39,43,44,27,41,0.409090909090909,0.524390243902439,0.397058823529412
Dffa,chr4,+,149104141,0.346761719164,,18,177,15,88,18,121,0.0923076923076923,0.078125,0.129496402877698
Pgd,chr4,-,149166704,-0.424252531367207,-1.02069228895721,15,32,15,32,20,63,0.319148936170213,0.319148936170213,0.240963855421687
Lzic,chr4,+,149485228,,-0.668687069520721,75,165,79,119,99,162,0.3125,0.323770491803279,0.379310344827586
Pik3cd,chr4,-,149701628,-0.915975684782998,,218,57,171,55,215,81,0.792727272727273,0.75,0.726351351351351
Slc25a33,chr4,-,149774266,-1.02884875227125,,30,66,13,55,34,49,0.3125,0.164556962025316,0.409638554216867
H6pd,chr4,-,150009022,-0.61837907816545,,26,47,41,56,19,31,0.356164383561644,0.465909090909091,0.38
Gpr157,chr4,+,150087502,,0.986492573396,80,139,65,95,83,115,0.365296803652968,0.318627450980392,0.419191919191919
Eno1,chr4,+,150236707,,-1.36689030113999,21,6,43,19,50,14,0.777777777777778,0.877551020408163,0.78125
Rere,chr4,+,150281915,1.09103509823,,25,57,14,30,20,72,0.304878048780488,0.197183098591549,0.217391304347826
Dnajc11,chr4,+,151933719,,-0.853599506189263,56,128,73,94,83,95,0.304347826086957,0.36318407960199,0.466292134831461
Thap3,chr4,-,151988985,,0.848172572775,10,2,6,0,13,0,0.833333333333333,0.75,1
Tas1r1,chr4,-,152038489,-0.946881830709038,,17,8,21,19,21,15,0.68,0.724137931034483,0.583333333333333
Nol9,chr4,+,152039320,,-0.887071400215653,13,25,11,24,3,17,0.342105263157895,0.305555555555556,0.15
Plekhg5,chr4,+,152086841,0.864869723018,-0.781375470802895,37,14,49,16,50,14,0.725490196078431,0.777777777777778,0.78125
Acot7,chr4,+,152178099,-0.411033903929679,,19,45,2,40,14,41,0.296875,0.0425531914893617,0.254545454545455
Chd5,chr4,+,152338650,-1.32522186140418,,0,6,1,12,0,7,0,0.142857142857143,0
A430005L14Rik,chr4,+,153957236,-0.385330475525378,,0,74,1,163,0,181,0,0.0133333333333333,0
Lrrc47,chr4,+,154011802,,-0.659061654016828,38,87,25,87,40,101,0.304,0.223214285714286,0.283687943262411
Smim1,chr4,-,154026043,0.52815994251,-1.26755818425803,30,22,56,7,52,2,0.576923076923077,0.717948717948718,0.962962962962963
Ccdc27,chr4,-,154042676,5.67796016072,-4.5634366962715,300,21,293,25,254,25,0.934579439252336,0.93312101910828,0.910394265232975
Megf6,chr4,+,154170712,3.34686011507,-4.67121839186831,0,71,0,0,0,68,0,0,0
Tnfrsf14,chr4,-,154928076,1.57298151764,,30,11,25,27,20,18,0.731707317073171,0.694444444444445,0.526315789473684
Pank4,chr4,+,154964122,0.41671865085,,52,128,31,93,60,124,0.288888888888889,0.19496855345912,0.326086956521739
Pex10,chr4,+,155067029,,-0.962947504864766,15,184,6,85,16,135,0.0753768844221106,0.0315789473684211,0.105960264900662
Nadk,chr4,+,155562380,-0.483598610779173,,0,3,0,11,2,12,0,0,0.142857142857143
Mib2,chr4,-,155669253,,1.00312599848,19,135,25,101,9,150,0.123376623376623,0.15625,0.0566037735849057
Tmem240,chr4,+,155734803,1.61339131228,,4,2,2,9,1,9,0.666666666666667,0.5,0.1
Atad3a,chr4,-,155761097,,-0.603686270989995,7,97,9,87,9,36,0.0673076923076923,0.0849056603773585,0.2
Mxra8,chr4,+,155839679,-1.12948662530833,3.64853497176,24,6,36,3,19,3,0.8,0.857142857142857,0.863636363636364
Dvl1,chr4,+,155847401,,0.843729294689,26,16,23,20,25,6,0.619047619047619,0.58974358974359,0.806451612903226
Cptp,chr4,-,155869439,-0.751450097684737,,53,191,75,172,106,134,0.217213114754098,0.281954887218045,0.441666666666667
Tnfrsf18,chr4,+,156026321,-0.578624610627871,1.19387328112,40,0,49,1,25,2,1,1,0.925925925925926
Perm1,chr4,+,156215926,0.957715108631,,115,7,123,14,128,6,0.942622950819672,0.946153846153846,0.955223880597015
Plekhn1,chr4,-,156228541,0.619223495051,2.43631345527,35,6,25,7,18,7,0.853658536585366,0.806451612903226,0.72
Samd11,chr4,-,156255341,,-0.577603379345863,5,49,1,40,3,43,0.0925925925925926,0.02,0.0652173913043478
Cdk6,chr5,+,3343892,,0.838689425806,1,98,0,196,0,176,0.0101010101010101,0,0
Fam133b,chr5,+,3543832,-0.390077175875836,,0,19,0,13,0,7,0,0,0
Pex1,chr5,+,3596065,-0.392394364670262,,79,145,107,143,77,124,0.352678571428571,0.424603174603175,0.383084577114428
Akap9,chr5,+,3928185,,1.40561740484,8,52,8,72,3,66,0.133333333333333,0.133333333333333,0.0434782608695652
Cyp51,chr5,-,4104696,-3.18198277796204,,25,271,21,203,29,115,0.0844594594594595,0.0719178082191781,0.201388888888889
Cdk14,chr5,-,5380250,,0.904697728138,27,48,15,49,19,44,0.36,0.238095238095238,0.301587301587302
Cldn12,chr5,-,5514975,-0.959557129202039,1.60050395067,19,250,13,194,13,124,0.0706319702602231,0.0494296577946768,0.0948905109489051
Steap2,chr5,-,5694567,6.42910584514,,16,63,18,40,14,53,0.20253164556962,0.222222222222222,0.208955223880597
Adam22,chr5,-,8368159,,2.32768646123,60,34,78,32,95,16,0.638297872340426,0.696428571428571,0.855855855855856
Dbf4,chr5,-,8422715,,-0.812225558683703,8,169,10,201,14,181,0.0451977401129944,0.0558659217877095,0.0717948717948718
Slc25a40,chr5,+,8422837,-0.579778484810869,,0,149,4,188,3,174,0,0.0261437908496732,0.0169491525423729
Abcb1a,chr5,+,8567090,-2.64519199640903,6.24335398421,81,7,89,4,89,3,0.920454545454545,0.927083333333333,0.967391304347826
Rundc3b,chr5,-,8622951,-0.821240968792538,,15,27,22,21,34,17,0.357142857142857,0.448979591836735,0.666666666666667
Abcb1b,chr5,+,8798146,-2.7297618343945,3.65384729238,58,73,84,64,52,59,0.442748091603053,0.535031847133758,0.468468468468469
Abcb4,chr5,+,8893720,3.70959666912,,98,45,83,68,93,75,0.685314685314685,0.6484375,0.553571428571429
Crot,chr5,-,8997145,,1.20330330749,19,73,29,61,13,97,0.206521739130435,0.284313725490196,0.118181818181818
Tmem243,chr5,+,9100736,,1.65697298633,117,87,112,56,159,63,0.573529411764706,0.562814070351759,0.716216216216216
Sema3d,chr5,+,12383165,7.71466152762,,9,83,14,90,6,70,0.0978260869565217,0.144329896907216,0.0789473684210526
Pclo,chr5,+,14514917,,2.98002528929,0,34,1,30,0,24,0,0.0285714285714286,0
Cacna2d1,chr5,+,15934690,6.80119306502,,1,28,1,13,5,24,0.0344827586206897,0.0344827586206897,0.172413793103448
Hgf,chr5,+,16553494,,1.23931877608,0,25,0,35,0,20,0,0,0
Cd36,chr5,-,17888958,4.56983981392,,115,9,108,8,104,3,0.92741935483871,0.923076923076923,0.97196261682243
Gnai1,chr5,-,18360412,1.51657767991,,0,29,0,42,0,18,0,0,0
Magi2,chr5,+,19227045,,3.25127613952,1,11,0,9,0,10,0.0833333333333333,0,0
Rsbn1l,chr5,-,20951821,,0.818753505652,1,440,0,361,12,373,0.00226757369614512,0,0.0311688311688312
Ptpn12,chr5,-,21055910,-0.474938637548604,,1,42,1,20,0,35,0.0232558139534884,0.0232558139534884,0
Gsap,chr5,+,21176278,1.12861136017,1.34793747435,205,118,234,88,183,89,0.634674922600619,0.664772727272727,0.672794117647059
Fgl2,chr5,+,21372672,-0.868797860380689,1.78192512485,109,95,98,89,54,140,0.534313725490196,0.507772020725389,0.278350515463918
Fam185a,chr5,+,21424902,-1.01414612831683,,10,197,5,190,1,187,0.0483091787439614,0.0247524752475248,0.00531914893617021
Psmc2,chr5,+,21785274,,-0.868197165983856,54,92,43,71,56,84,0.36986301369863,0.318518518518519,0.4
Reln,chr5,-,22344704,4.82672094498,,1,26,1,18,3,9,0.037037037037037,0.037037037037037,0.25
Orc5,chr5,-,22550337,0.855678475535,-0.694702620009141,64,96,50,79,85,119,0.4,0.342465753424658,0.416666666666667
5031425E22Rik,chr5,-,23434352,,0.91158055504,0,36,0,53,0,60,0,0,0
Kmt2e,chr5,+,23434463,,0.798160713504,0,36,0,53,0,60,0,0,0
AI506816,chr5,-,23712666,,-1.13502103364283,42,10,11,15,41,9,0.807692307692308,0.523809523809524,0.82
2700038G22Rik,chr5,+,23850596,,-1.33491439283966,35,62,23,60,38,43,0.360824742268041,0.270588235294118,0.469135802469136
Kcnh2,chr5,-,24351603,1.27897995904,-1.18284287917672,37,0,43,0,46,1,1,1,0.978723404255319
Nos3,chr5,+,24364818,2.4288274067,-3.69452523976315,61,19,92,7,80,13,0.7625,0.828828828828829,0.860215053763441
Atg9b,chr5,-,24392142,-1.02728911724257,,30,1,26,2,16,0,0.967741935483871,0.962962962962963,1
Abcb8,chr5,+,24394155,,-0.846982725719949,42,153,63,190,40,129,0.215384615384615,0.291666666666667,0.236686390532544
Abcf2,chr5,-,24577466,,-0.974832855941812,6,289,11,321,3,206,0.0203389830508475,0.0366666666666667,0.0143540669856459
Chpf2,chr5,+,24586743,-0.824251672929816,,0,51,3,106,0,95,0,0.0555555555555556,0
Smarcd3,chr5,-,24602001,,1.51423183524,2,129,1,73,3,133,0.0152671755725191,0.00769230769230769,0.0220588235294118
Nub1,chr5,+,24685814,-0.408297980733056,,44,199,52,183,73,181,0.181069958847737,0.207171314741036,0.28740157480315
Wdr86,chr5,-,24730679,3.39903525991,,12,38,11,58,22,61,0.24,0.224489795918367,0.265060240963855
2900005J15Rik,chr5,+,25100974,1.93542884141,2.32962477957,1,322,0,234,0,305,0.00309597523219814,0,0
Galnt11,chr5,+,25222871,0.487423185384,,79,135,81,148,94,176,0.369158878504673,0.375,0.348148148148148
Kmt2c,chr5,-,25498782,,0.89087070305,5,94,0,175,1,167,0.0505050505050505,0,0.00595238095238095
1700096K18Rik,chr5,+,25530017,1.59736080538,,3,150,1,133,2,144,0.0196078431372549,0.00662251655629139,0.0136986301369863
Actr3b,chr5,+,25759972,-2.07164908242885,,29,67,37,90,43,94,0.302083333333333,0.355769230769231,0.313868613138686
Insig1,chr5,+,28071411,-2.59191194816612,0.813465796269,11,50,12,29,10,40,0.180327868852459,0.193548387096774,0.2
Rbm33,chr5,+,28317188,,0.663712691846,0,35,1,38,0,31,0,0.0277777777777778,0
Ube3c,chr5,+,29569241,-0.368956525836393,,15,107,24,143,50,103,0.122950819672131,0.183206106870229,0.326797385620915
Il6,chr5,+,30013113,-5.36736440005579,,22,26,13,50,9,31,0.458333333333333,0.333333333333333,0.225
Tyms,chr5,-,30073624,,-0.901388941493603,37,75,38,58,51,32,0.330357142857143,0.336283185840708,0.614457831325301
Hadhb,chr5,+,30155252,,-0.700308504080105,8,202,9,256,18,180,0.0380952380952381,0.042654028436019,0.0909090909090909
Cenpa,chr5,+,30666885,0.398299163315,-1.52782576333152,11,310,3,84,19,229,0.0342679127725857,0.00958466453674121,0.0766129032258065
Mapre3,chr5,+,30814640,1.10246702501,,61,68,77,56,69,67,0.472868217054264,0.531034482758621,0.507352941176471
Tmem214,chr5,+,30869578,-0.428173774064845,,17,269,34,308,41,221,0.0594405594405594,0.112211221122112,0.156488549618321
Khk,chr5,+,30921558,-0.440028707555375,0.716760258772,73,53,144,34,138,27,0.579365079365079,0.730964467005076,0.836363636363636
Cgref1,chr5,-,30945479,-1.47450011214406,,131,24,115,45,108,27,0.845161290322581,0.827338129496403,0.8
Abhd1,chr5,+,30950065,-0.483648268308686,,94,33,83,29,52,38,0.740157480314961,0.71551724137931,0.577777777777778
Preb,chr5,-,30960326,-0.362032929860599,,79,231,51,193,74,192,0.254838709677419,0.180851063829787,0.278195488721805
Atraid,chr5,+,31048639,-0.532994889351227,,1,129,6,64,1,135,0.00769230769230769,0.0444444444444444,0.00735294117647059
Cad,chr5,+,31054779,,-0.861680216171701,32,110,49,83,52,88,0.225352112676056,0.308176100628931,0.371428571428571
Mpv17,chr5,-,31154250,-0.377405556117225,,13,49,14,15,4,46,0.209677419354839,0.222222222222222,0.08
Eif2b4,chr5,-,31193138,,-0.944149662779279,19,385,38,327,42,177,0.047029702970297,0.0898345153664303,0.191780821917808
Ppm1g,chr5,-,31220544,,-0.883016024849983,25,225,12,254,27,226,0.1,0.0506329113924051,0.106719367588933
Fndc4,chr5,-,31295934,4.25099672461,-1.21434352592906,21,3,32,6,30,5,0.875,0.914285714285714,0.857142857142857
Gckr,chr5,+,31297562,3.31732185962,,173,11,122,11,125,8,0.940217391304348,0.917293233082707,0.93984962406015
Zfp512,chr5,+,31452435,0.508485579454,,2,186,0,91,1,193,0.0106382978723404,0,0.00515463917525773
Fosl2,chr5,+,32136471,0.560024644978,,1,74,0,48,1,93,0.0133333333333333,0,0.0106382978723404
Depdc5,chr5,+,32863720,,-0.81926505514903,36,129,27,106,9,141,0.218181818181818,0.173076923076923,0.06
Spon2,chr5,-,33218237,3.61802110486,,48,4,18,1,40,2,0.923076923076923,0.818181818181818,0.952380952380952
Maea,chr5,+,33335571,-0.380804906337852,,6,2,13,0,12,0,0.75,0.866666666666667,1
Uvssa,chr5,+,33378695,,1.61808919245,13,51,14,53,23,52,0.203125,0.215384615384615,0.306666666666667
Nkx1-1,chr5,-,33434089,5.67093003986,,0,106,1,107,8,118,0,0.00934579439252336,0.0634920634920635
Tacc3,chr5,+,33658127,,-1.0369614462459,1,296,1,259,1,135,0.00336700336700337,0.00336700336700337,0.00735294117647059
Fgfr3,chr5,+,33721723,3.13211454258,,8,43,12,89,6,115,0.156862745098039,0.218181818181818,0.0495867768595041
Letm1,chr5,-,33782716,,-0.660270899686864,39,44,38,53,40,73,0.469879518072289,0.463414634146342,0.353982300884956
Nelfa,chr5,-,33936270,,-0.636184130777288,42,162,28,250,50,149,0.205882352941176,0.147368421052632,0.251256281407035
Gm1673,chr5,+,33983432,3.05602298597,,64,61,90,40,115,50,0.512,0.596026490066225,0.696969696969697
Nat8l,chr5,+,33995983,2.86793434721,-1.07936432115774,4,27,10,39,11,35,0.129032258064516,0.27027027027027,0.239130434782609
Haus3,chr5,-,34169423,,0.905305645181,32,310,28,274,36,386,0.0935672514619883,0.0828402366863906,0.0853080568720379
Fam193a,chr5,+,34369932,0.369798418236,,22,137,22,186,14,70,0.138364779874214,0.138364779874214,0.166666666666667
Tnip2,chr5,-,34513978,-0.62112343249797,1.20965969866,42,165,38,268,35,238,0.202898550724638,0.187192118226601,0.128205128205128
Add1,chr5,+,34573663,0.461453934871,,34,80,33,78,13,80,0.298245614035088,0.292035398230089,0.139784946236559
Mfsd10,chr5,-,34637211,-0.676278527788788,,24,150,28,64,33,138,0.137931034482759,0.157303370786517,0.192982456140351
Grk4,chr5,+,34660378,,2.64531571209,11,98,11,101,7,64,0.100917431192661,0.100917431192661,0.0985915492957746
Htra3,chr5,-,35679779,,2.65345117484,1,39,5,39,7,12,0.025,0.113636363636364,0.368421052631579
Sh3tc1,chr5,-,35739986,1.55305809593,-2.22507954317959,49,87,51,57,40,58,0.360294117647059,0.369565217391304,0.408163265306122
Sorcs2,chr5,-,36398138,5.07437401434,-2.23623189977979,8,95,19,30,18,91,0.0776699029126214,0.166666666666667,0.165137614678899
Grpel1,chr5,+,36465184,,-0.869663556085292,11,200,14,159,22,110,0.052132701421801,0.0654205607476636,0.166666666666667
Tada2b,chr5,-,36484284,-0.740344576112427,-1.01466815330053,68,236,72,397,74,362,0.223684210526316,0.233766233766234,0.169724770642202
Tbc1d14,chr5,-,36586225,-0.468641339907601,,56,12,38,16,36,22,0.823529411764706,0.76,0.620689655172414
Mrfap1,chr5,-,36796753,,-0.576628520407895,162,250,163,226,208,226,0.393203883495146,0.394673123486683,0.47926267281106
Wfs1,chr5,-,36988981,-1.27519650639544,,27,11,18,6,23,17,0.710526315789474,0.620689655172414,0.575
Jakmip1,chr5,+,37050856,0.658835493128,,46,25,32,62,56,21,0.647887323943662,0.56140350877193,0.727272727272727
Crmp1,chr5,+,37242057,4.7714472989,,20,21,11,25,35,11,0.487804878048781,0.34375,0.760869565217391
Nsg1,chr5,-,38159742,,2.35975576791,1,36,12,35,13,47,0.027027027027027,0.25,0.216666666666667
Lyar,chr5,+,38220481,,-0.850026386357191,37,52,32,80,50,91,0.415730337078652,0.380952380952381,0.354609929078014
Slc2a9,chr5,-,38502151,,1.3163473065,15,2,14,0,25,4,0.882352941176471,0.875,0.862068965517241
Zfp518b,chr5,-,38684825,0.79330074653,-0.800422538880321,48,227,53,142,54,126,0.174545454545455,0.189285714285714,0.3
Clnk,chr5,-,38876692,-2.29574697111449,2.52588098952,68,96,46,131,69,145,0.414634146341463,0.323943661971831,0.322429906542056
Hs3st1,chr5,-,39644630,,2.20358314369,0,141,0,101,0,113,0,0,0
Bod1l,chr5,-,41844314,,0.862061477894,20,61,13,56,30,45,0.246913580246914,0.175675675675676,0.4
Cpeb2,chr5,+,43233252,,1.54299351141,1,31,0,22,0,26,0.03125,0,0
C1qtnf7,chr5,+,43515568,6.31491398139,,194,103,221,124,189,110,0.653198653198653,0.682098765432099,0.632107023411371
Cc2d2a,chr5,+,43662378,,1.2994909719,4,14,6,45,0,51,0.222222222222222,0.3,0
Fbxl5,chr5,-,43782148,,0.729838566067,29,48,39,30,46,36,0.376623376623377,0.448275862068966,0.560975609756098
Cd38,chr5,+,43868808,2.66222094587,,86,12,107,18,63,12,0.877551020408163,0.899159663865546,0.84
Prom1,chr5,-,44101735,-1.25531389266249,-3.37724281380845,147,55,205,46,178,24,0.727722772277228,0.788461538461538,0.881188118811881
Ldb2,chr5,-,44799745,4.93424713353,-1.55844849852987,15,16,14,9,17,17,0.483870967741936,0.466666666666667,0.5
Qdpr,chr5,-,45450228,-0.270907940662066,,20,92,21,75,16,109,0.178571428571429,0.185840707964602,0.128
Slit2,chr5,+,47983154,5.75777768253,-0.977821006146153,0,29,0,40,0,47,0,0,0
Ccdc149,chr5,-,52471577,-1.40579968680608,0.851381152378,161,14,158,8,140,10,0.92,0.918604651162791,0.933333333333333
Pi4k2b,chr5,+,52741573,-0.626375874475634,,38,71,4,62,37,70,0.348623853211009,0.0533333333333333,0.345794392523364
Sel1l3,chr5,-,53213451,-2.37148666908894,,1,49,0,21,8,79,0.02,0,0.0919540229885057
Stim2,chr5,+,53998522,0.481697323857,,17,113,11,87,21,69,0.130769230769231,0.0887096774193548,0.233333333333333
Pcdh7,chr5,+,57718080,2.02850467814,,0,44,0,31,1,13,0,0,0.0714285714285714
Arap2,chr5,-,62766176,-2.47305389136179,2.77461589068,71,1,58,7,61,12,0.986111111111111,0.983050847457627,0.835616438356164
0610040J01Rik,chr5,+,63812494,4.53306149393,-2.92055662734572,141,294,80,198,119,162,0.324137931034483,0.213903743315508,0.423487544483986
Rell1,chr5,-,63968896,-0.88651023406291,,50,147,37,160,23,161,0.253807106598985,0.201086956521739,0.125
Pgm2,chr5,+,64092938,-0.788943842390547,,228,112,192,43,193,106,0.670588235294118,0.631578947368421,0.645484949832776
Gm3716,chr5,-,64610698,2.03131558531,,64,66,62,52,62,71,0.492307692307692,0.484375,0.466165413533835
Klf3,chr5,+,64803520,0.935675902458,-0.739097922965995,1,25,2,26,0,11,0.0384615384615385,0.0740740740740741,0
Fam114a1,chr5,+,64970074,-1.14226505355161,,13,23,16,20,8,19,0.361111111111111,0.41025641025641,0.296296296296296
Klhl5,chr5,+,65107567,-1.44094102702755,0.703949830634,29,23,49,25,25,15,0.557692307692308,0.680555555555556,0.625
Smim14,chr5,-,65537148,-0.470443718307365,1.3546761412,188,207,99,168,155,141,0.475949367088608,0.323529411764706,0.523648648648649
N4bp2,chr5,+,65763520,0.789574289004,,28,30,26,34,50,38,0.482758620689655,0.464285714285714,0.568181818181818
Rhoh,chr5,+,65861219,,0.8540677408,9,3,3,1,12,0,0.75,0.5,1
Rbm47,chr5,-,66151953,1.47032016816,,102,87,69,69,74,53,0.53968253968254,0.442307692307692,0.582677165354331
Nsun7,chr5,+,66259897,,9.00946314654,8,23,16,23,19,19,0.258064516129032,0.41025641025641,0.5
Apbb2,chr5,-,66618816,,2.37503298753,42,34,55,42,54,40,0.552631578947369,0.617977528089888,0.574468085106383
Limch1,chr5,+,66745888,6.7186263742,,9,63,0,22,12,70,0.125,0,0.146341463414634
Tmem33,chr5,+,67260564,-0.400871588090876,,41,116,42,108,51,79,0.261146496815287,0.265822784810127,0.392307692307692
Bend4,chr5,-,67427798,-0.840148890208237,,11,3,6,2,12,0,0.785714285714286,0.666666666666667,1
Atp8a1,chr5,-,67847430,,0.977905854791,2,108,2,122,4,104,0.0181818181818182,0.0181818181818182,0.037037037037037
Guf1,chr5,+,69556923,,0.999218699224,26,185,22,132,21,236,0.123222748815166,0.106280193236715,0.0817120622568093
Atp10d,chr5,+,72203328,1.37064145232,,62,111,61,209,72,206,0.358381502890173,0.354651162790698,0.258992805755396
Nfxl1,chr5,-,72559644,-0.763162230229599,,27,173,10,217,36,214,0.135,0.0546448087431694,0.144
Tec,chr5,-,72868447,-1.11629752314843,,17,215,12,162,10,188,0.0732758620689655,0.052863436123348,0.0505050505050505
Slain2,chr5,+,72914361,,0.721690083762,6,69,4,36,7,74,0.08,0.0547945205479452,0.0864197530864198
Ociad2,chr5,-,73338946,-1.03877849802221,,32,0,17,1,22,0,1,1,1
Sgcb,chr5,-,73647736,-0.922999745858802,1.12857200624,39,123,22,146,14,156,0.240740740740741,0.151724137931034,0.0823529411764706
Chic2,chr5,-,75044640,0.501186138355,,15,54,14,74,18,60,0.217391304347826,0.205882352941176,0.230769230769231
Pdgfra,chr5,+,75152250,,-7.3485674113011,2,20,0,37,2,26,0.0909090909090909,0,0.0714285714285714
Kit,chr5,+,75574986,0.680300550103,0.502771573878,4,163,3,180,1,88,0.0239520958083832,0.0180722891566265,0.0112359550561798
Kdr,chr5,-,75978454,2.27545158136,,9,89,20,96,16,63,0.0918367346938776,0.18348623853211,0.20253164556962
Srd5a3,chr5,+,76140272,-0.385730359821622,,59,27,54,47,27,27,0.686046511627907,0.666666666666667,0.5
Clock,chr5,-,76304791,,1.55182694253,2,34,5,52,3,52,0.0555555555555556,0.128205128205128,0.0545454545454545
Exoc1,chr5,+,76529306,-0.291648496035965,,64,26,51,8,70,21,0.711111111111111,0.662337662337662,0.769230769230769
Paics,chr5,+,76951301,,-0.476700265959207,0,103,0,66,0,64,0,0,0
Srp72,chr5,+,76974700,-0.378781945409328,,14,28,7,40,13,33,0.333333333333333,0.2,0.282608695652174
Hopx,chr5,-,77115122,2.05236350495,,419,54,417,58,298,122,0.885835095137421,0.885350318471338,0.70952380952381
Noa1,chr5,-,77310085,,-0.65111933345825,0,233,2,232,5,218,0,0.00851063829787234,0.0224215246636771
Igfbp7,chr5,-,77408044,-1.87860316059006,,145,98,141,74,160,73,0.596707818930041,0.589958158995816,0.686695278969957
Stap1,chr5,+,86071745,-0.746085404547008,1.02042551119,47,19,27,24,43,43,0.712121212121212,0.586956521739131,0.5
Mob1b,chr5,+,88720870,,0.819652965969,8,62,8,112,3,156,0.114285714285714,0.114285714285714,0.0188679245283019
Slc4a4,chr5,+,88887259,3.65079656511,,5,78,0,50,3,57,0.0602409638554217,0,0.05
Gc,chr5,-,89457897,4.86674854078,,81,8,70,9,101,8,0.910112359550562,0.897435897435897,0.926605504587156
Ankrd17,chr5,-,90366184,-0.369915689370978,,0,50,0,58,0,53,0,0,0
Alb,chr5,+,90460869,9.27581399974,-10.011136063128,158,15,154,4,153,6,0.913294797687861,0.911242603550296,0.962264150943396
Afm,chr5,+,90518948,5.23435801897,,130,4,130,6,146,4,0.970149253731343,0.970149253731343,0.973333333333333
Rassf6,chr5,-,90640526,-1.91854883932006,4.3096597399,103,28,87,42,100,20,0.786259541984733,0.756521739130435,0.833333333333333
Ppbp,chr5,+,90768517,,2.46008405581,98,84,130,46,164,43,0.538461538461538,0.607476635514019,0.792270531400966
Pf4,chr5,+,90772434,,2.84273649123,14,32,8,50,18,60,0.304347826086957,0.2,0.230769230769231
Cxcl2,chr5,+,90903898,-5.59953969527302,,134,39,129,16,141,36,0.774566473988439,0.767857142857143,0.796610169491525
Btc,chr5,-,91402993,,2.44061932414,66,26,52,28,70,31,0.717391304347826,0.666666666666667,0.693069306930693
Parm1,chr5,+,91517699,2.17402644675,,15,43,16,33,19,37,0.258620689655172,0.271186440677966,0.339285714285714
Naaa,chr5,-,92278180,-2.03404587751317,,201,72,164,90,211,97,0.736263736263736,0.694915254237288,0.685064935064935
Cxcl10,chr5,-,92348888,-2.11558735153347,,224,156,260,123,192,149,0.589473684210526,0.625,0.563049853372434
Scarb2,chr5,-,92505656,-0.342556426422375,,15,78,8,64,4,12,0.161290322580645,0.0930232558139535,0.25
Ccdc158,chr5,-,92675270,0.796874955713,,29,26,44,47,36,55,0.527272727272727,0.628571428571429,0.395604395604396
Cnot6l,chr5,-,96161989,,0.698036467939,0,10,0,11,0,14,0,0,0
Fras1,chr5,+,96373954,5.76057620647,,14,54,11,42,13,25,0.205882352941176,0.169230769230769,0.342105263157895
Anxa3,chr5,+,96793384,,-2.35132343953173,43,144,32,155,44,147,0.229946524064171,0.181818181818182,0.230366492146597
Bmp2k,chr5,+,96997688,-0.660537282101575,,53,203,29,220,35,190,0.20703125,0.125,0.155555555555556
Rasgef1b,chr5,-,99252926,-1.26680250007515,,36,150,37,128,47,133,0.193548387096774,0.197860962566845,0.261111111111111
Enoph1,chr5,+,100039993,,-0.7365358285953,11,71,14,50,6,38,0.134146341463415,0.164705882352941,0.136363636363636
Tmem150c,chr5,-,100159574,,7.05172604356,7,1,28,1,22,6,0.875,0.96551724137931,0.785714285714286
Sec31a,chr5,-,100416233,-0.381671008658588,,19,109,13,94,16,154,0.1484375,0.10655737704918,0.0941176470588235
Hpse,chr5,-,100719715,-1.97113143846601,,48,76,71,82,51,108,0.387096774193548,0.482993197278912,0.320754716981132
Wdfy3,chr5,-,102069920,0.477089453206,,6,81,11,87,5,49,0.0689655172413793,0.119565217391304,0.0925925925925926
Ptpn13,chr5,+,103425191,2.63475084765,,7,46,4,30,7,40,0.132075471698113,0.08,0.148936170212766
Nudt9,chr5,+,104046863,,-0.847343172432053,130,170,106,85,139,179,0.433333333333333,0.384057971014493,0.437106918238994
Spp1,chr5,+,104435110,-2.06204851076544,,41,59,10,66,43,78,0.41,0.144927536231884,0.355371900826446
Pkd2,chr5,+,104459456,-0.632323837130966,1.62990129589,45,3,59,4,58,0,0.9375,0.951612903225806,1
Zfp951,chr5,-,104860067,-1.13853568048686,,62,96,123,91,63,56,0.392405063291139,0.561643835616438,0.529411764705882
Abcg3,chr5,-,104982716,3.44853864412,1.11292690267,126,11,70,29,105,39,0.91970802919708,0.864197530864198,0.729166666666667
Gbp8,chr5,-,105053560,,3.13194200905,54,2,43,2,38,10,0.964285714285714,0.955555555555556,0.791666666666667
Gbp9,chr5,-,105110291,2.80312496064,2.61789323682,9,15,0,17,5,12,0.375,0,0.294117647058824
Gbp10,chr5,-,105239532,,5.23842770242,31,7,33,16,35,13,0.81578947368421,0.825,0.729166666666667
Gbp6,chr5,-,105293698,,3.94018294038,45,7,31,16,20,22,0.865384615384615,0.81578947368421,0.476190476190476
Gbp11,chr5,-,105346475,,8.54212752346,10,1,7,1,13,1,0.909090909090909,0.875,0.928571428571429
Hfm1,chr5,-,106925889,2.57734260793,,175,71,202,23,157,34,0.711382113821138,0.73992673992674,0.821989528795812
Tgfbr3,chr5,-,107289628,0.628116324608,,21,27,53,21,39,1,0.4375,0.6625,0.975
Gfi1,chr5,-,107725804,,-2.90557234577174,0,98,1,152,1,114,0,0.0101010101010101,0.00869565217391304
Tmed5,chr5,-,108132619,-0.750964561166342,,3,472,4,341,7,414,0.00631578947368421,0.00840336134453782,0.0166270783847981
Dr1,chr5,+,108268896,-0.295234054657508,,128,84,129,49,91,56,0.60377358490566,0.605633802816901,0.619047619047619
Atp5k,chr5,-,108434398,-0.497113870543033,,18,73,33,94,35,96,0.197802197802198,0.311320754716981,0.267175572519084
Mfsd7a,chr5,-,108449099,-2.10232846656826,3.32244937888,60,9,48,8,38,12,0.869565217391304,0.842105263157895,0.76
Gak,chr5,-,108629776,-0.382911668298629,,0,110,6,96,0,90,0,0.0517241379310345,0
Slc26a1,chr5,-,108675364,2.89853899298,-3.76494113393209,107,3,81,3,93,1,0.972727272727273,0.964285714285714,0.98936170212766
Fgfrl1,chr5,+,108694228,-0.640972702450229,,8,26,6,16,2,17,0.235294117647059,0.1875,0.105263157894737
Crlf2,chr5,-,109558992,,0.864364414683,36,37,58,42,40,47,0.493150684931507,0.610526315789474,0.459770114942529
Zfp932,chr5,+,109996509,,1.48207866326,35,0,0,0,36,0,1,,1
Chfr,chr5,+,110135829,,-0.588044067886454,123,63,100,79,108,42,0.661290322580645,0.613496932515337,0.72
Pgam5,chr5,-,110269898,,-0.933281254123888,14,128,20,81,10,79,0.0985915492957746,0.135135135135135,0.112359550561798
Pxmp2,chr5,-,110286167,,-2.12317199870019,4,62,0,58,0,66,0.0606060606060606,0,0
P2rx2,chr5,-,110343148,3.81811195575,-7.8528447630461,71,25,47,15,95,14,0.739583333333333,0.652777777777778,0.871559633027523
Noc4l,chr5,-,110653381,,-0.974573167465639,28,414,16,351,16,453,0.0633484162895928,0.0372093023255814,0.0341151385927505
Pus1,chr5,-,110780614,,-0.674840942744113,20,133,25,144,24,132,0.130718954248366,0.158227848101266,0.153846153846154
Ulk1,chr5,-,110810080,0.447781576919,,26,10,20,13,31,12,0.722222222222222,0.666666666666667,0.72093023255814
Ttc28,chr5,+,110879802,1.16710796339,,88,41,72,40,57,23,0.682170542635659,0.63716814159292,0.7125
Pitpnb,chr5,+,111330696,-0.492588323638324,,80,134,61,108,42,107,0.373831775700935,0.312820512820513,0.281879194630873
Mn1,chr5,+,111417299,1.17928006957,,0,62,0,72,0,0,0,0,
Miat,chr5,-,112228947,3.80151412179,,31,26,24,25,29,24,0.543859649122807,0.48,0.547169811320755
Crybb1,chr5,+,112255819,4.80558262647,,66,4,62,4,71,6,0.942857142857143,0.939393939393939,0.922077922077922
Sez6l,chr5,-,112577197,5.35926935518,,2,59,3,102,6,113,0.0327868852459016,0.0483870967741936,0.0504201680672269
Sgsm1,chr5,-,113310785,2.63801839146,,40,41,19,69,10,34,0.493827160493827,0.316666666666667,0.227272727272727
Cmklr1,chr5,-,113650389,-2.36605386199662,,78,93,78,57,55,24,0.456140350877193,0.456140350877193,0.69620253164557
Sart3,chr5,-,113772399,,-0.620148754651005,0,232,0,244,2,142,0,0,0.0138888888888889
Tmem119,chr5,-,113800395,,-2.2367954559727,24,2,25,1,19,2,0.923076923076923,0.925925925925926,0.904761904761905
Selplg,chr5,-,113830500,-0.672487953263924,,0,21,0,10,0,9,0,0,0
Ung,chr5,+,114130434,0.591313645014,,50,118,37,114,43,10,0.297619047619048,0.238709677419355,0.811320754716981
Acacb,chr5,+,114165517,,1.3516149366,165,16,145,18,113,12,0.911602209944751,0.900621118012422,0.904
Mmab,chr5,-,114444026,-0.480796553971272,,77,66,65,55,60,21,0.538461538461538,0.49618320610687,0.740740740740741
Mvk,chr5,+,114444268,-1.53485357950846,,55,62,53,52,31,17,0.47008547008547,0.460869565217391,0.645833333333333
Tchp,chr5,+,114707778,0.434988729877,,40,97,35,97,22,108,0.291970802919708,0.265151515151515,0.169230769230769
4930515G01Rik,chr5,-,114774982,1.85891985308,,1,152,2,224,2,136,0.0065359477124183,0.012987012987013,0.0144927536231884
2610524H06Rik,chr5,-,114823467,,-0.771695466474746,146,93,126,120,142,142,0.610878661087866,0.575342465753425,0.5
Oasl2,chr5,+,114896933,,1.60187636936,100,38,54,54,55,73,0.72463768115942,0.586956521739131,0.4296875
Mlec,chr5,-,115158175,-1.25265019118131,0.563084887668,0,134,0,120,0,96,0,0,0
Pop5,chr5,+,115235850,-0.402602297794852,,321,114,291,99,318,126,0.737931034482759,0.718518518518519,0.716216216216216
Coq5,chr5,+,115279701,,-0.744555118468875,16,14,11,15,6,13,0.533333333333333,0.44,0.315789473684211
Dynll1,chr5,-,115300989,0.389355968215,-1.48222448308964,6,124,13,177,8,148,0.0461538461538462,0.0948905109489051,0.0512820512820513
Srsf9,chr5,+,115327176,,-0.724064153927125,1,48,0,33,0,50,0.0204081632653061,0,0
Cox6a1,chr5,-,115348957,,-0.782753198787351,27,186,20,140,45,226,0.126760563380282,0.0970873786407767,0.166051660516605
1110006O24Rik,chr5,-,115631815,1.10339341064,,38,78,18,44,15,74,0.327586206896552,0.1875,0.168539325842697
Cit,chr5,+,115845655,,-0.974930936677385,148,77,72,174,136,175,0.657777777777778,0.483221476510067,0.437299035369775
Prkab1,chr5,-,116024427,0.457066133155,-1.35439946658004,23,138,24,138,22,123,0.142857142857143,0.148148148148148,0.151724137931034
Ccdc60,chr5,-,116288984,2.86114387622,,68,189,94,232,71,243,0.264591439688716,0.332155477031802,0.226114649681529
Hspb8,chr5,-,116422863,,4.01386931739,6,7,4,6,12,7,0.461538461538462,0.363636363636364,0.631578947368421
Suds3,chr5,-,117115992,,-0.738918307076331,32,162,24,220,26,276,0.164948453608247,0.129032258064516,0.0860927152317881
Wsb2,chr5,+,117357304,-0.588443019428656,,2,55,7,25,1,62,0.0350877192982456,0.112903225806452,0.0158730158730159
Ksr2,chr5,+,117414001,1.84148354135,,56,59,102,49,68,24,0.486956521739131,0.633540372670808,0.739130434782609
Fbxw8,chr5,-,118155457,,-0.618428396099272,77,6,70,4,71,2,0.927710843373494,0.921052631578947,0.972602739726027
Rbm19,chr5,+,120116512,,-1.06935606792558,36,135,65,81,38,99,0.210526315789474,0.325,0.277372262773723
Gm10390,chr5,-,120139262,,-1.49044846964187,117,5,139,1,108,3,0.959016393442623,0.965277777777778,0.972972972972973
Sdsl,chr5,-,120472824,-4.80119544744467,6.39700433496,46,8,39,3,51,5,0.851851851851852,0.829787234042553,0.910714285714286
Plbd2,chr5,-,120503622,-0.562188817445528,,16,18,11,13,9,30,0.470588235294118,0.379310344827586,0.230769230769231
Iqcd,chr5,+,120589022,1.71100471903,,205,15,127,14,175,10,0.931818181818182,0.894366197183099,0.945945945945946
Ddx54,chr5,+,120613129,,-0.592633623806361,21,90,13,79,15,91,0.189189189189189,0.12621359223301,0.141509433962264
Oas3,chr5,-,120777658,-0.947817486628934,2.1812736005,98,19,71,26,65,9,0.837606837606838,0.788888888888889,0.878378378378378
Oas1b,chr5,+,120812634,,1.56163812229,45,32,25,34,18,30,0.584415584415584,0.43859649122807,0.375
Trafd1,chr5,-,121385614,,0.864621972075,3,90,1,78,1,117,0.032258064516129,0.010989010989011,0.00847457627118644
Erp29,chr5,-,121452473,,-1.048358075978,5,141,2,154,3,120,0.0342465753424658,0.013986013986014,0.024390243902439
Aldh2,chr5,-,121593823,,0.712085555887,22,48,13,74,15,77,0.314285714285714,0.213114754098361,0.16304347826087
Sh2b3,chr5,-,121836858,0.86361166181,-1.04505341740032,0,126,1,83,0,77,0,0.0078740157480315,0
Hvcn1,chr5,+,122209728,-2.61118102768533,1.29173804884,51,4,47,7,32,4,0.927272727272727,0.92156862745098,0.888888888888889
Tctn1,chr5,-,122264459,-1.49341054331329,1.29829451812,17,74,13,73,14,86,0.186813186813187,0.149425287356322,0.14
Vps29,chr5,+,122354327,-0.559926621209084,,80,98,60,58,55,55,0.449438202247191,0.379746835443038,0.5
Gpn3,chr5,+,122372507,,-0.714959623124026,29,68,28,75,33,77,0.298969072164948,0.291666666666667,0.3
Arpc3,chr5,+,122391877,-0.286671115723667,,70,189,67,157,70,222,0.27027027027027,0.26171875,0.23972602739726
Ift81,chr5,-,122614543,1.59874990294,,113,82,128,107,143,67,0.57948717948718,0.60952380952381,0.680952380952381
P2rx7,chr5,+,122643926,3.6506584531,,34,62,41,46,48,52,0.354166666666667,0.398058252427184,0.48
Camkk2,chr5,-,122779409,-1.32421604584361,,45,215,20,156,27,163,0.173076923076923,0.0851063829787234,0.142105263157895
Orai1,chr5,+,123015073,,-0.737688984108249,85,37,102,50,101,78,0.69672131147541,0.733812949640288,0.564245810055866
Morn3,chr5,-,123047015,2.15332958111,,300,30,259,9,282,12,0.909090909090909,0.896193771626298,0.959183673469388
Rhof,chr5,-,123132628,-1.32626273977428,1.4549707248,10,67,3,12,4,46,0.12987012987013,0.0428571428571429,0.08
Psmd9,chr5,+,123228189,,-0.935425330366559,77,158,69,108,84,177,0.327659574468085,0.303964757709251,0.32183908045977
Rsrc2,chr5,-,123749413,,0.754601052642,0,135,0,163,4,195,0,0,0.0201005025125628
Ccdc62,chr5,+,123930688,0.95412382308,,184,73,135,73,210,80,0.715953307392996,0.649038461538462,0.724137931034483
Hip1r,chr5,+,123973627,,0.837664646671,66,48,71,40,69,53,0.578947368421053,0.596638655462185,0.565573770491803
Vps37b,chr5,-,124032259,-0.510309016909563,,14,40,29,61,20,79,0.259259259259259,0.420289855072464,0.202020202020202
Pitpnm2,chr5,-,124249759,0.971291838889,-0.5237945903618,0,19,0,35,0,40,0,0,0
2810006K23Rik,chr5,+,124328088,0.482532270135,,15,235,18,205,7,151,0.06,0.0711462450592885,0.0443037974683544
Snrnp35,chr5,+,124483154,0.712563341196,-1.08284609536033,44,353,21,375,38,251,0.110831234256927,0.0561497326203209,0.131487889273356
Rilpl1,chr5,-,124531390,,1.05964430511,52,24,37,27,31,19,0.68421052631579,0.60655737704918,0.62
Tmed2,chr5,+,124540790,-0.440870861313176,,5,15,16,31,17,27,0.25,0.516129032258065,0.386363636363636
Eif2b1,chr5,-,124579130,,-0.929563423583932,13,71,13,46,16,52,0.154761904761905,0.154761904761905,0.235294117647059
Gtf2h3,chr5,+,124579147,0.589610518014,-0.670395035627619,13,71,13,46,16,52,0.154761904761905,0.154761904761905,0.235294117647059
Tctn2,chr5,+,124598748,1.4629498275,-1.03065438093574,241,101,220,59,238,61,0.7046783625731,0.685358255451713,0.795986622073579
Scarb1,chr5,-,125341093,-0.702572914656949,-1.18390522252584,23,180,26,135,18,184,0.113300492610837,0.12621359223301,0.0891089108910891
Ubc,chr5,-,125390016,-0.628219038782106,,43,140,25,101,33,176,0.234972677595628,0.151515151515152,0.157894736842105
Dhx37,chr5,-,125434047,,-0.62369213242938,7,196,12,169,10,199,0.0344827586206897,0.0576923076923077,0.0478468899521531
Aacs,chr5,+,125475872,-2.16841271598088,,109,230,144,232,130,187,0.321533923303835,0.385026737967914,0.410094637223975
Stx2,chr5,-,129008571,0.657888460253,-1.49084579948442,64,17,40,17,82,32,0.790123456790123,0.701754385964912,0.719298245614035
Ran,chr5,+,129020155,,-0.934042161553265,43,9,40,19,33,26,0.826923076923077,0.816326530612245,0.559322033898305
Mmp17,chr5,+,129584168,1.99819136781,,0,11,1,31,0,32,0,0.0833333333333333,0
Psph,chr5,-,129787252,,-0.829710530133792,84,289,46,350,87,451,0.225201072386059,0.137313432835821,0.161710037174721
Cct6a,chr5,+,129787355,,-0.722200975777851,51,296,40,360,68,458,0.146974063400576,0.119047619047619,0.129277566539924
Sumf2,chr5,+,129846989,,-0.967782625419702,183,126,113,115,162,117,0.592233009708738,0.472803347280335,0.580645161290323
Chchd2,chr5,-,129887469,,-0.828999643165765,127,197,145,156,143,179,0.391975308641975,0.423976608187134,0.444099378881988
Gusb,chr5,-,130003048,-0.591949897035738,-0.764922577592525,19,101,24,197,23,227,0.158333333333333,0.192,0.092
Asl,chr5,-,130024380,-0.531460059853403,,118,129,105,141,90,132,0.477732793522267,0.448717948717949,0.405405405405405
Ncf1,chr5,-,134229624,,-1.31575902799266,60,5,63,2,48,3,0.923076923076923,0.926470588235294,0.941176470588235
Clip2,chr5,-,134552433,-0.818548450026074,0.706022676239,11,173,29,119,20,87,0.0597826086956522,0.143564356435644,0.186915887850467
Rfc2,chr5,+,134582689,-0.541388859492795,,98,57,93,42,65,23,0.632258064516129,0.62,0.738636363636364
Lat2,chr5,-,134615024,-3.13733399596852,1.66640509113,56,19,80,28,81,15,0.746666666666667,0.808080808080808,0.84375
Eif4h,chr5,-,134639408,,-0.720609836522663,33,98,35,92,35,67,0.251908396946565,0.263157894736842,0.343137254901961
Limk1,chr5,-,134688589,-0.542222138950152,0.67847292686,1,43,1,36,0,38,0.0227272727272727,0.0227272727272727,0
Cldn13,chr5,-,134915529,10.1011843649,-4.25334131066946,296,11,258,13,226,16,0.964169381107492,0.95910780669145,0.933884297520661
Cldn4,chr5,-,134946933,3.31427544739,,126,46,165,15,162,6,0.732558139534884,0.781990521327014,0.964285714285714
Abhd11,chr5,+,135009151,0.410399274387,,3,43,4,27,6,62,0.0652173913043478,0.0851063829787234,0.0882352941176471
Stx1a,chr5,+,135023481,3.44780975252,,76,12,62,7,124,10,0.863636363636364,0.837837837837838,0.925373134328358
Tbl2,chr5,+,135149685,-0.594665420823295,,19,172,7,137,12,104,0.0994764397905759,0.0391061452513967,0.103448275862069
Fzd9,chr5,-,135251046,2.51025556865,,33,194,16,153,26,203,0.145374449339207,0.0761904761904762,0.11353711790393
Pom121,chr5,-,135394545,,-0.836664352957864,114,118,93,135,91,119,0.491379310344828,0.440758293838863,0.433333333333333
Hip1,chr5,-,135545121,-0.889188658680385,,10,107,15,143,8,90,0.0854700854700855,0.122950819672131,0.0816326530612245
Ccl24,chr5,-,135573048,,-10.5127538999213,53,4,44,2,51,6,0.929824561403509,0.916666666666667,0.894736842105263
Rhbdd2,chr5,+,135632653,,0.80904523639,77,29,74,31,68,31,0.726415094339623,0.718446601941748,0.686868686868687
Por,chr5,+,135689144,-0.514975975020642,,14,201,13,225,23,129,0.0651162790697674,0.0607476635514019,0.151315789473684
Tmem120a,chr5,-,135744171,-1.20578343955663,,29,127,39,161,29,118,0.185897435897436,0.234939759036145,0.197278911564626
Mdh2,chr5,+,135778648,,-0.901758961281769,9,99,7,42,10,80,0.0833333333333333,0.0660377358490566,0.111111111111111
Hspb1,chr5,+,135887918,,7.23012262029,32,47,26,22,14,55,0.405063291139241,0.356164383561644,0.202898550724638
Ywhag,chr5,-,135934640,,-0.808791649931858,45,36,34,14,38,26,0.555555555555556,0.485714285714286,0.59375
Dtx2,chr5,+,135994799,1.11756179504,-1.27394797734122,99,75,102,64,129,110,0.568965517241379,0.576271186440678,0.539748953974895
Rasa4,chr5,+,136083915,-0.658606052088023,1.26664296334,58,75,44,58,50,83,0.43609022556391,0.369747899159664,0.37593984962406
Polr2j,chr5,+,136116690,,-0.814348998056254,43,261,26,264,34,190,0.141447368421053,0.0905923344947735,0.151785714285714
Lrwd1,chr5,-,136136073,,-0.973230815507502,11,43,18,59,18,73,0.203703703703704,0.295081967213115,0.197802197802198
Alkbh4,chr5,+,136136144,0.448963081704,,11,43,18,59,18,73,0.203703703703704,0.295081967213115,0.197802197802198
Orai2,chr5,-,136170655,0.509994195855,,14,164,16,199,5,150,0.0786516853932584,0.0888888888888889,0.032258064516129
Myl10,chr5,+,136693145,-4.10767637394961,5.80643551353,101,8,58,20,57,33,0.926605504587156,0.878787878787879,0.633333333333333
Plod3,chr5,+,136987018,,-0.656686541232065,9,204,9,155,12,133,0.0422535211267606,0.0422535211267606,0.0827586206896552
Znhit1,chr5,-,136987958,,-0.898857151207701,26,55,37,50,38,40,0.320987654320988,0.402173913043478,0.487179487179487
Ap1s1,chr5,-,137046107,,-0.709451572190107,9,44,7,44,11,33,0.169811320754717,0.137254901960784,0.25
Trim56,chr5,-,137116206,,1.23044026589,80,85,96,106,65,118,0.484848484848485,0.530386740331492,0.355191256830601
Ache,chr5,+,137288253,1.24948558844,2.72975090142,3,118,6,102,9,74,0.0247933884297521,0.0483870967741936,0.108433734939759
Ufsp1,chr5,+,137294668,,1.92320143608,106,121,84,111,58,72,0.466960352422908,0.409756097560976,0.446153846153846
Ephb4,chr5,+,137350108,1.68566562768,,4,100,3,103,7,121,0.0384615384615385,0.029126213592233,0.0546875
Zan,chr5,-,137477063,2.62799532085,,82,11,70,5,102,2,0.881720430107527,0.864197530864198,0.980769230769231
Tfr2,chr5,+,137569839,0.518943358034,0.753428045275,13,24,20,17,9,27,0.351351351351351,0.454545454545455,0.25
Pcolce,chr5,-,137611403,1.252611952,,185,13,173,21,196,25,0.934343434343434,0.93010752688172,0.886877828054299
Fbxo24,chr5,-,137625077,,1.83390714813,70,2,60,3,109,2,0.972222222222222,0.967741935483871,0.981981981981982
Gm20605,chr5,+,137629122,0.492871379542,,2,94,0,133,0,135,0.0208333333333333,0,0
Sap25,chr5,+,137641472,0.545326438857,1.12336493021,136,20,191,19,179,15,0.871794871794872,0.90521327014218,0.922680412371134
Zcwpw1,chr5,+,137787330,0.903671414757,,45,212,56,304,47,272,0.175097276264591,0.208955223880597,0.147335423197492
Zkscan1,chr5,+,138085083,0.378436411573,,9,25,5,32,10,36,0.264705882352941,0.166666666666667,0.217391304347826
Cops6,chr5,+,138161101,,-0.790041997547904,46,226,42,299,64,373,0.169117647058824,0.156716417910448,0.146453089244851
Mcm7,chr5,-,138171882,,-0.658938170331612,81,115,47,116,45,110,0.413265306122449,0.290123456790123,0.290322580645161
Nxpe5,chr5,+,138225903,,1.9392577073,12,28,0,39,0,67,0.3,0,0
Lamtor4,chr5,+,138255481,-0.675477370845809,,49,19,21,9,22,30,0.720588235294118,0.525,0.423076923076923
Stag3,chr5,+,138280508,0.577271561113,,100,426,154,359,114,331,0.190114068441065,0.26551724137931,0.256179775280899
Zfp157,chr5,+,138441475,,0.948516786282,15,46,33,51,35,53,0.245901639344262,0.417721518987342,0.397727272727273
Zfp68,chr5,-,138619742,,1.186995942,26,85,24,49,29,76,0.234234234234234,0.220183486238532,0.276190476190476
Fam20c,chr5,+,138755080,,3.02050135967,0,9,3,5,0,11,0,0.25,0
Get4,chr5,+,139252323,,-1.07721189478146,1,12,0,0,0,15,0.0769230769230769,0,0
Gpr146,chr5,+,139377696,-0.846376586805669,1.02643108343,27,67,21,26,21,77,0.287234042553192,0.238636363636364,0.214285714285714
C130050O18Rik,chr5,+,139405283,1.04273189996,,4,9,6,8,8,4,0.307692307692308,0.4,0.666666666666667
3110082I17Rik,chr5,-,139460533,,-1.07811718983743,30,91,20,101,16,47,0.247933884297521,0.18018018018018,0.253968253968254
Tmem184a,chr5,-,139814282,,-7.74752142497688,124,48,94,44,123,50,0.72093023255814,0.661971830985916,0.710982658959538
Psmg3,chr5,-,139826893,,-1.11345456948681,106,228,99,212,63,224,0.317365269461078,0.302752293577982,0.219512195121951
Mad1l1,chr5,-,140321551,-1.56795574882213,-0.795048327511572,12,348,10,282,4,197,0.0333333333333333,0.0279329608938548,0.0199004975124378
Snx8,chr5,-,140389307,-0.52534679312872,-0.841198589530273,9,63,7,49,10,30,0.125,0.1,0.25
Eif3b,chr5,+,140419304,,-0.78516714851888,3,574,1,442,1,549,0.00519930675909879,0.00173913043478261,0.00181818181818182
Grifin,chr5,-,140565066,4.67608054959,,21,13,33,8,12,3,0.617647058823529,0.717391304347826,0.8
Lfng,chr5,+,140607340,,-0.749299922105235,5,384,5,339,22,239,0.012853470437018,0.012853470437018,0.0842911877394636
Gna12,chr5,-,140830430,0.599501635604,-0.656434299405317,12,99,10,33,17,90,0.108108108108108,0.091743119266055,0.158878504672897
Card11,chr5,-,141000595,1.57974962399,,38,33,65,27,74,14,0.535211267605634,0.663265306122449,0.840909090909091
Rbak,chr5,-,143180774,,0.900925796,224,65,242,55,246,70,0.775086505190311,0.788273615635179,0.778481012658228
Zfp316,chr5,-,143270021,,0.995628962698,7,80,10,44,1,55,0.0804597701149425,0.111111111111111,0.0178571428571429
E130309D02Rik,chr5,-,143315359,,-0.795739374974683,32,299,30,232,35,121,0.0966767371601208,0.0911854103343465,0.224358974358974
Kdelr2,chr5,+,143403819,,-0.698681217932997,21,141,22,216,11,189,0.12962962962963,0.134969325153374,0.055
Daglb,chr5,+,143464492,0.900786710062,,106,253,63,232,101,93,0.295264623955432,0.199367088607595,0.520618556701031
Cyth3,chr5,+,143622446,1.11996553689,-1.36578427769172,82,162,56,113,85,165,0.336065573770492,0.256880733944954,0.34
D130017N08Rik,chr5,+,143758353,0.764687648557,,26,43,29,45,14,33,0.376811594202899,0.402777777777778,0.297872340425532
Eif2ak1,chr5,+,143871861,,-0.733334769294152,172,12,162,2,121,4,0.934782608695652,0.931034482758621,0.968
Aimp2,chr5,-,143909838,0.450532311191,-0.879483793748546,13,17,0,12,5,19,0.433333333333333,0,0.208333333333333
Bhlha15,chr5,+,144190285,-2.342882533644,,138,11,95,9,72,8,0.926174496644295,0.89622641509434,0.9
Tecpr1,chr5,-,144223614,,0.987922024327,59,167,44,165,68,185,0.261061946902655,0.208530805687204,0.268774703557312
Gm15708,chr5,+,144277060,1.41343538297,,48,73,69,90,67,108,0.396694214876033,0.485915492957747,0.382857142857143
Baiap2l1,chr5,-,144358111,3.90088596184,,23,117,33,127,29,74,0.164285714285714,0.22,0.281553398058252
Arpc1b,chr5,+,145114255,-0.40852844762531,,3,5,0,13,2,11,0.375,0,0.153846153846154
Pdap1,chr5,-,145140024,,-0.919383436015776,10,376,12,372,14,447,0.0259067357512953,0.0309278350515464,0.0303687635574837
Bud31,chr5,+,145140375,,-0.832839998293793,28,296,42,321,42,366,0.0864197530864198,0.124260355029586,0.102941176470588
Cpsf4,chr5,+,145167212,,-0.62615588501391,24,213,15,144,24,220,0.10126582278481,0.0657894736842105,0.0983606557377049
Atp5j2,chr5,-,145191540,,-0.669845406527317,54,86,64,46,76,88,0.385714285714286,0.426666666666667,0.463414634146342
Rnf6,chr5,-,146221456,-0.354099707624812,0.971324246168,23,43,26,36,19,14,0.348484848484849,0.376811594202899,0.575757575757576
Cdk8,chr5,+,146231249,,-0.637158094716562,3,94,3,76,4,86,0.0309278350515464,0.0309278350515464,0.0444444444444444
Rpl21,chr5,+,146832889,-0.98917612572584,,125,84,45,90,103,92,0.598086124401914,0.348837209302326,0.528205128205128
Gtf3a,chr5,+,146948656,-0.419309647869486,,67,100,43,130,63,137,0.401197604790419,0.300699300699301,0.315
Mtif3,chr5,-,146963854,-0.481206392973465,,97,82,89,26,70,84,0.541899441340782,0.52046783625731,0.454545454545455
Polr1d,chr5,+,147077345,-0.487014509759807,-0.678580536778834,0,12,0,0,0,14,0,0,0
Cdx2,chr5,-,147307248,6.95708386586,,15,399,17,437,8,58,0.036231884057971,0.0408653846153846,0.121212121212121
Urad,chr5,-,147322439,7.07610484691,,225,15,165,18,244,21,0.9375,0.916666666666667,0.920754716981132
Flt3,chr5,-,147400488,1.57054873896,-0.834112414807556,31,88,29,91,31,80,0.260504201680672,0.247863247863248,0.279279279279279
Pan3,chr5,+,147430155,0.611545652781,,8,60,5,61,7,50,0.117647058823529,0.0769230769230769,0.12280701754386
Flt1,chr5,-,147726010,2.25419317901,,1,114,3,65,8,158,0.00869565217391304,0.0256410256410256,0.0481927710843374
Mtus2,chr5,+,147957319,,1.83524952305,8,252,11,221,4,143,0.0307692307692308,0.0418250950570342,0.0272108843537415
Slc7a1,chr5,-,148399903,,-0.807330215296811,0,17,0,20,0,15,0,0,0
Ubl3,chr5,-,148552787,0.466624017554,,50,191,48,168,82,177,0.20746887966805,0.200836820083682,0.316602316602317
Katnal1,chr5,-,148928646,0.518515284463,,44,127,51,78,47,89,0.257309941520468,0.286516853932584,0.345588235294118
Gm15408,chr5,+,149006961,,3.98665174013,57,60,34,70,35,70,0.487179487179487,0.361702127659575,0.333333333333333
Medag,chr5,+,149411748,6.17100208071,,84,4,53,6,42,5,0.954545454545455,0.929824561403509,0.893617021276596
Tex26,chr5,+,149439659,4.3789112093,,101,4,95,2,107,5,0.961904761904762,0.95959595959596,0.955357142857143
Hsph1,chr5,-,149636335,,-1.27013861681617,7,275,7,321,18,234,0.024822695035461,0.024822695035461,0.0714285714285714
B3glct,chr5,+,149678229,0.483947262523,,46,143,11,152,48,141,0.243386243386243,0.0714285714285714,0.253968253968254
Rxfp2,chr5,+,150018674,4.33394858127,,295,23,278,16,359,20,0.927672955974843,0.92358803986711,0.947229551451187
Fry,chr5,+,150259929,-0.529582981748419,0.788937416785,38,19,20,20,53,16,0.666666666666667,0.512820512820513,0.768115942028986
N4bp2l1,chr5,-,150594524,0.734264911144,,10,14,38,24,16,38,0.416666666666667,0.730769230769231,0.296296296296296
Stard13,chr5,-,151190192,1.65447230756,,79,95,59,75,37,120,0.454022988505747,0.383116883116883,0.235668789808917
Rfc3,chr5,-,151651207,,-0.686513593595297,64,166,53,157,62,109,0.278260869565217,0.242009132420091,0.362573099415205
Samd9l,chr6,-,3399570,-0.922578821596079,2.56164306802,12,42,7,29,15,37,0.222222222222222,0.142857142857143,0.288461538461538
Gng11,chr6,+,4003986,1.08929848454,0.778160111119,16,25,16,34,9,37,0.390243902439024,0.390243902439024,0.195652173913043
Col1a2,chr6,+,4505617,1.26638098494,1.99000139546,48,55,86,32,62,50,0.466019417475728,0.609929078014184,0.553571428571429
Casd1,chr6,+,4600910,,0.674540527631,103,40,49,34,76,68,0.72027972027972,0.550561797752809,0.527777777777778
Peg10,chr6,+,4747305,1.01254497841,-1.41051681486908,603,386,431,367,395,410,0.609706774519717,0.527539779681763,0.490683229813665
Ppp1r9a,chr6,+,4902974,,1.19383713442,80,81,63,83,49,53,0.496894409937888,0.4375,0.480392156862745
Pon3,chr6,-,5256232,-1.0673463982519,1.23033153221,23,1,34,23,35,19,0.958333333333333,0.971428571428571,0.648148148148148
Asb4,chr6,+,5383385,1.94425853502,,61,232,72,189,57,216,0.208191126279863,0.236842105263158,0.208791208791209
Pdk4,chr6,-,5496277,,3.16235504236,42,1,42,1,36,3,0.976744186046512,0.976744186046512,0.923076923076923
Slc25a13,chr6,-,6217172,,-0.714005802647699,11,3,13,17,14,23,0.785714285714286,0.8125,0.378378378378378
Asns,chr6,-,7693208,,-1.69566657666532,31,135,13,100,27,118,0.186746987951807,0.0878378378378378,0.186206896551724
C1galt1,chr6,+,7845223,,1.49468165793,5,60,2,62,0,43,0.0769230769230769,0.032258064516129,0
Col28a1,chr6,-,8192616,,4.634329651,24,0,28,2,22,1,1,1,0.956521739130435
Rpa3,chr6,-,8259140,,-0.843741930151346,32,219,43,179,55,282,0.127490039840637,0.16412213740458,0.163204747774481
Ica1,chr6,-,8778483,-0.85831620093793,0.860760837374,34,93,35,107,26,100,0.267716535433071,0.2734375,0.206349206349206
Ndufa4,chr6,-,11907449,,-0.836232743701744,41,146,24,103,48,125,0.219251336898396,0.141176470588235,0.277456647398844
Phf14,chr6,+,11907828,0.903476967731,,23,142,10,101,27,125,0.139393939393939,0.0657894736842105,0.177631578947368
Tmem106b,chr6,+,13069758,-0.501169911137233,1.23277417271,4,136,2,123,5,143,0.0285714285714286,0.0144927536231884,0.0337837837837838
Mdfic,chr6,+,15720660,-2.34105916429447,2.43305106297,86,166,89,140,54,170,0.341269841269841,0.349019607843137,0.241071428571429
Tfec,chr6,-,16898440,-1.54371725784398,0.80716120894,12,39,17,47,1,72,0.235294117647059,0.303571428571429,0.0136986301369863
Cav2,chr6,+,17281184,,1.47908251516,37,80,27,28,31,117,0.316239316239316,0.252336448598131,0.209459459459459
Cav1,chr6,+,17306334,2.96649685871,,57,17,38,8,50,20,0.77027027027027,0.690909090909091,0.714285714285714
St7,chr6,+,17693993,-0.571907727992046,0.834034366998,159,34,190,24,113,23,0.823834196891192,0.848214285714286,0.830882352941176
Tspan12,chr6,-,21852532,1.81434791936,,46,81,50,101,42,68,0.362204724409449,0.381679389312977,0.381818181818182
Cped1,chr6,+,21985909,2.68982937855,,9,148,10,107,5,76,0.0573248407643312,0.0632911392405063,0.0617283950617284
Aass,chr6,-,23132985,4.46249267754,,76,41,61,42,70,40,0.64957264957265,0.598039215686275,0.636363636363636
Cadps2,chr6,-,23839420,,3.70723546301,0,16,0,3,0,11,0,0,0
Ndufa5,chr6,-,24527689,,-0.697813958743502,87,141,113,125,111,176,0.381578947368421,0.44488188976378,0.386759581881533
Zfp800,chr6,-,28398004,-0.597319935793536,,8,209,7,242,9,134,0.0368663594470046,0.0324074074074074,0.0629370629370629
Lrrc4,chr6,-,28831746,,-7.24341308548995,123,20,152,20,130,26,0.86013986013986,0.883720930232558,0.833333333333333
Rbm28,chr6,-,29164723,-0.330256995573694,,66,145,82,126,53,122,0.312796208530806,0.361233480176211,0.302857142857143
Ccdc136,chr6,+,29396574,,4.50927774963,11,27,23,12,18,30,0.289473684210526,0.46,0.375
Flnc,chr6,+,29433152,4.85746966373,,10,189,9,99,20,199,0.050251256281407,0.0454545454545455,0.091324200913242
Irf5,chr6,+,29526624,1.11360795293,,6,145,5,149,2,119,0.0397350993377483,0.0333333333333333,0.0165289256198347
Tspan33,chr6,+,29694213,2.02491239587,-1.63052541344789,35,104,17,89,28,90,0.251798561151079,0.140495867768595,0.23728813559322
Cep41,chr6,-,30693748,0.65496947315,,45,27,31,47,76,55,0.625,0.53448275862069,0.580152671755725
Mest,chr6,+,30733505,3.01051556832,-2.06179332751058,242,59,228,39,252,12,0.803986710963455,0.794425087108014,0.954545454545455
2210408F21Rik,chr6,+,31220350,-3.45357915442129,3.02687423994,98,16,95,29,35,29,0.859649122807018,0.855855855855856,0.546875
Podxl,chr6,-,31563936,-1.6363328548682,-1.38242778020055,8,176,6,107,33,153,0.0434782608695652,0.032967032967033,0.17741935483871
Plxna4os1,chr6,+,32511140,3.33637179956,2.09405416942,22,12,26,7,17,14,0.647058823529412,0.68421052631579,0.548387096774194
Exoc4,chr6,+,33249127,-0.46175100562467,,11,24,0,6,10,32,0.314285714285714,0,0.238095238095238
Lrguk,chr6,+,34029447,2.40156741707,,90,144,76,161,64,129,0.384615384615385,0.345454545454545,0.33160621761658
Slc35b4,chr6,-,34177053,-0.379076020374672,,49,164,18,182,47,214,0.230046948356808,0.0989010989010989,0.18007662835249
Akr1b8,chr6,+,34354145,3.14003225644,,95,24,77,21,98,25,0.798319327731092,0.762376237623762,0.796747967479675
Akr1b10,chr6,+,34384246,-0.616278773748624,,8,158,14,126,5,175,0.0481927710843374,0.0813953488372093,0.0277777777777778
Nup205,chr6,+,35177615,,-0.62396794250624,51,154,31,175,61,188,0.248780487804878,0.167567567567568,0.244979919678715
1810058I24Rik,chr6,+,35252709,-0.518340382775934,,273,267,192,258,153,287,0.505555555555556,0.418300653594771,0.347727272727273
Ptn,chr6,-,36810178,-2.80460311310681,3.56867814327,14,4,20,19,17,15,0.777777777777778,0.833333333333333,0.53125
Dgki,chr6,-,37299975,,-4.01551928554991,2,9,3,1,3,12,0.181818181818182,0.25,0.2
Creb3l2,chr6,-,37442147,-0.790283843800678,,4,60,0,31,1,80,0.0625,0,0.0123456790123457
D630045J12Rik,chr6,-,38254138,-0.716308808349763,,25,14,22,6,21,22,0.641025641025641,0.611111111111111,0.488372093023256
Zc3hav1l,chr6,-,38299258,0.483365186222,-0.94485260824675,95,43,81,29,44,35,0.688405797101449,0.653225806451613,0.556962025316456
Hipk2,chr6,-,38876189,0.721768647457,,2,42,4,29,1,46,0.0454545454545455,0.0869565217391304,0.0212765957446809
Tbxas1,chr6,+,38918985,,1.66245652753,98,36,15,107,6,136,0.73134328358209,0.294117647058824,0.0422535211267606
1700025N23Rik,chr6,-,39067585,,3.78141093886,122,18,171,11,201,23,0.871428571428572,0.904761904761905,0.897321428571429
Parp12,chr6,-,39118348,,0.860971997829,71,162,36,111,78,131,0.304721030042918,0.181818181818182,0.373205741626794
4930599N23Rik,chr6,+,39118472,1.42129622671,,102,162,66,111,94,131,0.386363636363636,0.289473684210526,0.417777777777778
Kdm7a,chr6,-,39206772,0.863893585886,0.945856484109,0,109,1,98,0,39,0,0.00909090909090909,0
Rab19,chr6,+,39381352,-6.22653714836402,,45,33,31,18,36,20,0.576923076923077,0.484375,0.642857142857143
Mgam,chr6,+,40628830,2.25462292771,-4.39220437430635,47,2,43,0,63,2,0.959183673469388,0.955555555555556,0.969230769230769
Ephb6,chr6,+,41605510,,0.86127567152,1,43,2,63,1,48,0.0227272727272727,0.0444444444444444,0.0204081632653061
Kel,chr6,-,41704324,7.11569999937,-2.78066381101165,13,2,12,2,8,0,0.866666666666667,0.857142857142857,1
Epha1,chr6,-,42373267,1.177616118,,88,58,36,32,71,20,0.602739726027397,0.382978723404255,0.78021978021978
Arhgef5,chr6,+,43265643,-0.830421271425475,1.01536830905,3,60,0,72,0,95,0.0476190476190476,0,0
Cntnap2,chr6,+,45060060,4.87859133154,,0,12,0,10,0,4,0,0,0
Pdia4,chr6,-,47813511,,-0.584790632319619,23,305,19,137,16,229,0.0701219512195122,0.058641975308642,0.0653061224489796
Zfp783,chr6,+,47943174,1.15111791834,,127,97,165,112,165,104,0.566964285714286,0.629770992366412,0.613382899628253
Zfp956,chr6,+,47953389,0.408057974787,,13,189,0,168,5,192,0.0643564356435644,0,0.0253807106598985
Krba1,chr6,+,48395585,0.73563607729,0.753055454105,94,63,92,63,80,53,0.598726114649682,0.593548387096774,0.601503759398496
Zfp467,chr6,-,48445824,1.14021210268,,13,1,6,1,13,0,0.928571428571429,0.857142857142857,1
Sspo,chr6,+,48448173,2.80613879597,,33,14,34,17,17,6,0.702127659574468,0.708333333333333,0.739130434782609
Zfp862-ps,chr6,+,48504338,0.97500953164,,12,54,7,63,4,92,0.181818181818182,0.114754098360656,0.0416666666666667
Lrrc61,chr6,+,48554798,0.936937418174,,90,68,113,78,104,75,0.569620253164557,0.624309392265193,0.581005586592179
Rarres2,chr6,-,48572801,0.887418725031,,100,28,96,9,119,8,0.78125,0.774193548387097,0.937007874015748
AI854703,chr6,+,48628166,1.47830385423,,7,4,4,0,7,6,0.636363636363636,0.5,0.538461538461538
Gimap8,chr6,+,48647233,3.24115651404,,123,13,80,20,82,11,0.904411764705882,0.860215053763441,0.881720430107527
Gimap9,chr6,+,48676134,0.466943638214,-0.751926928188078,5,44,8,45,9,45,0.102040816326531,0.153846153846154,0.166666666666667
Gimap4,chr6,+,48684577,3.31061676411,-1.67335245874856,72,19,94,27,87,17,0.791208791208791,0.831858407079646,0.836538461538462
Gimap6,chr6,-,48708243,1.90689222447,,5,52,1,61,2,41,0.087719298245614,0.0188679245283019,0.0465116279069768
Gimap7,chr6,+,48718620,3.56193454524,,83,8,65,30,59,9,0.912087912087912,0.89041095890411,0.867647058823529
Gimap1,chr6,+,48739046,0.923107998188,,10,90,4,119,4,175,0.1,0.0425531914893617,0.0223463687150838
Gimap5,chr6,+,48746196,1.09084740704,,0,19,0,31,0,38,0,0,0
Gimap3,chr6,-,48770850,8.267606084,,151,27,110,12,137,21,0.848314606741573,0.802919708029197,0.867088607594937
Tmem176b,chr6,-,48841373,-0.605185094776705,0.760295954807,5,1,5,4,2,5,0.833333333333333,0.833333333333333,0.285714285714286
Tmem176a,chr6,+,48841482,-0.553344099465319,0.944911240262,5,1,5,4,2,5,0.833333333333333,0.833333333333333,0.285714285714286
Igf2bp3,chr6,-,49214953,6.04751897675,-4.67711051824736,3,119,0,117,2,73,0.0245901639344262,0,0.0266666666666667
Fam221a,chr6,+,49367738,0.887182380278,,23,133,37,42,23,121,0.147435897435897,0.217647058823529,0.159722222222222
Osbpl3,chr6,-,50456353,-1.47385827981436,1.43509987066,0,40,0,27,0,41,0,0,0
Cycs,chr6,-,50566568,,-1.06125057811246,22,199,24,252,16,180,0.0995475113122172,0.10762331838565,0.0816326530612245
4921507P07Rik,chr6,-,50596589,1.30994520653,,129,9,119,10,141,8,0.934782608695652,0.9296875,0.946308724832215
Snx10,chr6,+,51523902,-0.656504236314693,1.16372459021,33,64,29,61,25,37,0.34020618556701,0.311827956989247,0.403225806451613
Skap2,chr6,-,52012548,-0.807779914009763,0.828550789713,19,120,18,120,15,119,0.136690647482014,0.130434782608696,0.111940298507463
Hoxa2,chr6,-,52164830,1.39597742345,,5,169,28,126,14,182,0.028735632183908,0.142131979695431,0.0714285714285714
Hoxaas3,chr6,+,52201123,2.175266281,,238,11,259,7,204,3,0.955823293172691,0.959259259259259,0.985507246376812
Hoxa5,chr6,-,52204586,0.945744734871,,1007,888,1809,457,1071,423,0.531398416886544,0.670745272525028,0.716867469879518
Hoxa6,chr6,-,52208671,1.0692341926,,22,67,37,88,28,101,0.247191011235955,0.355769230769231,0.217054263565891
Hoxa3,chr6,-,52213066,2.1215100323,,1,95,3,127,0,124,0.0104166666666667,0.0306122448979592,0
Hoxa7,chr6,-,52218572,0.879522802444,,52,132,15,138,35,154,0.282608695652174,0.102040816326531,0.185185185185185
Hoxa9,chr6,-,52227369,0.816259144116,,15,32,2,53,5,46,0.319148936170213,0.0588235294117647,0.0980392156862745
Mir196b,chr6,-,52230164,,2.97390507298,4,126,1,74,4,150,0.0307692307692308,0.0078740157480315,0.025974025974026
Hoxa10,chr6,-,52240853,1.44553241302,,13,245,35,252,16,157,0.0503875968992248,0.125,0.092485549132948
Tax1bp1,chr6,+,52713728,-1.01200160042216,1.25761859013,0,141,0,141,2,87,0,0,0.0224719101123596
Prr15,chr6,+,54326900,,2.55805273044,20,67,31,39,34,82,0.229885057471264,0.316326530612245,0.293103448275862
9130019P16Rik,chr6,-,54430220,-1.4392630680121,,25,15,12,18,22,14,0.625,0.444444444444444,0.611111111111111
Scrn1,chr6,-,54566381,,2.32978011092,1,5,2,11,1,14,0.166666666666667,0.285714285714286,0.0666666666666667
Plekha8,chr6,+,54595110,0.869077253296,,23,215,15,212,10,120,0.0966386554621849,0.0652173913043478,0.0769230769230769
Mturn,chr6,+,54681623,,1.76374864476,40,143,30,124,29,120,0.218579234972678,0.173410404624277,0.194630872483221
Nod1,chr6,-,54972611,,1.26669289585,92,57,73,59,37,69,0.61744966442953,0.561538461538462,0.349056603773585
Gars,chr6,+,55038000,,-1.13602617680654,21,176,25,143,25,162,0.106598984771574,0.124378109452736,0.133689839572193
Pde1c,chr6,-,56369633,,1.65303349021,86,8,109,4,168,5,0.914893617021277,0.931623931623932,0.971098265895954
Avl9,chr6,+,56714904,-0.44387640343698,0.987180742071,85,143,86,140,104,162,0.37280701754386,0.375545851528384,0.390977443609023
Fkbp9,chr6,+,56832058,-0.950171353714375,0.756298144475,47,3,61,0,50,0,0.94,0.953125,1
Nt5c3,chr6,-,56923931,,1.00622220896,27,230,58,275,52,247,0.105058365758755,0.201388888888889,0.173913043478261
Ppm1k,chr6,-,57535486,0.757918167085,1.2069417908,16,174,20,199,18,174,0.0842105263157895,0.103092783505155,0.09375
Herc6,chr6,+,57580991,,1.30620763798,19,23,22,29,19,21,0.452380952380952,0.488888888888889,0.475
Vopp1,chr6,-,57825124,-0.629328575661821,0.788772967961,12,17,7,19,5,23,0.413793103448276,0.291666666666667,0.178571428571429
Abcg2,chr6,+,58584532,-0.455114665090738,0.706352237674,47,1,48,0,48,1,0.979166666666667,0.979591836734694,0.979591836734694
Herc3,chr6,+,58831464,,1.00456815989,17,124,9,113,19,56,0.120567375886525,0.0676691729323308,0.253333333333333
Snca,chr6,-,60829854,4.4530962001,-1.42203246571909,5,44,5,58,3,41,0.102040816326531,0.102040816326531,0.0681818181818182
Ccser1,chr6,+,61180324,,3.16588284056,28,17,14,14,27,13,0.622222222222222,0.451612903225806,0.675
Hpgds,chr6,-,65144729,-2.62841389218898,1.63601015152,39,49,50,25,25,43,0.443181818181818,0.505050505050505,0.367647058823529
Tnip3,chr6,+,65590397,-1.06277408565851,2.37246628124,39,35,22,68,14,75,0.527027027027027,0.385964912280702,0.157303370786517
Ndnf,chr6,+,65671610,3.72064770026,,0,32,0,27,0,32,0,0,0
Mad2l1,chr6,+,66535220,-0.297855545185303,-0.753939502602746,19,135,15,147,16,146,0.123376623376623,0.1,0.0987654320987654
Gng12,chr6,+,66896396,-1.546976911953,1.19397589329,6,189,1,134,0,175,0.0307692307692308,0.00526315789473684,0
Il12rb2,chr6,-,67376187,-0.488882649868919,,54,67,37,36,47,56,0.446280991735537,0.355769230769231,0.456310679611651
Tacstd2,chr6,-,67535821,-4.09839049087418,3.74822950187,50,41,67,101,80,113,0.54945054945055,0.62037037037037,0.414507772020725
Rpia,chr6,-,70792174,-0.58370426399281,,0,184,1,140,1,134,0,0.00540540540540541,0.00740740740740741
Krcc1,chr6,+,71271676,,1.23083863114,3,149,5,120,3,114,0.0197368421052632,0.0324675324675325,0.0256410256410256
Rmnd5a,chr6,-,71440636,,0.573559641317,7,9,1,11,2,9,0.4375,0.1,0.181818181818182
Chmp3,chr6,+,71543851,-0.419144588438524,,16,152,13,116,15,107,0.0952380952380952,0.0787878787878788,0.122950819672131
Kdm3a,chr6,-,71632916,-0.573751267780825,,1,25,4,32,0,24,0.0384615384615385,0.137931034482759,0
Reep1,chr6,+,71707680,3.48470354337,-2.49400020937063,26,11,25,11,29,6,0.702702702702703,0.694444444444445,0.828571428571429
Mrpl35,chr6,-,71823783,,-0.791123604205965,67,184,67,180,64,126,0.266932270916335,0.266932270916335,0.336842105263158
Immt,chr6,+,71831319,-0.344365079039194,,0,236,2,198,4,256,0,0.00840336134453782,0.0153846153846154
Polr1a,chr6,+,71909052,,-0.735957808415218,55,269,61,234,69,135,0.169753086419753,0.184848484848485,0.338235294117647
St3gal5,chr6,+,72097607,0.663004276438,-2.7441963748452,73,164,62,178,100,195,0.308016877637131,0.274336283185841,0.338983050847458
Atoh8,chr6,-,72235576,-2.42919141690643,,86,248,71,173,85,221,0.25748502994012,0.22257053291536,0.277777777777778
0610030E20Rik,chr6,+,72347316,,0.758699673581,62,64,57,138,70,124,0.492063492063492,0.471074380165289,0.360824742268041
Tmem150a,chr6,+,72355482,,1.40620491311,30,108,51,57,43,81,0.217391304347826,0.320754716981132,0.346774193548387
Rnf181,chr6,-,72366971,-0.426494363473242,,50,6,27,5,41,8,0.892857142857143,0.818181818181818,0.836734693877551
Vamp8,chr6,-,72390666,-0.969814424229066,,20,147,43,90,22,91,0.119760479041916,0.226315789473684,0.194690265486726
Mat2a,chr6,-,72439555,-0.470217060989534,,5,88,0,93,1,113,0.0537634408602151,0,0.0087719298245614
Retsat,chr6,+,72598601,-0.588177440413427,,74,88,71,83,47,85,0.45679012345679,0.446540880503145,0.356060606060606
Tgoln2,chr6,-,72616747,-0.395825386995175,,18,305,18,316,21,175,0.0557275541795666,0.0557275541795666,0.107142857142857
Tgoln1,chr6,-,72616999,-0.524711403863688,0.736156220232,14,282,8,287,10,140,0.0472972972972973,0.0275862068965517,0.0666666666666667
Gm15401,chr6,+,72629287,2.28475291358,,122,1,68,0,116,1,0.991869918699187,0.985507246376812,0.991452991452991
Tcf7l1,chr6,-,72789044,2.44442215012,,4,86,11,157,9,129,0.0444444444444444,0.11340206185567,0.0652173913043478
Tmsb10,chr6,-,72958747,0.981666356128,-0.736110193102085,16,0,12,0,16,0,1,1,1
Dnah6,chr6,-,73221630,6.24877596394,,87,68,61,72,78,101,0.561290322580645,0.472868217054264,0.435754189944134
Suclg1,chr6,+,73248504,,-0.60173894759431,24,217,23,204,24,170,0.0995850622406639,0.0958333333333333,0.123711340206186
Mrpl19,chr6,-,81965948,,-0.58127515223937,77,73,107,107,124,73,0.513333333333333,0.594444444444445,0.629441624365482
Hk2,chr6,-,82774453,,-0.847946701691124,0,113,1,120,0,85,0,0.0087719298245614,0
Sema4f,chr6,-,82939768,1.59052730035,,36,0,34,1,26,0,1,1,1
M1ap,chr6,+,82946921,,-1.94878150579019,292,11,281,8,318,15,0.963696369636964,0.962328767123288,0.954954954954955
Dok1,chr6,-,83033470,-0.533607817375218,,19,85,35,86,15,43,0.182692307692308,0.291666666666667,0.258620689655172
Htra2,chr6,-,83054570,,-0.764159497023964,1,27,0,21,0,28,0.0357142857142857,0,0
Lbx2,chr6,+,83086364,4.63094697929,-7.08918836358779,6,0,11,1,12,0,1,1,1
Mogs,chr6,+,83115505,,-0.7963252145975,26,40,37,24,28,43,0.393939393939394,0.480519480519481,0.394366197183099
Wbp1,chr6,-,83121460,-0.916135034136664,0.686750079609,0,37,2,27,0,0,0,0.0512820512820513,
Rtkn,chr6,+,83135807,1.95696013269,,76,70,85,42,58,35,0.520547945205479,0.548387096774194,0.623655913978495
1700003E16Rik,chr6,+,83156403,,3.19291547374,135,71,127,67,119,59,0.655339805825243,0.641414141414141,0.668539325842697
Slc4a5,chr6,+,83237374,2.06366226589,,71,12,91,14,91,21,0.855421686746988,0.883495145631068,0.8125
Mthfd2,chr6,-,83317603,,-1.70521234878913,28,77,21,80,42,104,0.266666666666667,0.214285714285714,0.287671232876712
Bola3,chr6,+,83349146,0.423650406048,-0.915483628572618,73,21,61,40,102,45,0.776595744680851,0.74390243902439,0.693877551020408
Dguok,chr6,-,83506968,,0.675789235575,51,72,36,57,51,81,0.414634146341463,0.333333333333333,0.386363636363636
Clec4f,chr6,-,83656115,5.91618393688,-9.85370339222244,149,7,135,5,147,5,0.955128205128205,0.950704225352113,0.967105263157895
Dysf,chr6,+,84008597,4.97283063875,,111,47,118,45,114,31,0.70253164556962,0.715151515151515,0.786206896551724
Cyp26b1,chr6,-,84593907,5.17009345757,,116,4,97,0,95,1,0.966666666666667,0.96039603960396,0.989583333333333
Exoc6b,chr6,-,85069512,,0.738832509745,0,24,0,8,0,22,0,0,0
Npm3-ps1,chr6,+,85076181,-1.64110033912368,,116,32,208,18,253,30,0.783783783783784,0.866666666666667,0.893992932862191
Mir705,chr6,-,85336372,-2.16931723061789,,36,3,29,2,54,3,0.923076923076923,0.90625,0.947368421052632
Rab11fip5,chr6,-,85374633,-1.61403255392563,1.36378666751,30,174,5,126,0,238,0.147058823529412,0.0279329608938548,0
Smyd5,chr6,+,85431975,,-0.765164320223176,39,42,62,61,60,50,0.481481481481482,0.596153846153846,0.545454545454545
Cct7,chr6,+,85451504,,-0.816440785255778,0,18,0,39,0,35,0,0,0
Dusp11,chr6,-,85961666,-0.377118436502642,,1,139,1,127,4,148,0.00714285714285714,0.00714285714285714,0.0263157894736842
Add2,chr6,+,86028680,8.87124166467,-4.56461893175754,51,132,53,116,56,104,0.278688524590164,0.286486486486487,0.35
Fam136a,chr6,+,86365470,,-1.51594966750361,15,160,38,134,27,110,0.0857142857142857,0.191919191919192,0.197080291970803
Snrpg,chr6,+,86371539,,-0.776871351342269,5,51,6,76,5,103,0.0892857142857143,0.105263157894737,0.0462962962962963
2310040G24Rik,chr6,-,86488226,1.01277809457,,23,2,69,1,53,2,0.92,0.971830985915493,0.963636363636364
Pcbp1,chr6,-,86526188,,-0.696381578200021,0,26,0,18,0,30,0,0,0
Asprv1,chr6,+,86628173,6.64813867884,-8.17742274349385,230,11,202,8,163,7,0.954356846473029,0.948356807511737,0.958823529411765
Snrnp27,chr6,-,86684490,,-0.739559571409109,205,135,219,133,195,134,0.602941176470588,0.61864406779661,0.592705167173252
Anxa4,chr6,-,86793583,-1.0606504283089,1.07144280327,4,47,3,50,7,61,0.0784313725490196,0.06,0.102941176470588
Aak1,chr6,+,86849283,-0.514032457858294,,1,103,10,91,2,63,0.00961538461538462,0.0884955752212389,0.0307692307692308
Gkn3,chr6,-,87388934,4.34394684077,,56,36,63,25,34,73,0.608695652173913,0.636363636363636,0.317757009345794
1810020O05Rik,chr6,-,87722746,5.8291783799,,144,39,119,61,96,46,0.786885245901639,0.753164556962025,0.676056338028169
Efcc1,chr6,+,87730868,3.71530753986,0.938410038992,40,4,43,3,23,1,0.909090909090909,0.914893617021277,0.958333333333333
Gp9,chr6,+,87778069,1.51831780882,,12,22,3,46,3,34,0.352941176470588,0.12,0.0810810810810811
Rab43,chr6,-,87812163,,0.681499711791,0,35,0,32,0,9,0,0,0
Isy1,chr6,-,87838758,-0.476245469781128,,38,168,51,163,28,127,0.184466019417476,0.232876712328767,0.180645161290323
Rab7,chr6,-,88045269,-0.379305112464573,,7,0,7,0,12,0,1,1,1
Rpn1,chr6,+,88084472,-0.446427062468392,,20,40,9,46,12,25,0.333333333333333,0.183673469387755,0.324324324324324
Gata2,chr6,+,88193890,,1.28420215286,28,129,34,128,2,115,0.178343949044586,0.208588957055215,0.0170940170940171
Eefsec,chr6,-,88446538,0.420580704385,,92,547,52,319,51,377,0.143974960876369,0.0868113522537563,0.119158878504673
Ruvbl1,chr6,+,88465408,,-0.746059123409396,16,1,11,1,14,0,0.941176470588235,0.916666666666667,1
Sec61a1,chr6,-,88518799,-0.657983046583645,,15,490,4,386,9,327,0.0297029702970297,0.00809716599190283,0.0267857142857143
Mgll,chr6,+,88724411,3.51944323265,,63,237,58,274,56,279,0.21,0.196610169491525,0.167164179104478
Gm15612,chr6,+,88842853,2.95206213148,,79,10,61,13,53,12,0.887640449438202,0.859154929577465,0.815384615384615
Podxl2,chr6,-,88875045,2.76589270858,,124,231,169,219,218,167,0.349295774647887,0.4225,0.566233766233766
Mcm2,chr6,-,88898779,,-0.911834159976785,0,165,1,153,3,101,0,0.00602409638554217,0.0288461538461538
Txnrd3,chr6,+,89643987,-0.49640456172423,0.707677507181,3,17,2,40,2,20,0.15,0.105263157894737,0.0909090909090909
Zxdc,chr6,+,90369493,,0.771088171498,14,70,34,69,12,30,0.166666666666667,0.326923076923077,0.285714285714286
Aldh1l1,chr6,+,90550792,-2.26452911581832,1.18295320538,5,53,4,36,1,42,0.0862068965517242,0.0701754385964912,0.0232558139534884
Slc41a3,chr6,+,90604879,1.51226909967,-1.47628403338762,12,18,7,14,15,17,0.4,0.28,0.46875
Iqsec1,chr6,-,90810122,0.648569362646,,103,20,136,35,136,21,0.83739837398374,0.871794871794872,0.866242038216561
Nup210,chr6,-,91116825,-0.434358666687173,,11,86,29,95,18,114,0.11340206185567,0.252173913043478,0.136363636363636
Hdac11,chr6,+,91156814,,1.93976458849,48,3,34,12,18,7,0.941176470588235,0.918918918918919,0.72
Chchd4,chr6,-,91473422,,-0.782025323527198,1,106,2,64,3,54,0.00934579439252336,0.0185185185185185,0.0526315789473684
Tmem43,chr6,+,91473706,-0.899693830073313,,3,119,2,64,8,62,0.0245901639344262,0.0165289256198347,0.114285714285714
Slc6a6,chr6,+,91684066,-0.948035557353615,,5,51,6,30,7,37,0.0892857142857143,0.105263157894737,0.159090909090909
Fgd5,chr6,+,91978964,0.989937636384,-0.923266690917011,4,22,9,7,9,29,0.153846153846154,0.290322580645161,0.236842105263158
Prickle2,chr6,-,92706183,,7.40857144948,15,15,6,10,14,6,0.5,0.285714285714286,0.7
Adamts9,chr6,-,92943533,2.15545277278,,0,28,9,25,10,41,0,0.243243243243243,0.196078431372549
Magi1,chr6,-,94283916,5.38567516122,,0,57,0,44,2,56,0,0,0.0344827586206897
Lrig1,chr6,-,94700144,1.61464226679,,6,73,6,65,3,62,0.0759493670886076,0.0759493670886076,0.0461538461538462
Frmd4b,chr6,-,97617656,0.962673672704,,47,78,70,81,112,63,0.376,0.472972972972973,0.64
Foxp1,chr6,-,99520992,0.49547888105,,7,119,2,116,0,96,0.0555555555555556,0.0165289256198347,0
Eif4e3,chr6,-,99666770,,0.851379637625,5,36,0,44,0,34,0.121951219512195,0,0
Gxylt2,chr6,+,100704733,5.48381097499,-7.022677617839,45,117,58,137,70,106,0.277777777777778,0.331428571428571,0.397727272727273
Cntn3,chr6,-,102464666,7.1637827114,,24,2,23,3,19,3,0.923076923076923,0.92,0.863636363636364
Chl1,chr6,+,103510875,3.38308113453,,33,52,64,79,39,63,0.388235294117647,0.551724137931035,0.382352941176471
Il5ra,chr6,-,106749036,2.69795683833,,0,8,1,9,0,9,0,0.111111111111111,0
Itpr1,chr6,+,108213095,,0.754928196197,0,92,0,59,0,90,0,0,0
Bhlhe40,chr6,+,108660628,-5.20815580059295,2.41865507964,2,27,2,27,2,27,0.0689655172413793,0.0689655172413793,0.0689655172413793
0610040F04Rik,chr6,-,108660933,-4.30334890601624,,13,30,8,33,7,36,0.302325581395349,0.210526315789474,0.162790697674419
Arl8b,chr6,+,108783058,-0.44439960837232,,77,200,62,157,78,155,0.277978339350181,0.236641221374046,0.334763948497854
Edem1,chr6,+,108828640,-0.907346574012477,,29,151,28,153,20,176,0.161111111111111,0.156424581005587,0.102040816326531
Rad18,chr6,-,112696669,-0.47723356478718,,214,89,106,194,115,201,0.706270627062706,0.543589743589744,0.363924050632911
Srgap3,chr6,-,112947265,,0.965805057413,20,13,23,22,32,10,0.606060606060606,0.638888888888889,0.761904761904762
Setd5,chr6,+,113077638,-0.257845300884541,,1,55,0,72,0,71,0.0178571428571429,0,0
Mtmr14,chr6,+,113237842,-0.393273372198929,,11,55,5,61,7,55,0.166666666666667,0.0833333333333333,0.112903225806452
Camk1,chr6,-,113343921,-1.57608220797159,,13,43,2,14,3,51,0.232142857142857,0.0444444444444444,0.0555555555555556
Tada3,chr6,-,113377837,0.375187748683,,7,44,5,25,3,28,0.137254901960784,0.102040816326531,0.0967741935483871
Arpc4,chr6,+,113378112,,-0.622430999656298,12,140,6,81,9,83,0.0789473684210526,0.0410958904109589,0.0978260869565217
Il17re,chr6,+,113458770,,1.21007672864,1,28,1,29,5,37,0.0344827586206897,0.0344827586206897,0.119047619047619
Creld1,chr6,+,113483355,-0.910179775764808,,15,221,19,161,26,218,0.0635593220338983,0.0791666666666667,0.10655737704918
Emc3,chr6,-,113531637,-0.384403439272048,,15,222,13,261,19,231,0.0632911392405063,0.0553191489361702,0.076
Fancd2,chr6,+,113531681,,-1.07776015013172,15,222,13,261,19,231,0.0632911392405063,0.0553191489361702,0.076
Tamm41,chr6,-,115037873,,-1.07332440044146,21,174,19,183,12,123,0.107692307692308,0.0984455958549223,0.0888888888888889
Tmem40,chr6,-,115762465,-1.06117779364338,1.81193248925,41,14,45,8,45,9,0.745454545454546,0.76271186440678,0.833333333333333
Plxnd1,chr6,-,115995004,2.48796057855,-1.5489486359289,0,79,0,93,1,97,0,0,0.0102040816326531
Zfand4,chr6,+,116264218,-0.656853008945527,1.27126614574,196,115,163,78,203,104,0.630225080385852,0.586330935251799,0.661237785016287
Alox5,chr6,-,116461177,-3.81592967934133,,100,96,107,88,82,50,0.510204081632653,0.527093596059113,0.621212121212121
Rassf4,chr6,-,116673835,-2.4468626820231,1.11202163722,31,193,26,149,17,153,0.138392857142857,0.118721461187215,0.1
Csgalnact2,chr6,-,118139139,-0.690543284521455,0.754812255298,32,36,12,27,30,48,0.470588235294118,0.25,0.384615384615385
Ret,chr6,-,118197743,2.52869055683,-8.9483356652528,17,109,21,137,20,67,0.134920634920635,0.161538461538462,0.229885057471264
Bms1,chr6,-,118419416,,-0.550908695245007,125,154,131,149,101,108,0.448028673835125,0.459649122807018,0.483253588516747
Dcp1b,chr6,+,119175252,0.772343991613,,76,46,65,102,39,106,0.622950819672131,0.585585585585586,0.268965517241379
Cacna1c,chr6,-,119196408,2.34631223652,,137,20,162,16,148,19,0.872611464968153,0.89010989010989,0.88622754491018
Cacna2d4,chr6,+,119236523,1.76984936016,,29,9,16,2,27,2,0.763157894736842,0.64,0.931034482758621
Lrtm2,chr6,-,119330765,,2.66213003793,1,92,1,77,1,31,0.010752688172043,0.010752688172043,0.03125
Adipor2,chr6,-,119417527,-0.282333657270658,,81,42,55,28,64,49,0.658536585365854,0.567010309278351,0.566371681415929
Wnt5b,chr6,-,119544346,3.15354613413,,37,31,36,2,20,24,0.544117647058824,0.537313432835821,0.454545454545455
Il17ra,chr6,+,120463196,0.515625681284,,63,255,46,186,114,273,0.19811320754717,0.152823920265781,0.294573643410853
Cecr2,chr6,+,120666313,9.51418575332,-5.86564015975487,0,87,3,85,0,32,0,0.0333333333333333,0
Atp6v1e1,chr6,-,120822697,-0.333570383161192,,84,104,59,93,75,127,0.446808510638298,0.361963190184049,0.371287128712871
Bcl2l13,chr6,+,120836229,,-0.87058382671383,86,134,66,141,39,96,0.390909090909091,0.33,0.288888888888889
Bid,chr6,-,120916823,-0.444013272922668,,14,0,9,0,8,0,1,1,1
Mical3,chr6,-,121131021,0.522266205624,,20,35,23,35,37,29,0.363636363636364,0.396551724137931,0.560606060606061
Pex26,chr6,+,121183666,-0.636175534892878,,6,26,6,20,2,15,0.1875,0.1875,0.117647058823529
Tuba8,chr6,+,121210733,-2.90043074493755,1.76815741265,2,134,7,141,1,121,0.0147058823529412,0.049645390070922,0.00819672131147541
Usp18,chr6,+,121245905,-0.987318733237551,,82,81,59,109,22,121,0.503067484662577,0.421428571428571,0.153846153846154
Slc6a13,chr6,+,121300287,1.13193811534,,120,32,104,19,93,21,0.789473684210526,0.764705882352941,0.81578947368421
A2m,chr6,+,121636172,4.97192249117,,90,95,69,43,100,72,0.486486486486487,0.420731707317073,0.581395348837209
Mug1,chr6,+,121838540,5.00830729434,,89,4,101,4,92,4,0.956989247311828,0.961904761904762,0.958333333333333
M6pr,chr6,+,122308719,-0.735757618321827,,43,38,90,72,110,72,0.530864197530864,0.703125,0.604395604395604
Phc1,chr6,-,122340226,0.563711278689,,0,295,0,349,6,213,0,0,0.0273972602739726
Gdf3,chr6,-,122610086,3.94366718671,,101,63,120,36,103,44,0.615853658536585,0.655737704918033,0.700680272108844
Slc2a3,chr6,-,122742744,-0.799588326367765,,7,165,20,192,7,168,0.0406976744186047,0.108108108108108,0.04
Foxj2,chr6,+,122820183,,1.36102516719,22,56,7,51,4,70,0.282051282051282,0.111111111111111,0.0540540540540541
C3ar1,chr6,-,122856156,,-8.91488998868192,34,5,26,1,55,6,0.871794871794872,0.838709677419355,0.901639344262295
Necap1,chr6,+,122874556,-0.425766379219201,,39,12,83,14,64,13,0.764705882352941,0.873684210526316,0.831168831168831
Clec4a1,chr6,+,122921847,,-9.36506115013107,181,6,186,9,200,10,0.967914438502674,0.96875,0.952380952380952
Clec4a3,chr6,+,122952514,,-4.65052564174944,148,28,148,41,158,27,0.840909090909091,0.840909090909091,0.854054054054054
Clec4a2,chr6,+,123122689,,-9.06764868953913,119,4,84,2,99,1,0.967479674796748,0.954545454545455,0.99
Clec4n,chr6,+,123229842,,-8.52937542380412,7,10,4,15,12,11,0.411764705882353,0.285714285714286,0.521739130434783
Clec4d,chr6,+,123262106,-2.07328282020509,,9,9,0,16,15,20,0.5,0,0.428571428571429
Clec4e,chr6,-,123289870,-0.994173371051183,-2.10395904350501,56,18,50,15,51,52,0.756756756756757,0.735294117647059,0.495145631067961
Cd163,chr6,+,124304650,-5.9961932351123,,86,5,66,2,62,2,0.945054945054945,0.929577464788732,0.96875
Clstn3,chr6,-,124464783,1.21064000591,,77,44,47,39,64,37,0.636363636363636,0.516483516483517,0.633663366336634
C1rl,chr6,+,124493112,1.00922538081,1.04638357776,6,0,8,1,0,0,1,1,
C1ra,chr6,+,124512620,,2.85735402934,10,20,14,49,12,47,0.333333333333333,0.411764705882353,0.203389830508475
C1rb,chr6,+,124570429,4.9281317576,,37,26,37,26,57,26,0.587301587301587,0.587301587301587,0.686746987951807
Lpcat3,chr6,+,124663103,-0.429899708975716,-0.779437030088857,6,61,5,81,14,68,0.0895522388059701,0.0757575757575758,0.170731707317073
Emg1,chr6,-,124712177,,-0.799862384610331,8,69,7,64,4,33,0.103896103896104,0.0921052631578947,0.108108108108108
Phb2,chr6,+,124712288,,-1.20119546609909,8,69,7,64,4,33,0.103896103896104,0.0921052631578947,0.108108108108108
Lrrc23,chr6,-,124779726,2.66803035442,,27,131,38,115,39,122,0.170886075949367,0.224852071005917,0.242236024844721
Tpi1,chr6,-,124814157,,-1.14377593734386,22,137,5,104,3,114,0.138364779874214,0.0352112676056338,0.0256410256410256
Usp5,chr6,-,124829483,-0.435833879488294,,3,209,0,274,1,228,0.0141509433962264,0,0.00436681222707424
Cdca3,chr6,+,124830175,,-1.41190029709177,11,148,8,179,12,152,0.0691823899371069,0.0512820512820513,0.0731707317073171
Gpr162,chr6,-,124863982,,2.70128376799,2,36,0,28,0,19,0.0526315789473684,0,0
Cd4,chr6,-,124888199,4.58648088834,,94,0,89,1,76,1,1,1,0.987012987012987
Lag3,chr6,-,124911704,1.68324251536,2.80038714468,69,4,43,0,85,2,0.945205479452055,0.914893617021277,0.977011494252874
Ptms,chr6,-,124917945,-1.12317494031175,1.52913920991,25,80,38,66,40,43,0.238095238095238,0.322033898305085,0.481927710843373
Pianp,chr6,+,124996719,,3.73041326697,1,28,8,46,0,16,0.0344827586206897,0.222222222222222,0
Nop2,chr6,+,125131882,,-0.97065323765513,10,145,15,189,14,185,0.0645161290322581,0.09375,0.0703517587939699
Gapdh,chr6,-,125166466,,-0.898321120351445,6,8,4,18,2,14,0.428571428571429,0.333333333333333,0.125
Ncapd2,chr6,-,125191585,,-1.0490232097154,7,119,13,105,16,60,0.0555555555555556,0.0984848484848485,0.210526315789474
Mrpl51,chr6,+,125192199,,-0.90668313591934,0,126,0,117,0,73,0,0,0
Tapbpl,chr6,-,125231859,,1.04682070201,20,28,10,24,6,38,0.416666666666667,0.263157894736842,0.136363636363636
Ltbr,chr6,-,125313884,-0.462142933706794,,60,14,86,24,41,31,0.810810810810811,0.86,0.569444444444445
Plekhg6,chr6,-,125380503,,1.8119635102,27,5,29,1,14,2,0.84375,0.852941176470588,0.875
Cd9,chr6,-,125494759,-1.68883090840409,1.94403904011,139,87,123,100,62,120,0.615044247787611,0.585714285714286,0.340659340659341
Vwf,chr6,+,125552947,1.03575675862,1.92591838292,91,25,83,19,60,48,0.78448275862069,0.768518518518519,0.555555555555556
Ndufa9,chr6,-,126849143,,-0.892161199028082,101,318,80,359,91,378,0.241050119331742,0.201005025125628,0.194029850746269
Rad51ap1,chr6,-,126939586,-0.320066865136344,,1,133,2,167,0,164,0.00746268656716418,0.0148148148148148,0
Ccnd2,chr6,-,127151047,-0.472679284762714,0.696975242236,0,15,1,18,0,16,0,0.0625,0
9330102E08Rik,chr6,-,128183802,3.0090658505,,39,4,22,4,27,2,0.906976744186047,0.846153846153846,0.931034482758621
Tulp3,chr6,-,128355850,1.11227156226,-1.09453938156944,69,320,103,234,132,283,0.177377892030848,0.243498817966903,0.318072289156627
Rhno1,chr6,-,128362910,0.601505745875,-0.866267785774485,18,38,15,27,21,36,0.321428571428571,0.283018867924528,0.368421052631579
Foxm1,chr6,+,128362993,,-0.726974393723622,18,38,15,27,21,36,0.321428571428571,0.283018867924528,0.368421052631579
Fkbp4,chr6,-,128438655,,-1.24674807655944,40,13,57,32,35,33,0.754716981132076,0.814285714285714,0.514705882352941
Pzp,chr6,-,128526719,4.26303691751,,48,3,79,4,92,4,0.941176470588235,0.963414634146341,0.958333333333333
Klrb1c,chr6,-,128788640,5.72387121153,,27,2,21,0,33,4,0.931034482758621,0.91304347826087,0.891891891891892
BC035044,chr6,-,128891123,2.06167851814,-1.55134969522165,15,26,13,22,30,16,0.365853658536585,0.333333333333333,0.652173913043478
BC064078,chr6,+,128992960,1.91289351906,,95,15,88,11,71,5,0.863636363636364,0.854368932038835,0.93421052631579
Clec2d,chr6,+,129180614,-0.796563858218896,2.79618831616,1,116,0,124,0,92,0.00854700854700855,0,0
2310001H17Rik,chr6,-,129238481,,1.09637653302,36,68,35,102,25,112,0.346153846153846,0.339805825242718,0.182481751824818
Clec12a,chr6,+,129350243,-1.52552025441303,-2.63826111188593,0,44,0,31,0,43,0,0,0
Clec12b,chr6,-,129385873,5.42949583863,,122,12,77,6,146,12,0.91044776119403,0.865168539325843,0.924050632911392
Clec9a,chr6,+,129408861,,3.27409022259,85,0,59,4,79,1,1,1,0.9875
Clec1a,chr6,-,129451999,-2.293844657682,5.73662807124,189,46,174,85,65,146,0.804255319148936,0.790909090909091,0.308056872037915
Clec7a,chr6,-,129472784,3.16252113178,,255,24,227,15,302,25,0.913978494623656,0.904382470119522,0.923547400611621
Olr1,chr6,-,129507164,5.664409039,-7.73095229352339,155,31,130,14,145,18,0.833333333333333,0.807453416149068,0.889570552147239
Gabarapl1,chr6,+,129533191,-0.407219759249032,0.511399688386,78,188,71,136,42,166,0.293233082706767,0.274131274131274,0.201923076923077
Ybx3,chr6,-,131388449,,-0.573887405869033,55,79,34,27,59,42,0.41044776119403,0.300884955752212,0.584158415841584
Etv6,chr6,+,134035699,,0.76467341855,0,129,0,140,0,44,0,0,0
Crebl2,chr6,+,134830198,,1.77673973845,9,318,5,277,6,282,0.0275229357798165,0.0154798761609907,0.0208333333333333
Gprc5a,chr6,+,135065661,-2.17595966501555,,118,61,101,48,145,31,0.659217877094972,0.623456790123457,0.823863636363636
Hebp1,chr6,-,135168214,1.15653656079,-2.30372605244485,146,134,78,102,142,196,0.521428571428571,0.367924528301887,0.420118343195266
Emp1,chr6,+,135362930,-1.34024461066602,-1.14625744642913,104,40,58,55,71,87,0.722222222222222,0.591836734693878,0.449367088607595
Atf7ip,chr6,+,136518850,0.753007424207,,101,820,90,890,120,851,0.109663409337676,0.0989010989010989,0.123583934088569
Plbd1,chr6,-,136661892,,-2.34544919134355,143,75,83,20,176,51,0.655963302752294,0.525316455696203,0.775330396475771
Wbp11,chr6,-,136828215,0.38173197552,-0.793896795852728,17,224,14,237,15,187,0.0705394190871369,0.0588235294117647,0.0742574257425743
Art4,chr6,-,136857599,,1.70263559881,63,53,45,35,42,84,0.543103448275862,0.459183673469388,0.333333333333333
Erp27,chr6,-,136922179,,2.44009081299,77,6,79,9,52,8,0.927710843373494,0.929411764705882,0.866666666666667
Arhgdib,chr6,-,136941898,,-0.570775036143248,87,68,96,118,65,100,0.561290322580645,0.585365853658537,0.393939393939394
Ptpro,chr6,+,137252298,,-6.01549953638783,33,16,33,19,58,16,0.673469387755102,0.673469387755102,0.783783783783784
Eps8,chr6,-,137649284,-1.59983147692589,2.26294212341,46,21,45,38,45,23,0.686567164179104,0.681818181818182,0.661764705882353
Dera,chr6,+,137754576,0.378047353927,-1.03896343586627,55,173,65,80,70,155,0.241228070175439,0.273109243697479,0.311111111111111
Plekha5,chr6,+,140424098,-0.46972597120142,,47,74,57,91,32,46,0.388429752066116,0.435114503816794,0.41025641025641
Pde3a,chr6,+,141249268,9.53243044044,-1.93324330721052,0,20,1,29,0,21,0,0.0476190476190476,0
Abcc9,chr6,-,142702273,7.0421103585,-6.97832813206359,131,67,117,42,102,55,0.661616161616162,0.635869565217391,0.64968152866242
Cmas,chr6,+,142756685,0.507583009664,,2,42,5,16,0,37,0.0454545454545455,0.106382978723404,0
Gm7457,chr6,+,142814230,4.05968769462,,104,230,81,169,90,259,0.311377245508982,0.260450160771704,0.257879656160458
St8sia1,chr6,-,142964451,4.71794654511,-4.14682033138593,98,69,118,101,137,84,0.586826347305389,0.631016042780749,0.619909502262444
Etnk1,chr6,+,143167229,,0.610523832661,29,147,23,253,23,176,0.164772727272727,0.135294117647059,0.115577889447236
Bcat1,chr6,-,145076156,-1.46605490516468,,71,104,114,96,110,66,0.405714285714286,0.522935779816514,0.625
Itpr2,chr6,-,146502222,-2.38841172359219,1.94511643415,0,9,4,66,1,61,0,0.307692307692308,0.0161290322580645
Fgfr1op2,chr6,+,146577902,-0.348209397600064,0.562720080124,5,91,3,107,2,104,0.0520833333333333,0.0319148936170213,0.0188679245283019
Stk38l,chr6,+,146724929,-1.04983065096901,,108,160,79,126,102,235,0.402985074626866,0.330543933054393,0.302670623145401
Ppfibp1,chr6,+,146888493,-0.827098154142808,,11,6,1,21,10,27,0.647058823529412,0.142857142857143,0.27027027027027
Ccdc91,chr6,+,147475870,-1.00687090582141,0.699696405607,66,9,115,1,87,15,0.88,0.92741935483871,0.852941176470588
Rps4l,chr6,+,148354655,2.19920439528,-1.88195657232161,654,177,895,93,669,92,0.787003610108303,0.834888059701493,0.879106438896189
Tmtc1,chr6,-,148444351,2.51600841774,,6,33,10,53,4,64,0.153846153846154,0.232558139534884,0.0588235294117647
Dennd5b,chr6,-,149101679,-1.42609754484781,2.0272492179,7,41,16,23,8,40,0.145833333333333,0.280701754385965,0.166666666666667
Bicd1,chr6,+,149408983,-1.33859430444355,2.59182172791,12,46,22,41,18,69,0.206896551724138,0.323529411764706,0.206896551724138
Cacng8,chr7,+,3394041,-6.52496634623042,,135,1,83,6,97,0,0.992647058823529,0.988095238095238,1
Prpf31,chr7,+,3629984,,-0.677994620849713,1,122,0,120,0,127,0.00813008130081301,0,0
Mir3572,chr7,+,3655961,0.732707864414,,69,0,54,0,39,0,1,1,1
Mboat7,chr7,-,3692985,-0.354857581278822,,0,79,1,98,0,75,0,0.0125,0
Pirb,chr7,-,3720381,2.64482334612,-2.63856310281716,18,0,8,0,15,0,1,1,1
Pira2,chr7,-,3845050,5.80676607113,,14,1,33,0,26,2,0.933333333333333,0.970588235294118,0.928571428571429
Lair1,chr7,-,4063203,-4.26095728003354,3.57290471814,90,20,68,19,83,41,0.818181818181818,0.772727272727273,0.669354838709677
Leng8,chr7,+,4137055,,0.907129336157,1,63,0,77,1,122,0.015625,0,0.00813008130081301
Cdc42ep5,chr7,-,4164704,2.38373471448,,0,14,0,10,1,2,0,0,0.333333333333333
Lilra5,chr7,+,4237753,,-7.24293596037245,171,16,170,21,102,5,0.914438502673797,0.913978494623656,0.953271028037383
Pira6,chr7,-,4282927,,-5.25284260982321,10,4,11,0,2,2,0.714285714285714,0.733333333333333,0.5
Rdh13,chr7,-,4445656,-0.46590895792722,,10,34,9,40,14,14,0.227272727272727,0.209302325581395,0.5
Eps8l1,chr7,+,4460696,,1.70826218333,13,2,8,2,6,3,0.866666666666667,0.8,0.666666666666667
Tnnt1,chr7,-,4515974,2.27032898713,-1.87971909832054,17,0,14,2,8,0,1,1,1
Dnaaf3,chr7,-,4532464,-1.38920149302964,2.23933677736,51,39,59,55,45,42,0.566666666666667,0.602040816326531,0.517241379310345
Brsk1,chr7,+,4690927,0.951991260365,,13,1,9,0,7,2,0.928571428571429,0.9,0.777777777777778
Rpl28,chr7,+,4792964,0.519897239798,,31,127,20,151,40,126,0.19620253164557,0.136054421768708,0.240963855421687
Ube2s,chr7,-,4812339,,-1.29356109631324,3,207,1,205,0,146,0.0142857142857143,0.00480769230769231,0
Shisa7,chr7,-,4844695,,4.68005032185,14,31,10,20,12,41,0.311111111111111,0.24390243902439,0.226415094339623
Zfp579,chr7,-,4996100,,1.2730194302,12,23,6,12,6,26,0.342857142857143,0.206896551724138,0.1875
Zfp580,chr7,+,5051531,1.95391353414,,35,69,45,56,36,82,0.336538461538462,0.394736842105263,0.305084745762712
U2af2,chr7,+,5062142,,-0.672677667651052,1,107,0,75,0,45,0.00925925925925926,0,0
Epn1,chr7,+,5080234,0.496518696393,-0.909330759867323,1,41,4,37,1,27,0.0238095238095238,0.0888888888888889,0.0357142857142857
Rasl2-9,chr7,-,5125949,3.41599237687,,197,48,192,46,174,28,0.804081632653061,0.8,0.861386138613861
Zfp28,chr7,+,6383317,-0.657690566139191,,43,92,25,54,35,39,0.318518518518519,0.213675213675214,0.472972972972973
Peg3os,chr7,+,6706759,4.20018086652,,218,3,188,4,245,3,0.986425339366516,0.984293193717278,0.987903225806452
Peg3,chr7,-,6730418,4.39261513374,-2.20653215692215,133,134,153,89,165,156,0.49812734082397,0.533101045296167,0.514018691588785
Zscan18,chr7,-,12803637,0.829020276386,,55,245,41,269,59,310,0.183333333333333,0.143356643356643,0.159891598915989
Trim28,chr7,+,13024151,,-0.846446852050052,0,38,0,30,0,62,0,0,0
Ube2m,chr7,-,13038274,,-0.931360600293426,1,306,6,188,7,346,0.00325732899022801,0.0192307692307692,0.0198300283286119
Lig1,chr7,+,13277174,,-0.817685488880663,101,0,123,1,83,1,1,1,0.988095238095238
Ehd2,chr7,-,15967534,,-1.54796548697581,13,1,26,2,28,0,0.928571428571429,0.962962962962963,1
C5ar2,chr7,-,16244153,4.06108077847,,44,14,27,11,31,9,0.758620689655172,0.658536585365854,0.775
C5ar1,chr7,-,16259539,,-7.97776230428681,58,1,64,4,69,4,0.983050847457627,0.984615384615385,0.945205479452055
Sae1,chr7,-,16387895,-0.494872574316895,-0.783229885566487,1,42,5,61,8,49,0.0232558139534884,0.106382978723404,0.140350877192982
Arhgap35,chr7,-,16614992,-0.782780917597125,,1,32,1,53,2,73,0.0303030303030303,0.0303030303030303,0.0266666666666667
Slc1a5,chr7,+,16781345,-0.526767261432591,,0,94,0,152,1,111,0,0,0.00892857142857143
Prkd2,chr7,+,16842901,-0.687211943567321,,0,102,0,68,0,81,0,0,0
Dact3,chr7,+,16875316,1.13097997841,,6,195,1,111,3,132,0.0298507462686567,0.00510204081632653,0.0222222222222222
Calm3,chr7,-,16924031,,-0.595384166782163,60,195,56,160,63,192,0.235294117647059,0.223107569721116,0.247058823529412
Pnmal2,chr7,+,16944681,3.31724439998,,107,73,102,81,104,59,0.594444444444445,0.582857142857143,0.638036809815951
Ccdc8,chr7,+,16993901,1.15915795532,,2,32,0,34,0,9,0.0588235294117647,0,0
Hif3a,chr7,-,17062426,4.32858249204,-2.65914870377001,16,62,24,39,23,24,0.205128205128205,0.27906976744186,0.48936170212766
Mill2,chr7,+,18839965,1.71698889605,2.81102404939,36,12,47,12,50,15,0.75,0.796610169491525,0.769230769230769
Pglyrp1,chr7,+,18884689,-0.769738690727384,,43,20,19,21,44,20,0.682539682539683,0.487179487179487,0.6875
Nova2,chr7,+,18925887,3.55125970191,-6.18514086946612,10,22,15,30,5,14,0.3125,0.405405405405405,0.263157894736842
Foxa3,chr7,-,19023538,,2.98737839964,70,39,87,35,56,54,0.642201834862385,0.690476190476191,0.509090909090909
Sympk,chr7,+,19024376,,-0.617323990024468,0,3,0,11,1,12,0,0,0.0769230769230769
Dmwd,chr7,+,19076199,-0.658979927754063,,9,166,4,212,4,232,0.0514285714285714,0.0235294117647059,0.0169491525423729
Dmpk,chr7,+,19083857,,-1.89582769461954,5,1,11,0,13,0,0.833333333333333,0.916666666666667,1
Six5,chr7,+,19094543,-0.6923438774842,0.895063847106,0,11,0,12,0,7,0,0,0
Snrpd2,chr7,+,19149837,,-0.689255830888256,3,576,4,295,2,470,0.00518134715025907,0.00689655172413793,0.00423728813559322
Eml2,chr7,+,19176420,,0.645950028765,1,11,0,9,1,6,0.0833333333333333,0,0.142857142857143
Gpr4,chr7,+,19212537,1.70749750616,,62,60,65,30,49,56,0.508196721311475,0.52,0.466666666666667
Fosb,chr7,-,19310044,,10.2808796328,3,172,4,116,5,152,0.0171428571428571,0.0227272727272727,0.0318471337579618
Cd3eap,chr7,-,19359482,,-0.886342260117111,44,335,31,357,42,171,0.116094986807388,0.0846994535519126,0.197183098591549
Mark4,chr7,-,19458842,0.582406212073,,27,4,16,4,23,0,0.870967741935484,0.8,1
Bloc1s3,chr7,-,19508369,-0.540748745762835,,0,110,0,66,0,105,0,0,0
Nkpd1,chr7,+,19518730,-1.61213449250127,,31,9,48,5,45,3,0.775,0.842105263157895,0.9375
Zfp296,chr7,+,19577286,-1.07679789565002,1.22293274005,18,38,24,42,40,29,0.321428571428571,0.387096774193548,0.579710144927536
Clptm1,chr7,-,19665029,,-0.587466348305023,15,333,23,295,16,259,0.0431034482758621,0.0646067415730337,0.0581818181818182
Apoc2,chr7,-,19677940,5.24903340618,-7.28268486872068,103,3,80,3,88,1,0.971698113207547,0.963855421686747,0.98876404494382
Apoc1,chr7,-,19692658,8.61909579587,-9.44290111724977,178,54,283,19,246,14,0.767241379310345,0.839762611275964,0.946153846153846
Apoe,chr7,-,19699187,2.80902600548,,5,42,7,77,1,65,0.106382978723404,0.142857142857143,0.0151515151515152
Tomm40,chr7,-,19715428,,-1.3068681198042,0,60,1,58,0,54,0,0.0163934426229508,0
Bcam,chr7,-,19770531,1.34523808702,-2.00390466273129,0,152,3,132,3,110,0,0.0193548387096774,0.0265486725663717
Zfp111,chr7,-,24208148,-0.667690928650361,0.938077159452,53,47,61,83,82,62,0.53,0.564814814814815,0.569444444444445
Plaur,chr7,+,24462482,-0.729048003546998,,3,31,9,33,4,52,0.0882352941176471,0.225,0.0714285714285714
Xrcc1,chr7,+,24546698,,-0.756256216962977,58,61,73,71,61,60,0.487394957983193,0.544776119402985,0.504132231404959
Ethe1,chr7,+,24587542,,-1.11611978684502,107,35,80,39,75,22,0.753521126760563,0.695652173913044,0.77319587628866
Zfp575,chr7,-,24587640,4.06448712988,,142,43,89,50,89,35,0.767567567567568,0.674242424242424,0.717741935483871
Cd79a,chr7,+,24897496,5.05976627366,,142,5,113,0,104,4,0.965986394557823,0.957627118644068,0.962962962962963
Rabac1,chr7,-,24972727,,0.650514924504,85,130,63,106,100,101,0.395348837209302,0.326424870466321,0.497512437810945
Mir6537,chr7,-,25097174,3.37180326553,,622,14,563,19,559,15,0.977987421383648,0.975736568457539,0.973867595818815
Pou2f2,chr7,-,25132459,3.69431932717,-1.07714647580319,144,150,157,127,189,194,0.489795918367347,0.511400651465798,0.493472584856397
Cic,chr7,+,25267698,0.462258895951,,0,272,0,222,6,257,0,0,0.0228136882129278
Ceacam1,chr7,-,25477624,0.797664145917,,14,29,18,19,20,31,0.325581395348837,0.382978723404255,0.392156862745098
Tmem91,chr7,-,25675165,3.06634280521,,89,60,74,59,55,44,0.597315436241611,0.552238805970149,0.555555555555556
Cyp2s1,chr7,-,25816524,-5.38892320248366,,72,19,46,8,88,21,0.791208791208791,0.707692307692308,0.807339449541285
Nlrp9a,chr7,+,26535022,4.89310431362,,12,0,7,3,16,0,1,1,1
BC024978,chr7,+,27195780,0.756926805983,-0.840077374044973,9,27,13,20,6,24,0.25,0.325,0.2
Snrpa,chr7,-,27196270,,-0.963981496347014,0,14,0,11,0,18,0,0,0
Ltbp4,chr7,-,27337611,,3.55085208801,28,30,32,5,32,25,0.482758620689655,0.516129032258065,0.56140350877193
Sptbn4,chr7,-,27446588,,1.9960237726,19,29,16,17,27,23,0.395833333333333,0.355555555555556,0.54
Blvrb,chr7,+,27447977,1.4597103757,-2.06159916115558,105,63,74,50,78,100,0.625,0.54014598540146,0.438202247191011
Pld3,chr7,-,27553217,-0.60088660034723,,29,10,40,11,27,9,0.743589743589744,0.8,0.75
Akt2,chr7,+,27591551,-0.5010787511978,,0,93,0,60,0,91,0,0,0
Psmc4,chr7,-,28050091,,-0.909461509583008,159,106,48,88,156,113,0.6,0.311688311688312,0.579925650557621
Fbl,chr7,+,28169747,,-0.674572045157941,10,162,2,143,5,88,0.0581395348837209,0.0121951219512195,0.0537634408602151
Timm50,chr7,-,28312045,,-0.884455963750948,24,113,11,70,23,117,0.175182481751825,0.0887096774193548,0.164285714285714
Plekhg2,chr7,-,28372661,1.05639546438,,0,293,0,235,0,226,0,0,0
Zfp36,chr7,-,28379227,,3.09554245452,25,5,16,5,16,7,0.833333333333333,0.761904761904762,0.695652173913044
Samd4b,chr7,-,28436190,0.638713402441,,9,35,5,42,8,22,0.204545454545455,0.125,0.266666666666667
Gmfg,chr7,+,28437468,1.03642402056,,26,32,39,41,46,20,0.448275862068966,0.549295774647887,0.696969696969697
Lrfn1,chr7,+,28451984,1.10675602475,,12,10,8,20,12,24,0.545454545454545,0.444444444444444,0.333333333333333
Mir7049,chr7,-,28560983,3.56437486243,,46,4,60,3,47,1,0.92,0.9375,0.979166666666667
Pak4,chr7,-,28598183,0.518449902153,-0.819021969316605,114,136,120,101,110,121,0.456,0.46875,0.476190476190476
Mrps12,chr7,-,28741820,,-0.882222270711235,34,70,33,57,29,58,0.326923076923077,0.320388349514563,0.333333333333333
Sars2,chr7,+,28741967,,-0.820040589207574,17,68,10,54,12,55,0.2,0.128205128205128,0.17910447761194
Hnrnpl,chr7,+,28810889,,-0.515339943874915,0,57,0,64,0,94,0,0,0
Map4k1,chr7,+,28982049,-0.410076865355724,,11,72,8,40,12,99,0.132530120481928,0.1,0.108108108108108
Rasgrp4,chr7,+,29134932,-0.866559907215121,,0,7,2,11,1,7,0,0.222222222222222,0.125
Psmd8,chr7,-,29180672,,-0.681071133948307,48,356,48,348,47,351,0.118811881188119,0.118811881188119,0.118090452261307
Catsperg1,chr7,-,29214032,1.51740038467,,182,64,235,26,169,22,0.739837398373984,0.785953177257525,0.884816753926702
Kcnk6,chr7,-,29232521,-0.945649728902904,,7,226,8,120,11,184,0.0300429184549356,0.0341880341880342,0.0564102564102564
Spint2,chr7,-,29281976,-0.756883968514762,,139,54,102,25,92,48,0.72020725388601,0.653846153846154,0.657142857142857
Sipa1l3,chr7,-,29505459,0.567722983884,,27,20,28,29,20,33,0.574468085106383,0.583333333333333,0.377358490566038
Zfp790,chr7,+,29816071,,0.742927636392,15,93,11,114,13,138,0.138888888888889,0.105769230769231,0.0860927152317881
Zfp568,chr7,+,29983954,,-1.56300779448446,28,223,29,208,20,169,0.111553784860558,0.115079365079365,0.105820105820106
Gm5113,chr7,+,30169874,0.709208916732,,22,652,12,452,18,595,0.0326409495548961,0.0180722891566265,0.0293637846655791
Capns1,chr7,-,30195152,-0.4025213148335,,86,329,62,307,86,279,0.207228915662651,0.158567774936061,0.235616438356164
Wdr62,chr7,-,30280420,-0.411905772569518,-0.986654265579215,16,140,9,128,15,123,0.102564102564103,0.0604026845637584,0.108695652173913
Clip3,chr7,+,30291694,2.16658323006,0.880557454408,92,59,109,54,128,77,0.609271523178808,0.648809523809524,0.624390243902439
Syne4,chr7,+,30314815,1.13009729109,,356,46,458,15,320,32,0.885572139303483,0.908730158730159,0.909090909090909
Lrfn3,chr7,-,30362771,6.33250007978,,41,31,47,26,38,29,0.569444444444445,0.602564102564103,0.567164179104478
Tyrobp,chr7,+,30413781,,-3.51247061829855,36,25,22,21,53,16,0.59016393442623,0.468085106382979,0.768115942028986
Hcst,chr7,-,30419853,-0.970300199082284,,86,40,75,61,85,65,0.682539682539683,0.652173913043478,0.566666666666667
Cox6b1,chr7,-,30626113,,-0.807916300277095,66,132,57,149,64,123,0.333333333333333,0.301587301587302,0.342245989304813
Atp4a,chr7,+,30712208,1.83274436135,,105,41,95,29,102,17,0.719178082191781,0.698529411764706,0.857142857142857
Tmem147,chr7,-,30729533,-0.628317557282538,,1,71,0,63,0,32,0.0138888888888889,0,0
Ffar2,chr7,-,30823774,,2.53662237158,168,4,266,9,229,12,0.976744186046512,0.985185185185185,0.950207468879668
Cd22,chr7,-,30880341,2.95129691072,,40,4,29,5,28,2,0.909090909090909,0.878787878787879,0.933333333333333
Lsr,chr7,-,30973468,1.61656110845,,58,103,83,94,88,97,0.360248447204969,0.446236559139785,0.475675675675676
Fam187b,chr7,+,30973793,2.63694933043,,80,84,106,83,96,90,0.487804878048781,0.557894736842105,0.516129032258065
Fxyd5,chr7,-,31042330,-0.752152040086056,0.930187399927,7,35,11,37,11,33,0.166666666666667,0.239130434782609,0.25
Fxyd7,chr7,-,31051453,4.423135222,,2,171,6,126,20,222,0.0115606936416185,0.0338983050847458,0.0826446280991736
Fxyd1,chr7,-,31055655,4.47301718161,,25,6,18,1,28,4,0.806451612903226,0.75,0.875
Hpn,chr7,-,31115325,0.960130754438,,44,15,34,3,22,6,0.745762711864407,0.693877551020408,0.785714285714286
Scn1b,chr7,-,31127022,-2.27619722236597,,2,59,1,23,2,53,0.0327868852459016,0.0166666666666667,0.0363636363636364
Gramd1a,chr7,-,31151170,,0.732176029421,0,33,0,0,0,19,0,0,0
Gm10640,chr7,+,31162357,3.35396974961,,146,22,139,43,109,34,0.869047619047619,0.863354037267081,0.762237762237762
Wtip,chr7,-,34133267,2.05156595454,,23,24,32,31,35,43,0.48936170212766,0.571428571428571,0.448717948717949
Uba2,chr7,-,34168528,,-0.735305619640254,60,144,43,133,38,209,0.294117647058824,0.229946524064171,0.153846153846154
Gpi1,chr7,-,34230335,-0.521988871589611,,33,12,14,13,25,18,0.733333333333333,0.538461538461538,0.581395348837209
Pepd,chr7,+,34912406,-0.440069984054315,,15,49,15,65,24,16,0.234375,0.234375,0.6
Cebpa,chr7,+,35119292,-1.44921461672875,,0,59,2,60,0,36,0,0.0327868852459016,0
Nudt19,chr7,-,35555927,,-0.949364791617725,94,99,61,93,85,73,0.487046632124352,0.38125,0.537974683544304
Rgs9bp,chr7,-,35585581,1.19092763787,,1,54,0,115,1,126,0.0181818181818182,0,0.0078740157480315
Ankrd27,chr7,+,35586246,-0.338567048971494,,0,12,0,11,0,3,0,0,0
Pdcd5,chr7,-,35647481,0.394952662627,-0.967624275735451,56,47,57,23,27,72,0.54368932038835,0.548076923076923,0.272727272727273
Zfp507,chr7,-,35802988,-0.52438952481812,,48,51,44,33,70,57,0.484848484848485,0.463157894736842,0.551181102362205
Tshz3,chr7,+,36698117,1.17099763699,,3,23,7,36,6,37,0.115384615384615,0.233333333333333,0.13953488372093
Plekhf1,chr7,-,38227993,-1.27982603538684,,89,117,47,71,91,101,0.432038834951456,0.286585365853659,0.473958333333333
AI987944,chr7,-,41393378,-0.689432064175718,1.32917010147,5,85,6,28,10,71,0.0555555555555556,0.0659340659340659,0.123456790123457
Zfp715,chr7,-,43313299,-0.553629701081332,1.9243431445,89,88,39,77,104,51,0.502824858757062,0.307086614173228,0.670967741935484
Siglecg,chr7,+,43408238,1.84277822679,,12,2,13,0,4,0,0.857142857142857,0.866666666666667,1
Lim2,chr7,+,43430098,,7.48787152938,39,5,32,1,30,4,0.886363636363636,0.864864864864865,0.882352941176471
Nkg7,chr7,+,43437137,-1.86089469664033,2.03668348689,37,15,21,22,24,9,0.711538461538462,0.583333333333333,0.727272727272727
Cldnd2,chr7,+,43440815,-2.14536575167702,,85,6,79,5,64,3,0.934065934065934,0.929411764705882,0.955223880597015
Vsig10l,chr7,+,43463150,,1.48528756668,30,6,31,0,34,1,0.833333333333333,0.837837837837838,0.971428571428571
Cd33,chr7,-,43533170,-0.973386277975513,-3.31614514638093,20,9,25,29,32,17,0.689655172413793,0.735294117647059,0.653061224489796
Siglece,chr7,-,43660160,3.56315678315,-7.61489802708032,182,18,140,9,215,8,0.91,0.886075949367089,0.964125560538117
Klk8,chr7,+,43797576,2.60054671051,,12,96,10,77,8,118,0.111111111111111,0.0943396226415094,0.0634920634920635
Klk7,chr7,+,43811293,3.11211942175,,63,22,82,26,86,19,0.741176470588235,0.788461538461538,0.819047619047619
1700008O03Rik,chr7,-,44375029,1.67691285953,,30,35,22,12,77,41,0.461538461538462,0.385964912280702,0.652542372881356
Josd2,chr7,+,44467979,,-0.924784010360766,99,130,111,92,82,141,0.432314410480349,0.460580912863071,0.367713004484305
Fam71e1,chr7,+,44496594,1.32648722738,,51,47,62,35,56,37,0.520408163265306,0.568807339449541,0.602150537634409
Pold1,chr7,-,44548814,,-0.597666631147479,21,131,34,122,37,166,0.138157894736842,0.206060606060606,0.182266009852217
Napsa,chr7,+,44572444,-1.5709794397089,0.998509599619,30,6,13,7,31,11,0.833333333333333,0.68421052631579,0.738095238095238
Myh14,chr7,-,44670842,,9.41815120926,25,76,25,148,41,128,0.247524752475248,0.247524752475248,0.242603550295858
Nup62,chr7,+,44816087,,-0.82976802614766,12,86,20,77,16,51,0.122448979591837,0.188679245283019,0.238805970149254
Atf5,chr7,-,44816657,,-0.746417179958523,3,123,10,132,6,57,0.0238095238095238,0.075187969924812,0.0952380952380952
Med25,chr7,-,44892423,,-0.864759758908527,42,308,84,298,56,165,0.12,0.214285714285714,0.253393665158371
Ap2a1,chr7,-,44929489,,-0.657586129264422,0,11,0,10,0,6,0,0,0
Cpt1c,chr7,-,44974850,-1.61624210496246,,28,37,22,38,21,25,0.430769230769231,0.372881355932203,0.456521739130435
Prmt1,chr7,-,44986419,,-1.00471634252106,10,10,8,12,11,4,0.5,0.444444444444444,0.733333333333333
Dkkl1,chr7,-,45211882,-2.3688043679597,1.76851592497,85,278,61,153,121,367,0.234159779614325,0.179941002949853,0.247950819672131
Cd37,chr7,-,45239114,0.431889702405,,53,89,32,83,53,69,0.373239436619718,0.264462809917355,0.434426229508197
Rpl14-ps1,chr7,+,45324957,-1.08057985761844,,137,0,146,0,128,6,1,1,0.955223880597015
Ppfia3,chr7,-,45367018,,-7.02807678611178,10,132,3,128,3,112,0.0704225352112676,0.0222222222222222,0.0260869565217391
Ntf5,chr7,+,45413694,4.69962667084,,1,9,0,0,4,10,0.1,0,0.285714285714286
Ruvbl2,chr7,-,45434463,,-0.97687445355441,16,51,11,43,15,31,0.238805970149254,0.17741935483871,0.326086956521739
Gys1,chr7,+,45434838,-0.734520850026536,,23,51,19,43,31,31,0.310810810810811,0.271428571428571,0.5
Ftl1,chr7,-,45459885,-0.97222192993246,,15,18,6,25,7,42,0.454545454545455,0.25,0.142857142857143
Bax,chr7,-,45466897,-0.755220167176817,-0.892448313159166,25,178,15,134,29,201,0.123152709359606,0.077720207253886,0.126086956521739
Tulp2,chr7,+,45486261,2.33285092584,,161,6,215,11,91,3,0.964071856287425,0.972850678733032,0.968085106382979
Dhdh,chr7,-,45488804,,0.850398917053,196,61,183,61,104,35,0.762645914396887,0.75,0.748201438848921
Nucb1,chr7,-,45510407,-0.876132637870372,,58,248,34,408,63,456,0.189542483660131,0.120567375886525,0.121387283236994
Ppp1r15a,chr7,-,45526267,,2.73149069481,1,174,3,114,1,100,0.00571428571428571,0.0169491525423729,0.0099009900990099
Bcat2,chr7,+,45570152,,-0.947398639538528,120,15,152,13,123,27,0.888888888888889,0.910179640718563,0.82
Izumo1,chr7,+,45621810,2.30534241031,,280,44,196,16,233,35,0.864197530864198,0.816666666666667,0.869402985074627
Rasip1,chr7,+,45627536,4.34600241908,-3.08516651023571,110,36,181,21,184,23,0.753424657534247,0.834101382488479,0.888888888888889
Car11,chr7,+,45699803,,2.31484818899,22,187,26,211,40,184,0.105263157894737,0.122065727699531,0.178571428571429
Kcnj14,chr7,-,45824746,2.79997949626,,55,5,94,3,80,3,0.916666666666667,0.949494949494949,0.963855421686747
Grwd1,chr7,-,45830788,,-1.03471057531881,32,210,12,173,31,164,0.132231404958678,0.0540540540540541,0.158974358974359
Grin2d,chr7,-,45866680,,2.57232810825,19,45,20,25,40,48,0.296875,0.307692307692308,0.454545454545455
Kdelr1,chr7,+,45872839,-0.416589204782524,,1,42,0,42,1,31,0.0232558139534884,0,0.03125
Tmem143,chr7,+,45897068,-0.400894166093622,,22,100,12,128,10,75,0.180327868852459,0.107142857142857,0.117647058823529
Emp3,chr7,-,45921425,-0.665638076859159,,89,10,38,12,103,12,0.898989898989899,0.791666666666667,0.895652173913044
Kcnj11,chr7,-,46100763,-2.44118105715041,,19,6,30,16,30,12,0.76,0.833333333333333,0.714285714285714
Ldha,chr7,+,46845803,,-1.01052444422806,12,111,17,142,5,77,0.0975609756097561,0.1328125,0.0609756097560976
Ldhc,chr7,+,46861262,,-6.98626750519666,269,33,274,33,184,10,0.890728476821192,0.892508143322475,0.948453608247423
Tmem86a,chr7,+,47050639,-0.750512601920623,,66,105,44,73,82,79,0.385964912280702,0.295302013422819,0.509316770186335
Csrp3,chr7,-,48848050,-3.58444863529921,,103,4,108,2,122,2,0.962616822429906,0.964285714285714,0.983870967741936
Nav2,chr7,+,48959072,,1.42153144548,36,65,56,74,40,56,0.356435643564356,0.462809917355372,0.416666666666667
Htatip2,chr7,+,49759105,-1.03721766602148,,191,6,218,12,183,10,0.969543147208122,0.973214285714286,0.948186528497409
Cyfip1,chr7,+,55842070,-0.468346326705598,,47,136,84,81,70,120,0.256830601092896,0.381818181818182,0.368421052631579
Snurf,chr7,-,60005198,1.24726554751,-1.44221800670094,10,4,9,8,1,2,0.714285714285714,0.692307692307692,0.333333333333333
Snrpn,chr7,-,60450176,1.24726554751,-1.44221800670094,56,2,53,10,94,8,0.96551724137931,0.963636363636364,0.92156862745098
Ndn,chr7,+,62348276,1.43424661769,,18,9,30,44,34,40,0.666666666666667,0.769230769230769,0.45945945945946
Chrna7,chr7,-,63212525,4.44387413627,,19,137,11,180,11,117,0.121794871794872,0.0743243243243243,0.0859375
Klf13,chr7,-,63938914,0.438602712456,,0,20,0,11,0,21,0,0,0
Tjp1,chr7,-,65371243,-1.00214822568298,,13,44,17,61,5,76,0.228070175438597,0.278688524590164,0.0617283950617284
Tarsl2,chr7,+,65644897,,-0.71580547605498,63,22,79,39,31,11,0.741176470588235,0.782178217821782,0.738095238095238
Tm2d3,chr7,+,65693416,-0.46536249883557,,40,118,42,108,37,86,0.253164556962025,0.2625,0.300813008130081
Pcsk6,chr7,+,65862135,2.37383145137,,11,12,30,14,11,13,0.478260869565217,0.714285714285714,0.458333333333333
Snrpa1,chr7,+,66060335,,-0.846979836921571,62,291,38,272,45,285,0.175637393767705,0.115501519756839,0.136363636363636
Synm,chr7,-,67759741,-3.44872488291977,2.09044190706,61,317,56,267,81,128,0.161375661375661,0.150134048257373,0.38755980861244
Igf1r,chr7,+,67952256,0.953169181319,,2,241,2,356,0,189,0.00823045267489712,0.00823045267489712,0
Fam169b,chr7,+,68273838,1.82331494881,,49,3,48,2,35,2,0.942307692307692,0.941176470588235,0.945945945945946
Arrdc4,chr7,-,68749237,1.01429643984,,9,25,10,34,13,30,0.264705882352941,0.285714285714286,0.302325581395349
Mctp2,chr7,-,72306594,,1.44830487107,32,221,22,186,13,198,0.126482213438735,0.0905349794238683,0.0616113744075829
Chd2,chr7,-,73541745,,0.786245271422,93,225,87,236,94,233,0.292452830188679,0.278846153846154,0.287461773700306
St8sia2,chr7,-,74013681,2.60960927914,,8,14,20,16,11,6,0.363636363636364,0.588235294117647,0.647058823529412
Akap13,chr7,+,75455533,,0.993291685207,18,74,5,46,16,76,0.195652173913043,0.0632911392405063,0.173913043478261
Klhl25,chr7,+,75848337,-0.626476244057917,,8,274,3,217,7,258,0.0283687943262411,0.0108303249097473,0.0264150943396226
Mrpl46,chr7,-,78783088,,-0.917838741449594,28,87,25,77,25,95,0.243478260869565,0.223214285714286,0.208333333333333
Isg20,chr7,+,78913423,-1.08347777894734,1.31568617133,15,61,23,38,13,59,0.197368421052632,0.273809523809524,0.180555555555556
Mfge8,chr7,-,79149059,-0.538731891056981,,12,31,15,31,4,14,0.27906976744186,0.326086956521739,0.222222222222222
Abhd2,chr7,+,79273265,-1.28903531989768,,64,85,67,47,39,47,0.429530201342282,0.440789473684211,0.453488372093023
Polg,chr7,-,79466272,0.536126503409,,14,290,48,247,25,147,0.0460526315789474,0.142011834319527,0.145348837209302
Ticrr,chr7,+,79660195,,-0.953281980127524,53,157,50,183,44,140,0.252380952380952,0.241545893719807,0.239130434782609
Pex11a,chr7,-,79743130,-1.13869351682213,2.22075929976,74,142,68,98,83,156,0.342592592592593,0.323809523809524,0.347280334728034
Anpep,chr7,-,79848209,1.50527288673,,73,44,96,25,67,25,0.623931623931624,0.685714285714286,0.728260869565217
Cib1,chr7,-,80232804,,-1.16137743928111,0,81,1,49,0,96,0,0.0121951219512195,0
Prc1,chr7,+,80294450,,-0.694117705598775,0,39,0,41,0,44,0,0,0
Unc45a,chr7,-,80340218,-0.437397706339893,,0,8,0,11,0,17,0,0,0
Man2a2,chr7,-,80371374,-0.584438556068677,0.559188264701,48,14,52,17,34,11,0.774193548387097,0.787878787878788,0.755555555555556
Fes,chr7,-,80387945,-0.701620838066686,,24,24,20,26,17,13,0.5,0.454545454545455,0.566666666666667
Furin,chr7,-,80405435,,0.894542017722,59,7,61,16,43,12,0.893939393939394,0.897058823529412,0.781818181818182
Alpk3,chr7,+,81057599,1.76244716675,,56,63,58,19,136,15,0.470588235294118,0.479338842975207,0.900662251655629
Pde8a,chr7,+,81213264,-1.53943314628164,2.27980063767,1,178,1,105,0,127,0.00558659217877095,0.00558659217877095,0
Fsd2,chr7,-,81566980,2.51208348151,,114,7,141,2,127,5,0.942148760330578,0.952702702702703,0.962121212121212
Whamm,chr7,+,81571291,-0.433169190441507,,37,19,21,24,14,6,0.660714285714286,0.525,0.7
Homer2,chr7,-,81706924,1.11524032139,,83,27,52,22,110,28,0.754545454545455,0.658227848101266,0.797101449275362
Tm6sf1,chr7,+,81859000,,-1.02218746151139,64,76,70,92,116,74,0.457142857142857,0.479452054794521,0.610526315789474
Sh3gl3,chr7,+,82174795,5.35062643075,-3.39998794416023,225,27,193,23,270,34,0.892857142857143,0.877272727272727,0.888157894736842
Il16,chr7,-,83735538,0.627677623487,,17,4,15,2,22,0,0.80952380952381,0.789473684210526,1
Abhd17c,chr7,-,84151892,,-0.616833957469738,24,78,27,61,40,85,0.235294117647059,0.257142857142857,0.32
Arnt2,chr7,-,84410037,,-7.13851121171441,13,43,22,46,24,23,0.232142857142857,0.338461538461539,0.51063829787234
Fah,chr7,-,84605941,-3.24902243340646,,39,86,46,75,65,125,0.312,0.348484848484849,0.342105263157895
2610206C17Rik,chr7,+,84689639,1.78732897725,,0,12,2,21,4,10,0,0.142857142857143,0.285714285714286
Nox4,chr7,+,87246648,2.33306239265,,38,37,37,87,45,74,0.506666666666667,0.5,0.378151260504202
Ctsc,chr7,+,88278084,-0.605716570214116,-0.879602893389173,3,77,0,125,0,127,0.0375,0,0
Rab38,chr7,+,88430272,-1.02496721729009,1.02232088637,37,32,0,14,19,42,0.536231884057971,0,0.311475409836066
Sytl2,chr7,+,90302354,2.4766601154,,4,65,2,63,4,53,0.0579710144927536,0.0298507462686567,0.0701754385964912
Crebzf,chr7,+,90442780,0.506110550123,,12,156,1,134,2,152,0.0714285714285714,0.00636942675159236,0.012987012987013
Dlg2,chr7,+,91090785,1.55602603301,2.87677642218,14,17,20,16,10,30,0.451612903225806,0.540540540540541,0.25
Pcf11,chr7,-,92669911,,0.937238558352,31,26,35,47,29,42,0.543859649122807,0.573770491803279,0.408450704225352
Rab30,chr7,+,92741713,4.82767388308,,1,172,1,82,3,178,0.00578034682080925,0.00578034682080925,0.0165745856353591
Ddias,chr7,-,92874246,-0.618010356849919,,19,172,15,152,13,119,0.0994764397905759,0.0802139037433155,0.0984848484848485
Fam181b,chr7,+,93079878,4.08196965938,,23,28,18,27,24,29,0.450980392156863,0.391304347826087,0.452830188679245
Tenm4,chr7,+,96171243,4.23445664828,-2.59162714000296,20,26,6,27,15,14,0.434782608695652,0.1875,0.517241379310345
Gm15413,chr7,-,96801548,5.32949294432,,78,11,63,6,89,9,0.876404494382023,0.851351351351351,0.908163265306122
Alg8,chr7,+,97371616,-0.547053397566127,,16,53,28,25,35,25,0.231884057971015,0.345679012345679,0.583333333333333
Ndufc2,chr7,+,97400002,,-0.85307585045588,118,67,97,66,99,34,0.637837837837838,0.591463414634146,0.744360902255639
Kctd14,chr7,+,97451333,1.01629742189,,84,86,49,62,57,133,0.494117647058824,0.362962962962963,0.3
Rsf1,chr7,+,97579895,,0.682564932012,3,26,0,28,1,25,0.103448275862069,0,0.0384615384615385
Clns1a,chr7,+,97696656,,-0.661713771556045,61,52,98,68,74,57,0.539823008849558,0.653333333333333,0.564885496183206
Pak1,chr7,+,97788540,-0.536805716154084,,32,39,21,27,17,23,0.450704225352113,0.35,0.425
Capn5,chr7,-,98178273,,0.640652507797,22,12,27,14,22,6,0.647058823529412,0.692307692307692,0.785714285714286
Acer3,chr7,-,98321207,0.59349398822,-0.981425096077542,17,0,11,0,14,0,1,1,1
Tsku,chr7,-,98361327,,-5.84666751047607,0,12,0,11,0,9,0,0,0
Lrrc32,chr7,+,98489990,4.34154734668,-3.43290243787136,8,59,11,69,16,52,0.119402985074627,0.157142857142857,0.235294117647059
Serpinh1,chr7,-,99353238,1.46045151488,-0.97863471829452,31,33,50,26,33,14,0.484375,0.602409638554217,0.702127659574468
Gdpd5,chr7,+,99381517,3.0589717216,-10.0108105088789,16,299,12,153,12,221,0.0507936507936508,0.0385852090032154,0.0515021459227468
Arrb1,chr7,+,99535485,0.526110873932,-0.660493311035644,21,44,17,42,20,35,0.323076923076923,0.278688524590164,0.363636363636364
Pold3,chr7,-,100121501,0.301188252006,-0.601078657639186,29,66,17,85,28,42,0.305263157894737,0.204819277108434,0.4
Lipt2,chr7,+,100159276,0.822556562243,,66,72,95,93,45,94,0.478260869565217,0.568862275449102,0.323741007194245
Kcne3,chr7,+,100176669,3.36670294512,,2,10,3,7,5,7,0.166666666666667,0.230769230769231,0.416666666666667
Ppme1,chr7,-,100371895,-0.354812857962429,,3,91,6,89,0,78,0.0319148936170213,0.0618556701030928,0
Ucp2,chr7,+,100493357,-0.583819384561328,,0,18,0,14,0,12,0,0,0
Coa4,chr7,+,100537099,,-1.10821259602254,25,28,21,16,21,21,0.471698113207547,0.428571428571429,0.5
Rab6a,chr7,+,100607585,-0.468692694587224,,51,56,49,96,42,77,0.476635514018692,0.466666666666667,0.352941176470588
Plekhb1,chr7,-,100662393,3.96967497537,,106,66,88,72,96,61,0.616279069767442,0.571428571428571,0.611464968152866
Arhgef17,chr7,-,100932160,1.08879143787,,0,137,1,99,0,113,0,0.0072463768115942,0
P2ry6,chr7,-,100964365,4.0440928159,-3.84949642591259,45,8,37,5,55,3,0.849056603773585,0.822222222222222,0.948275862068965
Fchsd2,chr7,+,101108774,-0.513037372654901,,1,57,0,62,1,52,0.0172413793103448,0,0.0188679245283019
Stard10,chr7,+,101317085,0.446128891957,,23,10,12,13,11,5,0.696969696969697,0.545454545454545,0.6875
Pde2a,chr7,+,101421690,2.05782645587,,38,6,18,11,36,11,0.863636363636364,0.75,0.765957446808511
Clpb,chr7,+,101663750,,-0.611753552683016,9,133,7,139,7,67,0.0633802816901408,0.05,0.0945945945945946
Inppl1,chr7,-,101838225,-0.489863006423972,,19,118,29,130,28,86,0.138686131386861,0.197278911564626,0.245614035087719
Folr2,chr7,-,101857189,,-2.44170613165368,68,7,65,5,115,4,0.906666666666667,0.902777777777778,0.966386554621849
Lamtor1,chr7,+,101905836,-0.32528571012958,-0.717676829908813,21,131,8,130,13,152,0.138157894736842,0.0575539568345324,0.0787878787878788
Art5,chr7,-,102100228,1.47164885235,,17,116,22,116,22,105,0.12781954887218,0.159420289855072,0.173228346456693
Art1,chr7,+,102101742,5.03440703813,,18,3,19,0,23,1,0.857142857142857,0.863636363636364,0.958333333333333
Pgap2,chr7,+,102210172,-0.39205137013367,,17,115,10,59,7,108,0.128787878787879,0.08,0.0608695652173913
Rhog,chr7,-,102250117,,-1.19818915960621,0,62,0,82,1,66,0,0,0.0149253731343284
Rrm1,chr7,+,102441694,,-0.852758853034104,55,91,22,79,49,76,0.376712328767123,0.194690265486726,0.392
Trim21,chr7,-,102565481,,1.00066082684,117,19,68,7,140,20,0.860294117647059,0.781609195402299,0.875
Trim68,chr7,-,102687326,,1.02005691343,73,135,65,120,60,97,0.350961538461538,0.325,0.382165605095541
Hbb-b2,chr7,-,103813922,5.29913916861,-4.72955713387559,23,7,17,2,13,1,0.766666666666667,0.708333333333333,0.928571428571429
Hbb-bt,chr7,-,103813922,5.29913916861,-4.72955713387559,23,7,17,2,13,1,0.766666666666667,0.708333333333333,0.928571428571429
Hbb-bs,chr7,-,103827927,9.78749732754,-10.3641095178196,11,0,14,0,11,0,1,1,1
Hbb-b1,chr7,-,103827928,9.78749732754,-10.3641095178196,11,0,14,0,11,0,1,1,1
Hbb-y,chr7,-,103853206,,-11.296539983455,97,2,60,5,97,4,0.97979797979798,0.967741935483871,0.96039603960396
Olfr631,chr7,+,103915061,6.54433969529,,12,1,9,0,12,1,0.923076923076923,0.9,0.923076923076923
Olfr632,chr7,+,103937381,4.96960835175,,122,2,163,2,184,2,0.983870967741936,0.987878787878788,0.989247311827957
Trim34a,chr7,+,104244456,,1.22051375875,12,44,13,46,10,22,0.214285714285714,0.228070175438597,0.3125
Trim12a,chr7,-,104315494,,1.61736985673,3,199,6,247,4,231,0.0148514851485149,0.0292682926829268,0.0170212765957447
Trim12c,chr7,-,104353357,,1.69240674794,25,94,27,115,17,115,0.210084033613445,0.223140495867769,0.128787878787879
Trim30b,chr7,-,104358645,,3.71240565799,48,1,54,4,59,0,0.979591836734694,0.981818181818182,1
Trim30a,chr7,-,104465192,,1.29274678807,0,13,0,3,1,13,0,0,0.0714285714285714
Trim30d,chr7,-,104507848,,2.59740340184,17,0,7,0,10,0,1,1,1
Gm5901,chr7,+,105375037,0.967030939611,,82,5,76,2,118,2,0.942528735632184,0.938271604938272,0.983333333333333
Fam160a2,chr7,-,105400053,0.739508726575,,2,76,0,33,0,75,0.0256410256410256,0,0
Apbb1,chr7,-,105581652,0.788027927726,,8,35,13,57,11,40,0.186046511627907,0.270833333333333,0.215686274509804
Trim3,chr7,-,105633570,-0.675868200025304,1.03361780604,20,134,15,122,5,180,0.12987012987013,0.100671140939597,0.027027027027027
Arfip2,chr7,-,105640415,-0.365828614129464,,86,16,94,16,73,18,0.843137254901961,0.854545454545455,0.802197802197802
Ilk,chr7,+,105736589,-0.371652854691634,,2,145,4,149,2,86,0.0136054421768707,0.0268456375838926,0.0227272727272727
Taf10,chr7,-,105744337,,-0.827207489994187,104,83,71,125,86,145,0.556149732620321,0.461038961038961,0.372294372294372
Tpp1,chr7,-,105752234,-0.446473203975989,,20,76,22,56,12,85,0.208333333333333,0.224489795918367,0.123711340206186
Dchs1,chr7,-,105787549,7.38279030561,-3.51412997772996,28,123,30,112,47,141,0.185430463576159,0.196078431372549,0.25
Mrpl17,chr7,-,105811086,,-0.680360285149802,56,165,61,163,40,106,0.253393665158371,0.269911504424779,0.273972602739726
Gm4759,chr7,-,106441072,,2.4622103203,19,3,1,21,1,2,0.863636363636364,0.25,0.333333333333333
Olfml1,chr7,+,107567432,4.32927993601,,61,6,31,0,65,6,0.91044776119403,0.837837837837838,0.915492957746479
Ppfibp2,chr7,+,107595050,0.593301845418,,37,44,33,33,27,46,0.45679012345679,0.428571428571429,0.36986301369863
Ric3,chr7,-,109083330,0.87810975497,,33,64,75,147,72,180,0.34020618556701,0.539568345323741,0.285714285714286
Trim66,chr7,-,109508133,2.01252913584,-4.33581936238177,123,33,99,15,129,7,0.788461538461538,0.75,0.948529411764706
Tmem9b,chr7,-,109752262,-0.881016750703023,,37,19,54,13,21,13,0.660714285714286,0.73972602739726,0.617647058823529
Dennd5a,chr7,-,109960469,-0.388787582472055,0.733663625497,27,55,33,59,18,30,0.329268292682927,0.375,0.375
Ipo7,chr7,+,110018314,-0.525755175991825,,100,335,79,292,64,291,0.229885057471264,0.190821256038647,0.180281690140845
Sbf2,chr7,-,110614919,2.32813419656,,1,118,2,79,1,148,0.00840336134453782,0.0166666666666667,0.00671140939597315
Adm,chr7,+,110627656,,-7.7986599864888,1,139,8,100,5,129,0.00714285714285714,0.054421768707483,0.0373134328358209
Ampd3,chr7,+,110768205,1.41025269346,-1.08107247014435,10,16,43,22,33,10,0.384615384615385,0.728813559322034,0.767441860465116
Lyve1,chr7,-,110862952,7.42130465176,-10.0900932249388,117,25,148,19,122,14,0.823943661971831,0.855491329479769,0.897058823529412
Mical2,chr7,+,112225835,0.607226056288,,39,27,36,37,42,29,0.590909090909091,0.571428571428571,0.591549295774648
Parva,chr7,+,112427705,4.11998891564,,48,21,61,21,45,13,0.695652173913044,0.74390243902439,0.775862068965517
Spon1,chr7,+,113765997,2.97789281011,,3,23,1,20,1,32,0.115384615384615,0.0416666666666667,0.0303030303030303
Pde3b,chr7,+,114415253,2.06666272979,-0.84673879719658,6,8,10,24,10,29,0.428571428571429,0.555555555555556,0.256410256410256
Cyp2r1,chr7,-,114562971,1.78563525069,,80,49,85,48,62,54,0.62015503875969,0.634328358208955,0.53448275862069
Sox6,chr7,-,116038743,1.75589485309,3.73612832375,12,199,12,160,9,137,0.0568720379146919,0.0568720379146919,0.0616438356164384
Pik3c2a,chr7,-,116443457,0.743616244973,,1,125,0,84,1,114,0.00793650793650794,0,0.00869565217391304
Arl6ip1,chr7,-,118129624,,-0.560117341789369,7,377,5,255,7,332,0.0182291666666667,0.0130890052356021,0.0206489675516224
Smg1,chr7,-,118243636,,0.914141220583,19,167,40,179,34,118,0.102150537634409,0.193236714975845,0.223684210526316
Coq7,chr7,-,118533355,0.39651043061,-1.36278911110015,113,90,100,88,95,68,0.556650246305419,0.526315789473684,0.582822085889571
Tmc7,chr7,-,118584685,4.81516058625,,53,39,49,28,62,29,0.576086956521739,0.556818181818182,0.681318681318681
Iqck,chr7,+,118855751,1.93403834208,,0,26,0,21,0,16,0,0,0
Knop1,chr7,-,118855997,,-0.79804128334535,10,27,14,23,13,16,0.27027027027027,0.341463414634146,0.448275862068966
Gprc5b,chr7,-,118995210,2.41478544526,,6,51,9,72,3,82,0.105263157894737,0.15,0.0352941176470588
Tmem159,chr7,+,120102425,,0.845811097938,35,38,67,38,106,26,0.479452054794521,0.638095238095238,0.803030303030303
Uqcrc2,chr7,+,120635188,,-0.55696509429859,0,303,5,313,2,208,0,0.0162337662337662,0.00952380952380953
Eef2k,chr7,+,120842830,-0.760358015366646,,56,11,59,19,22,8,0.835820895522388,0.842857142857143,0.733333333333333
Cdr2,chr7,-,120982311,1.5682685976,-3.32919557010265,18,90,5,22,8,58,0.166666666666667,0.0526315789473684,0.121212121212121
Igsf6,chr7,-,121074529,1.0584457,-2.21428708447486,25,67,59,47,35,33,0.271739130434783,0.468253968253968,0.514705882352941
Otoa,chr7,+,121083423,6.22163791123,,141,31,188,29,164,25,0.819767441860465,0.858447488584475,0.867724867724868
Gga2,chr7,-,122021197,,-1.35885766826386,5,48,5,53,6,54,0.0943396226415094,0.0943396226415094,0.1
Ears2,chr7,-,122067085,0.454881581429,,9,5,3,4,10,6,0.642857142857143,0.375,0.625
Ndufab1,chr7,-,122101847,,-1.16421329036847,46,93,25,74,41,63,0.330935251798561,0.211864406779661,0.394230769230769
Plk1,chr7,+,122159434,,-2.26055792309847,8,203,1,182,8,174,0.037914691943128,0.00490196078431373,0.043956043956044
Prkcb,chr7,+,122289124,,1.3489003782,24,0,3,0,30,0,1,1,1
Slc5a11,chr7,+,123214865,1.52352736409,,44,8,39,0,33,0,0.846153846153846,0.829787234042553,1
Arhgap17,chr7,-,123369914,-0.554195192142788,,20,128,13,122,13,119,0.135135135135135,0.0921985815602837,0.0984848484848485
Lcmt1,chr7,+,123377981,,-0.744116699822834,19,1,19,0,25,3,0.95,0.95,0.892857142857143
Zkscan2,chr7,-,123500625,2.98186155124,,160,70,158,59,161,71,0.695652173913044,0.692982456140351,0.693965517241379
Nsmce1,chr7,-,125491442,,-0.798107001996069,151,126,98,96,112,142,0.545126353790614,0.4375,0.440944881889764
Il4ra,chr7,+,125552270,-0.5887023113616,,5,74,8,41,6,64,0.0632911392405063,0.0975609756097561,0.0857142857142857
Lat,chr7,-,126369567,-0.565049050475268,2.10509674788,93,23,40,27,83,41,0.801724137931035,0.634920634920635,0.669354838709677
Cd19,chr7,-,126414869,2.11885849567,,1,10,0,12,6,11,0.0909090909090909,0,0.352941176470588
Sh2b1,chr7,-,126475129,,0.564939661208,50,62,45,49,57,46,0.446428571428571,0.420560747663551,0.553398058252427
Tufm,chr7,+,126487354,,-1.14894782971915,17,65,20,77,22,83,0.207317073170732,0.235294117647059,0.20952380952381
Apobr,chr7,+,126585007,-1.23558516202732,,16,49,13,51,12,76,0.246153846153846,0.209677419354839,0.136363636363636
Cln3,chr7,-,126585816,-0.544544119764283,,53,33,78,47,59,57,0.616279069767442,0.702702702702703,0.508620689655172
Il27,chr7,-,126595021,,2.78517678072,51,4,56,2,42,10,0.927272727272727,0.933333333333333,0.807692307692308
Nupr1,chr7,-,126625469,,1.38711041597,218,42,209,43,65,98,0.838461538461539,0.832669322709163,0.398773006134969
Sult1a1,chr7,-,126676417,,5.67820387333,45,7,56,8,35,21,0.865384615384615,0.888888888888889,0.625
Mapk3,chr7,+,126759625,-0.379476652779222,,34,0,39,2,53,2,1,1,0.963636363636364
Gdpd3,chr7,+,126766413,,1.84263109342,114,3,147,2,164,1,0.974358974358974,0.98,0.993939393939394
Ypel3,chr7,+,126776962,0.692931489286,0.766028174877,101,92,71,75,57,94,0.523316062176166,0.43558282208589,0.377483443708609
Ppp4c,chr7,-,126792546,,-0.867842765138663,34,48,20,38,20,62,0.414634146341463,0.294117647058824,0.24390243902439
Aldoa,chr7,-,126800446,-0.60570765996103,-0.960295515421326,6,29,5,11,1,22,0.171428571428571,0.147058823529412,0.0434782608695652
Ino80e,chr7,-,126862371,,-0.759749829435215,6,239,10,331,4,292,0.0244897959183673,0.0401606425702811,0.0135135135135135
Tmem219,chr7,-,126922905,-0.665391845132646,,70,1,54,4,76,2,0.985915492957746,0.981818181818182,0.974358974358974
Mvp,chr7,-,127014593,-1.08119953478401,,110,93,140,88,83,57,0.541871921182266,0.600858369098713,0.592857142857143
Prrt2,chr7,-,127021210,,1.68177797057,51,42,52,36,39,16,0.548387096774194,0.553191489361702,0.709090909090909
Kif22,chr7,-,127042419,,-1.37295056857514,34,155,47,112,31,146,0.17989417989418,0.232673267326733,0.175141242937853
Spn,chr7,-,127137822,-1.14413710485865,0.89918398432,107,25,97,29,59,44,0.810606060606061,0.795081967213115,0.572815533980583
Tbc1d10b,chr7,-,127208467,,-0.619915454330294,0,74,0,31,1,105,0,0,0.00943396226415094
Sephs2,chr7,-,127274058,,-1.09456219222887,87,91,86,94,120,131,0.48876404494382,0.485875706214689,0.478087649402391
Itgal,chr7,+,127296259,1.14724593217,-2.50644056669064,13,18,20,15,33,10,0.419354838709677,0.526315789473684,0.767441860465116
Zfp764,chr7,-,127406821,-0.452801182592394,,68,35,67,28,55,17,0.660194174757282,0.656862745098039,0.763888888888889
1700008J07Rik,chr7,-,127512868,0.883109897672,,58,112,46,102,58,146,0.341176470588235,0.291139240506329,0.284313725490196
Fbxl19,chr7,+,127746277,,-0.772121760113789,0,79,0,67,0,130,0,0,0
Hsd3b7,chr7,+,127800608,-0.517546723342387,0.635244238242,8,1,12,1,1,2,0.888888888888889,0.923076923076923,0.333333333333333
Stx1b,chr7,-,127824530,2.87626553665,,23,3,13,0,18,0,0.884615384615385,0.8125,1
Stx4a,chr7,+,127841807,-0.507223917022511,,17,212,5,192,8,200,0.074235807860262,0.0230414746543779,0.0384615384615385
Itgam,chr7,+,128062639,3.37438808389,-1.61985369621877,214,31,182,13,228,8,0.873469387755102,0.854460093896714,0.966101694915254
Rgs10,chr7,-,128418171,1.05646589618,-1.10197256510561,6,278,14,329,11,271,0.0211267605633803,0.0479452054794521,0.0390070921985816
Bag3,chr7,+,128523582,-1.74518102094991,,62,27,58,26,45,37,0.696629213483146,0.682352941176471,0.548780487804878
Mcmbp,chr7,-,128740428,-0.322721195056803,,26,11,33,13,24,10,0.702702702702703,0.75,0.705882352941177
Fgfr2,chr7,-,130266807,3.95709365894,,29,57,21,52,38,50,0.337209302325581,0.269230769230769,0.431818181818182
Nsmce4a,chr7,-,130547380,,-0.692975162883002,78,25,67,27,51,25,0.757281553398058,0.728260869565217,0.671052631578947
Tacc2,chr7,+,130577437,,-1.36267128813857,63,28,42,40,18,22,0.692307692307692,0.6,0.45
Plekha1,chr7,+,130865723,,1.1489714567,53,32,27,40,55,33,0.623529411764706,0.457627118644068,0.625
Acadsb,chr7,+,131410600,-0.955738298974965,0.793274235543,7,85,4,106,5,78,0.0760869565217391,0.0449438202247191,0.0602409638554217
Bub3,chr7,+,131560369,,-0.822046506135342,5,76,9,96,13,77,0.0617283950617284,0.105882352941176,0.144444444444444
Gm10584,chr7,+,132315663,1.57083988483,,9,109,11,119,13,94,0.076271186440678,0.0916666666666667,0.121495327102804
Chst15,chr7,-,132317227,1.07567188267,,39,184,25,213,20,209,0.174887892376682,0.119617224880383,0.0873362445414847
Oat,chr7,-,132576397,,-1.04253391835956,22,35,25,27,22,36,0.385964912280702,0.416666666666667,0.379310344827586
Zranb1,chr7,+,132931175,,0.954362207455,72,175,99,205,90,121,0.291497975708502,0.361313868613139,0.42654028436019
Adam12,chr7,-,134225096,6.79216987182,-4.03774690935907,29,203,9,179,29,273,0.125,0.0424528301886792,0.0960264900662252
Dock1,chr7,+,134670686,-0.93422709277855,,44,62,46,60,34,70,0.415094339622642,0.425925925925926,0.326923076923077
Glrx3,chr7,+,137437572,,-0.74741054016872,17,7,15,6,19,5,0.708333333333333,0.681818181818182,0.791666666666667
Gm12669,chr7,+,137437673,,-0.744324150280316,19,15,15,13,21,12,0.558823529411765,0.5,0.636363636363636
Ppp2r2d,chr7,+,138846358,,-0.781078839132779,14,113,4,141,8,104,0.110236220472441,0.0341880341880342,0.0714285714285714
Inpp5a,chr7,+,139389108,,0.714312912817,19,46,45,37,33,37,0.292307692307692,0.494505494505495,0.471428571428571
Adam8,chr7,-,139992561,-1.85905407277145,,41,7,70,19,52,24,0.854166666666667,0.909090909090909,0.68421052631579
Echs1,chr7,-,140116420,-0.462891021490758,,25,1,32,1,39,3,0.961538461538461,0.96969696969697,0.928571428571429
Cd163l1,chr7,+,140218266,,-7.4284239537579,86,0,128,5,84,1,1,1,0.988235294117647
Zfp941,chr7,-,140822177,-1.39419066385213,1.47929576171,56,102,45,144,65,136,0.354430379746835,0.306122448979592,0.323383084577114
Sirt3,chr7,-,140882308,,0.896753317393,18,84,10,145,19,124,0.176470588235294,0.106382978723404,0.132867132867133
Psmd13,chr7,+,140882393,,-0.738830387820822,18,81,10,127,19,104,0.181818181818182,0.10989010989011,0.154471544715447
Ifitm2,chr7,-,140955960,-0.473626807421281,,6,18,3,11,5,32,0.25,0.142857142857143,0.135135135135135
Ifitm1,chr7,+,140967428,-2.32816255163696,0.583873388652,44,27,45,50,51,63,0.619718309859155,0.625,0.447368421052632
Ifitm3,chr7,-,141010743,-1.58390937423729,0.992390426002,34,64,1,49,8,58,0.346938775510204,0.0153846153846154,0.121212121212121
Sigirr,chr7,-,141100545,,0.724644851089,24,132,54,96,34,115,0.153846153846154,0.290322580645161,0.228187919463087
Ano9,chr7,-,141117805,2.68800535938,,42,11,33,10,55,3,0.792452830188679,0.75,0.948275862068965
Ptdss2,chr7,+,141131285,0.488587366273,-1.15731894068765,15,86,15,62,8,172,0.148514851485149,0.148514851485149,0.0444444444444444
Rnh1,chr7,-,141172850,-0.675178039291526,,76,145,73,202,70,165,0.343891402714932,0.334862385321101,0.297872340425532
Hras,chr7,-,141194003,,-0.875899258368196,1,469,6,473,16,323,0.00212765957446809,0.0126315789473684,0.0471976401179941
Taldo1,chr7,+,141392159,-0.75457062933197,-0.796438466886577,94,162,91,148,39,114,0.3671875,0.359683794466403,0.254901960784314
Pnpla2,chr7,+,141455187,-0.671042834676764,,46,59,37,45,53,58,0.438095238095238,0.385416666666667,0.477477477477478
Cracr2b,chr7,+,141461093,-1.31650224773751,1.65686769571,104,9,121,13,144,12,0.920353982300885,0.930769230769231,0.923076923076923
Cd151,chr7,+,141467361,-1.07268309121279,,79,273,96,275,96,247,0.224431818181818,0.260162601626016,0.279883381924198
Polr2l,chr7,-,141475152,,-0.963275417519709,1,35,0,14,2,37,0.0277777777777778,0,0.0512820512820513
Tspan4,chr7,+,141475235,-0.648070213111403,,2,71,0,39,2,48,0.0273972602739726,0,0.04
Ap2a2,chr7,+,141562179,0.674037105643,-0.976315433474255,0,53,0,13,0,34,0,0,0
Gm16982,chr7,-,141613746,0.771905031236,-0.918114684770185,209,13,210,4,175,5,0.941441441441441,0.941704035874439,0.972222222222222
Muc6,chr7,-,141655392,2.50688886106,-3.27063824664493,37,3,22,0,24,1,0.925,0.88,0.96
Ctsd,chr7,-,142387826,-1.0829054729869,,32,16,36,24,37,6,0.666666666666667,0.692307692307692,0.86046511627907
Tnni2,chr7,+,142441815,1.94574141832,-1.88436315687164,30,7,36,1,27,2,0.810810810810811,0.837209302325582,0.931034482758621
Lsp1,chr7,+,142460811,1.92236366479,-0.924831472331614,3,0,14,3,11,1,1,1,0.916666666666667
Tnnt3,chr7,+,142498835,2.74878377884,,21,0,35,2,18,2,1,1,0.9
Prr33,chr7,-,142506770,2.92427714795,,42,0,26,1,33,0,1,1,1
Mrpl23,chr7,+,142533031,1.08941223185,,0,75,4,72,2,57,0,0.0506329113924051,0.0338983050847458
Mir675,chr7,-,142577146,10.6367978811,-7.86949680442701,187,37,187,11,176,5,0.834821428571429,0.834821428571429,0.972375690607735
H19,chr7,-,142578145,10.2564930422,-6.81438488749941,64,14,59,6,56,2,0.82051282051282,0.808219178082192,0.96551724137931
Igf2os,chr7,+,142659679,7.07091828322,-9.22691365884531,0,7,0,11,0,12,0,0,0
Igf2,chr7,-,142666815,9.13784651557,-5.38617835869085,110,12,160,11,141,10,0.901639344262295,0.930232558139535,0.933774834437086
Cd81,chr7,+,143052749,0.614597769932,,0,20,0,29,0,18,0,0,0
R74862,chr7,-,143053685,1.02615293581,,0,20,0,29,0,18,0,0,0
Trpm5,chr7,-,143094641,4.96603541283,,19,20,23,13,19,15,0.487179487179487,0.534883720930233,0.558823529411765
Kcnq1ot1,chr7,-,143296546,0.602461730922,,430,339,442,384,486,236,0.559167750325098,0.565941101152369,0.673130193905817
Cdkn1c,chr7,-,143461049,3.34994267071,-0.820581132840948,84,98,138,105,191,94,0.461538461538462,0.584745762711864,0.670175438596491
Slc22a18,chr7,+,143473788,-0.608642137915806,,11,0,5,0,15,0,1,1,1
Phlda2,chr7,-,143502523,-4.20256148255993,1.97864186059,2,231,0,165,1,353,0.00858369098712446,0,0.00282485875706215
Cars,chr7,-,143600089,,-1.29625623250739,10,129,13,105,12,134,0.0719424460431655,0.0915492957746479,0.0821917808219178
Tnfrsf26,chr7,-,143627844,-1.55924489845923,,6,87,2,61,1,81,0.0645161290322581,0.0224719101123596,0.0121951219512195
Osbpl5,chr7,-,143757007,-1.07778039246613,1.00970647287,6,2,15,1,5,0,0.75,0.882352941176471,1
Mrgpre,chr7,-,143784499,-2.85436809556516,2.54072062079,33,4,24,7,33,4,0.891891891891892,0.857142857142857,0.891891891891892
Nadsyn1,chr7,-,143822851,-0.48504512281183,,25,114,20,98,26,56,0.179856115107914,0.149253731343284,0.317073170731707
Dhcr7,chr7,+,143823166,-2.01625780629374,,13,113,12,97,13,52,0.103174603174603,0.096,0.2
Cttn,chr7,-,144470934,-1.15823759013365,0.754770142419,45,151,96,192,58,206,0.229591836734694,0.388663967611336,0.21969696969697
Ano1,chr7,-,144738572,,-7.69780783260111,17,21,12,31,20,39,0.447368421052632,0.363636363636364,0.338983050847458
Fgf3,chr7,+,144838611,-3.46033191656882,3.56493454042,11,221,12,230,3,73,0.0474137931034483,0.0515021459227468,0.0394736842105263
Ccnd1,chr7,-,144939830,,-0.966256707166472,0,42,0,37,1,57,0,0,0.0172413793103448
Insr,chr8,-,3279616,0.66331627468,,13,130,10,108,2,40,0.0909090909090909,0.0714285714285714,0.0476190476190476
Retn,chr8,+,3655769,4.70915742587,,151,14,122,2,130,0,0.915151515151515,0.897058823529412,1
Mcemp1,chr8,+,3665761,3.41327472609,-5.17509678732954,49,1,40,0,28,0,0.98,0.975609756097561,1
Trappc5,chr8,+,3676476,0.383944472156,,19,210,18,201,11,175,0.0829694323144105,0.0789473684210526,0.0591397849462366
Clec4g,chr8,-,3720650,3.73298335905,-2.40039131661868,47,1,10,1,18,11,0.979166666666667,0.909090909090909,0.620689655172414
Timm44,chr8,-,4275904,,-0.601193251691157,61,255,61,188,19,221,0.193037974683544,0.193037974683544,0.0791666666666667
Elavl1,chr8,-,4325099,,-0.689584583568491,3,79,0,105,1,115,0.0365853658536585,0,0.00862068965517241
Cers4,chr8,+,4493404,-0.594515878013527,0.834679900182,0,74,0,78,1,61,0,0,0.0161290322580645
Zfp958,chr8,+,4613169,-0.71527134743543,1.14790735065,22,123,16,97,45,131,0.151724137931034,0.115107913669065,0.255681818181818
Efnb2,chr8,-,8661241,3.2592652696,,1,180,0,113,0,67,0.00552486187845304,0,0
Mir7654,chr8,-,8690161,1.24857548008,,8,35,1,32,6,15,0.186046511627907,0.0277777777777778,0.285714285714286
Arglu1,chr8,-,8690536,0.385331262877,,8,0,12,0,10,0,1,1,1
4930453L07Rik,chr8,+,9144668,5.75207121708,,95,3,49,6,128,10,0.969387755102041,0.942307692307692,0.927536231884058
Fam155a,chr8,-,9771156,3.20041190502,,13,8,5,15,6,15,0.619047619047619,0.384615384615385,0.285714285714286
Myo16,chr8,+,10153910,4.39013313638,,17,4,44,4,22,3,0.80952380952381,0.916666666666667,0.88
Col4a2,chr8,+,11312804,,-0.98805607002364,12,259,1,131,8,234,0.044280442804428,0.00384615384615385,0.0330578512396694
Col4a1,chr8,-,11312825,,-1.40559905423701,12,259,1,131,8,234,0.044280442804428,0.00384615384615385,0.0330578512396694
Rab20,chr8,-,11478639,-3.70569136549118,,6,209,12,219,31,232,0.027906976744186,0.0542986425339367,0.11787072243346
Mir7238,chr8,-,11635735,3.0597636321,,1,224,1,278,0,108,0.00444444444444444,0.00444444444444444,0
Atp11a,chr8,+,12757015,0.542677532181,,35,21,32,32,31,33,0.625,0.60377358490566,0.484375
F10,chr8,+,13037307,2.54243721807,,67,7,42,18,56,18,0.905405405405405,0.857142857142857,0.756756756756757
Lamp1,chr8,+,13159160,-0.459092309576523,-0.641018578409864,107,26,144,16,126,37,0.804511278195489,0.847058823529412,0.773006134969325
Tfdp1,chr8,+,13338750,,-0.579765895513897,19,62,10,85,22,20,0.234567901234568,0.138888888888889,0.523809523809524
Rasa3,chr8,-,13677586,,0.654998496304,0,34,0,79,0,87,0,0,0
Champ1,chr8,+,13869640,,-0.710148851008313,107,159,86,89,112,112,0.402255639097744,0.351020408163265,0.5
Coprs,chr8,-,13890270,-0.741373354626521,,41,148,41,180,38,136,0.216931216931217,0.216931216931217,0.218390804597701
Arhgef10,chr8,+,14911662,2.10741045714,,13,17,6,8,8,9,0.433333333333333,0.260869565217391,0.470588235294118
Kbtbd11,chr8,+,15011024,-1.21854606710604,,7,61,10,40,3,52,0.102941176470588,0.140845070422535,0.0545454545454545
Xkr5,chr8,-,18950974,-0.418881797173414,,9,170,7,157,9,198,0.0502793296089386,0.0395480225988701,0.0434782608695652
2610005L07Rik,chr8,-,20424813,,0.941059742498,131,1220,181,1809,185,1339,0.0969652109548483,0.129193433261956,0.121391076115486
Atp7b,chr8,-,22060073,4.04199738314,-2.82082479518996,3,30,1,28,10,37,0.0909090909090909,0.032258064516129,0.212765957446809
Nek5,chr8,-,22125066,,7.296564541,28,7,28,8,20,6,0.8,0.8,0.769230769230769
Thsd1,chr8,+,22227302,0.926143775924,-1.20708793880645,48,149,68,202,65,145,0.243654822335025,0.313364055299539,0.30952380952381
Slc20a2,chr8,+,22476699,-0.659379294193743,,77,119,63,146,77,164,0.392857142857143,0.346153846153846,0.319502074688797
Smim19,chr8,-,22476878,0.624512160224,,63,169,51,177,60,244,0.271551724137931,0.231818181818182,0.197368421052632
Gm15816,chr8,-,23149702,6.63007129592,-2.32238323148226,24,21,33,35,31,21,0.533333333333333,0.611111111111111,0.596153846153846
Sfrp1,chr8,+,23411501,,1.84613338823,1,39,0,43,1,33,0.025,0,0.0294117647058824
Adam3,chr8,-,24725851,1.62705780874,,100,10,106,21,118,12,0.909090909090909,0.913793103448276,0.907692307692308
Adam9,chr8,-,25016921,-1.0862466952444,,5,19,5,23,5,24,0.208333333333333,0.208333333333333,0.172413793103448
Tm2d2,chr8,+,25017210,-0.471176664030763,,0,12,0,12,0,14,0,0,0
Fgfr1,chr8,+,25518758,1.16049916972,,35,64,32,29,54,46,0.353535353535354,0.333333333333333,0.54
Letm2,chr8,-,25597988,1.18841546701,,52,25,47,39,62,52,0.675324675324675,0.652777777777778,0.543859649122807
Ddhd2,chr8,-,25754412,,0.691100357445,21,213,25,222,23,210,0.0897435897435897,0.105042016806723,0.0987124463519313
Lsm1,chr8,+,25785590,,-0.783657891140799,67,148,60,150,47,175,0.311627906976744,0.288461538461538,0.211711711711712
Pomk,chr8,-,25994120,-0.464121066681957,,104,157,58,129,43,193,0.398467432950192,0.269767441860465,0.182203389830508
Hook3,chr8,-,26119223,-0.546070779317275,1.02371711639,13,255,4,304,8,211,0.0485074626865672,0.0154440154440154,0.0365296803652968
Rnf170,chr8,+,26119367,,1.15132193308,3,235,2,295,3,182,0.0126050420168067,0.00843881856540084,0.0162162162162162
Eif4ebp1,chr8,+,27260326,,-0.663263914121526,1,11,3,53,3,45,0.0833333333333333,0.214285714285714,0.0625
Rnf122,chr8,+,31111826,,0.813407128541,43,50,92,86,89,41,0.462365591397849,0.647887323943662,0.684615384615385
Tex15,chr8,+,33570543,-1.63492428994374,,70,1,68,2,80,1,0.985915492957746,0.985507246376812,0.987654320987654
Gsr,chr8,+,33653237,,-0.65396694179938,134,100,106,160,35,202,0.572649572649573,0.514563106796117,0.147679324894515
Leprotl1,chr8,-,34146738,-0.672710449275077,1.18269934545,51,125,30,138,66,116,0.289772727272727,0.193548387096774,0.362637362637363
Saraf,chr8,+,34154578,-0.518920851054324,0.906712215327,38,168,43,157,44,169,0.184466019417476,0.203791469194313,0.206572769953052
Tnks,chr8,-,34965689,-0.340098067933208,,14,208,10,89,12,148,0.0630630630630631,0.0458715596330275,0.075
Eri1,chr8,-,35495532,-0.595494667942505,,20,117,25,140,15,104,0.145985401459854,0.176056338028169,0.126050420168067
Tusc3,chr8,+,39005844,0.481490677465,,52,38,39,21,52,31,0.577777777777778,0.506493506493507,0.626506024096386
Msr1,chr8,-,39642677,,-9.54239757465806,39,1,37,0,34,1,0.975,0.973684210526316,0.971428571428571
Mir7666,chr8,-,40307928,2.31655971211,,9,32,5,42,10,53,0.219512195121951,0.135135135135135,0.158730158730159
Vps37a,chr8,+,40511782,-0.439592362679159,,0,69,2,60,3,32,0,0.028169014084507,0.0857142857142857
Slc7a2,chr8,+,40862366,2.49164998616,-1.4017634603009,15,34,10,33,12,56,0.306122448979592,0.227272727272727,0.176470588235294
Pdgfrl,chr8,+,40926232,3.71657374255,,93,131,124,90,57,80,0.415178571428571,0.486274509803922,0.416058394160584
B430010I23Rik,chr8,+,41017737,3.67384343314,,76,75,96,34,97,40,0.503311258278146,0.56140350877193,0.708029197080292
Mtus1,chr8,-,41133725,3.02839531724,,0,56,0,53,0,40,0,0,0
Asah1,chr8,-,41374696,-0.998570640529653,,12,78,2,57,4,103,0.133333333333333,0.025,0.0373831775700935
Cyp4v3,chr8,-,45333162,,1.50740001176,40,141,11,229,27,233,0.220994475138122,0.0723684210526316,0.103846153846154
Sorbs2,chr8,+,45507787,1.73192352929,,199,53,138,34,180,20,0.78968253968254,0.722513089005236,0.9
1700029J07Rik,chr8,-,45975251,1.0460752812,2.5356584925,119,192,138,251,118,164,0.382636655948553,0.418181818181818,0.418439716312057
Casp3,chr8,+,46617290,,-0.881399588801044,0,42,0,31,0,0,0,0,
Gm16675,chr8,-,46739514,0.928679336106,,0,198,0,201,0,266,0,0,0
Irf2,chr8,+,46739744,0.779437546063,,0,198,0,201,0,266,0,0,0
Enpp6,chr8,+,46986886,3.20843814709,,253,19,190,32,195,51,0.930147058823529,0.909090909090909,0.792682926829268
Cdkn2aip,chr8,-,47713930,,0.688970284711,26,301,9,327,8,337,0.0795107033639144,0.0290322580645161,0.0231884057971015
Tenm3,chr8,-,48674689,2.99926815466,,215,3,305,8,269,11,0.986238532110092,0.99025974025974,0.960714285714286
Aga,chr8,+,53511701,-0.52374171068476,,64,18,58,23,66,27,0.780487804878049,0.763157894736842,0.709677419354839
Spcs3,chr8,-,54529997,-0.428533024559759,,32,141,25,152,28,149,0.184971098265896,0.150602409638554,0.15819209039548
Gpm6a,chr8,+,54779433,4.96310677387,,54,42,72,62,56,79,0.5625,0.631578947368421,0.414814814814815
Hpgd,chr8,+,56294551,5.7370634554,,72,105,58,96,54,112,0.406779661016949,0.355828220858896,0.325301204819277
Sap30,chr8,-,57487859,-0.538738456097705,,0,281,4,246,2,399,0,0.0140350877192982,0.00498753117206983
Hmgb2,chr8,+,57511842,0.329641649812,-0.722684938880187,0,83,0,112,0,128,0,0,0
Galnt7,chr8,-,57653054,0.293607641287,,0,80,0,80,0,52,0,0,0
Mfap3l,chr8,+,60632824,-1.82665587806239,,8,75,2,99,1,130,0.0963855421686747,0.025974025974026,0.00763358778625954
Palld,chr8,-,61902706,1.38709066782,-1.19660169157978,88,3,58,5,85,8,0.967032967032967,0.950819672131147,0.913978494623656
Ddx60,chr8,+,61928086,,2.05688562325,29,27,10,30,28,34,0.517857142857143,0.27027027027027,0.451612903225806
Msmo1,chr8,-,64733577,-3.51967947338653,,11,68,8,80,6,83,0.139240506329114,0.105263157894737,0.0674157303370787
Tmem192,chr8,+,64947184,-0.679019179494513,,98,196,63,118,46,173,0.333333333333333,0.243243243243243,0.210045662100457
Nat1,chr8,+,67490967,4.0716963963,,229,4,182,2,169,5,0.982832618025751,0.978494623655914,0.971264367816092
Psd3,chr8,-,67974573,,2.0106560884,148,30,154,11,137,18,0.831460674157303,0.836956521739131,0.883870967741936
Sh2d4a,chr8,+,68276527,4.92228083267,-2.02101592944467,113,72,88,26,106,45,0.610810810810811,0.55,0.701986754966887
Csgalnact1,chr8,-,68735145,-0.947790374937573,2.96769384835,32,117,22,121,16,138,0.214765100671141,0.158273381294964,0.103896103896104
Atp6v1b2,chr8,+,69088735,0.307717688981,-0.710512489207783,74,103,56,89,37,64,0.418079096045198,0.352201257861635,0.366336633663366
Slc18a1,chr8,-,69089221,5.2204772981,,58,134,31,106,23,78,0.302083333333333,0.187878787878788,0.227722772277228
Zfp869,chr8,-,69716901,,0.797041448473,69,105,77,105,109,109,0.396551724137931,0.423076923076923,0.5
Lpar2,chr8,+,69822564,-0.966968057359485,,25,74,32,95,40,73,0.252525252525253,0.30188679245283,0.353982300884956
Pbx4,chr8,+,69832623,,1.51766937645,1,303,1,270,11,130,0.00328947368421053,0.00328947368421053,0.0780141843971631
Tssk6,chr8,+,69902183,1.02115561238,,9,145,0,183,16,192,0.0584415584415584,0,0.0769230769230769
Gatad2a,chr8,-,69996383,,-0.671633544988993,2,144,0,171,0,48,0.0136986301369863,0,0
Slc25a42,chr8,-,70212280,0.742562124562,,0,91,0,92,0,46,0,0,0
Sugp2,chr8,+,70234204,,0.751637842976,17,180,12,152,25,100,0.0862944162436548,0.0625,0.2
Armc6,chr8,-,70234421,,-1.13990433165686,0,169,2,148,0,92,0,0.0116959064327485,0
Cers1,chr8,+,70315774,0.770935819203,,42,60,36,28,35,62,0.411764705882353,0.375,0.360824742268041
Gdf1,chr8,+,70315774,0.779006048267,,42,60,36,28,35,62,0.411764705882353,0.375,0.360824742268041
Isyna1,chr8,+,70594480,,-1.13883666370918,46,51,35,47,44,88,0.474226804123711,0.406976744186047,0.333333333333333
Ssbp4,chr8,-,70608313,,-0.593026433708622,17,180,15,76,5,166,0.0862944162436548,0.0769230769230769,0.0292397660818713
Lrrc25,chr8,+,70616843,,-5.14443439513816,64,49,89,28,111,23,0.566371681415929,0.644927536231884,0.828358208955224
Gdf15,chr8,-,70632455,-6.24412439191687,,148,8,111,5,143,8,0.948717948717949,0.932773109243698,0.947019867549669
Lsm4,chr8,+,70673230,,-0.771272671578679,98,132,85,147,65,129,0.426086956521739,0.391705069124424,0.335051546391753
Mpv17l2,chr8,-,70760920,,-0.770876493036236,9,93,10,88,16,63,0.0882352941176471,0.0970873786407767,0.20253164556962
Ifi30,chr8,-,70766662,-1.13966833866811,-2.70380643725833,1,47,0,47,0,34,0.0208333333333333,0,0
Pik3r2,chr8,-,70776711,-1.06447123504633,,4,341,6,325,7,470,0.0115942028985507,0.0172910662824208,0.0146750524109015
2010320M18Rik,chr8,+,70776861,0.895324205055,,5,347,10,330,12,475,0.0142045454545455,0.0280112044817927,0.0246406570841889
Il12rb1,chr8,+,70808448,-2.04597711860862,1.41390398142,21,8,24,26,28,19,0.724137931034483,0.75,0.595744680851064
Arrdc2,chr8,-,70839719,-0.698338086614532,,77,358,73,356,51,288,0.177011494252874,0.169373549883991,0.150442477876106
Kcnn1,chr8,-,70863257,,-4.33538113630194,4,12,14,82,13,82,0.25,0.538461538461538,0.136842105263158
Ccdc124,chr8,-,70873489,,-0.793207377083175,13,49,12,66,17,79,0.209677419354839,0.19672131147541,0.177083333333333
Haus8,chr8,-,71272589,,-1.34714098637307,0,85,0,85,0,37,0,0,0
Ushbp1,chr8,-,71395800,4.59491989215,,35,61,39,39,29,79,0.364583333333333,0.39,0.268518518518519
Abhd8,chr8,-,71463656,0.928538240666,,23,124,15,152,12,161,0.156462585034014,0.107913669064748,0.069364161849711
Mrpl34,chr8,+,71464925,0.729914064857,-1.06093713063029,52,130,58,100,52,125,0.285714285714286,0.308510638297872,0.293785310734463
Plvap,chr8,-,71511768,4.32718305481,-3.28616852447887,107,41,140,27,104,17,0.722972972972973,0.773480662983426,0.859504132231405
Bst2,chr8,-,71537471,-0.655150113456554,,36,81,27,122,25,136,0.307692307692308,0.25,0.15527950310559
Mvb12a,chr8,+,71542929,-0.748574892422684,,86,242,116,183,86,196,0.26219512195122,0.324022346368715,0.304964539007092
Pgls,chr8,+,71592183,,-0.699233484657837,11,134,11,132,7,128,0.0758620689655172,0.0758620689655172,0.0518518518518519
Jak3,chr8,+,71676382,1.08960957705,,16,49,14,37,16,55,0.246153846153846,0.222222222222222,0.225352112676056
Insl3,chr8,+,71689251,0.917090441483,,52,111,163,93,172,42,0.319018404907975,0.594890510948905,0.803738317757009
Fcho1,chr8,-,71725680,0.605033243472,,43,0,39,12,27,13,1,1,0.675
Zfp709,chr8,+,71882067,,1.30814004326,75,21,60,43,83,55,0.78125,0.740740740740741,0.601449275362319
Tpm4,chr8,+,72135287,,-1.21910431868855,12,14,17,26,18,15,0.461538461538462,0.548387096774194,0.545454545454545
Slc35e1,chr8,-,72492613,,-0.556421498999972,1,141,11,218,12,214,0.00704225352112676,0.0723684210526316,0.0530973451327434
Tmem38a,chr8,+,72571822,1.04487469721,,2,113,6,80,4,75,0.0173913043478261,0.0504201680672269,0.0506329113924051
F2rl3,chr8,+,72761658,-0.814079663248195,0.874936233997,0,28,1,31,0,23,0,0.0344827586206897,0
Tom1,chr8,+,75033685,-0.850607117949176,,34,86,24,108,10,63,0.283333333333333,0.218181818181818,0.136986301369863
Mcm5,chr8,+,75109508,,-1.05656763745465,26,90,23,112,53,69,0.224137931034483,0.20353982300885,0.434426229508197
Nr3c2,chr8,+,76902329,,3.27241660771,9,52,13,25,10,25,0.147540983606557,0.2,0.285714285714286
Rbmxl1,chr8,-,78508927,0.528079310199,-0.652150765854975,1,57,0,122,2,124,0.0172413793103448,0,0.0158730158730159
Mmaa,chr8,-,79294960,0.784405133223,,13,87,9,83,6,85,0.13,0.09375,0.0659340659340659
Smad1,chr8,-,79399427,,0.932646138294,20,212,22,346,17,361,0.0862068965517242,0.094017094017094,0.044973544973545
Gypa,chr8,+,80494044,7.28275107907,-4.09268251783755,75,31,49,17,60,26,0.707547169811321,0.6125,0.697674418604651
Gab1,chr8,-,80880518,1.60490036318,,71,61,53,93,62,43,0.537878787878788,0.464912280701754,0.590476190476191
Inpp4b,chr8,+,81342561,,1.25970688583,9,80,16,83,19,99,0.101123595505618,0.166666666666667,0.161016949152542
Rnf150,chr8,+,82863355,-1.68319400211006,1.81227276728,0,9,0,8,0,10,0,0,0
Tbc1d9,chr8,+,83165351,,1.82805837361,120,97,154,185,92,222,0.552995391705069,0.613545816733068,0.292993630573248
Tecr,chr8,-,83594490,-0.318759479673896,,7,86,7,157,4,139,0.0752688172043011,0.0752688172043011,0.027972027972028
Gipc1,chr8,+,83652677,0.481656161387,-0.907916336376669,0,33,0,86,1,96,0,0,0.0103092783505155
Mir1668,chr8,-,83723983,1.89329173246,,164,7,94,11,101,5,0.95906432748538,0.930693069306931,0.952830188679245
Asf1b,chr8,+,83955693,-0.505411717716388,-1.21290805072049,4,166,11,143,16,250,0.0235294117647059,0.0621468926553672,0.0601503759398496
Samd1,chr8,+,83997515,0.994702600172,-0.783913305972271,0,218,0,196,1,125,0,0,0.00793650793650794
Il27ra,chr8,-,84042574,,1.40430888577,45,32,28,15,47,34,0.584415584415584,0.466666666666667,0.580246913580247
Podnl1,chr8,+,84125988,-3.88934404130994,2.88397973834,76,3,55,0,73,3,0.962025316455696,0.948275862068965,0.960526315789474
Mir27a,chr8,+,84208671,,7.00720012638,73,31,100,47,84,54,0.701923076923077,0.763358778625954,0.608695652173913
Mir3074-2,chr8,-,84208906,,7.40127207182,68,22,98,33,84,40,0.755555555555556,0.816666666666667,0.67741935483871
Cacna1a,chr8,+,84415363,0.627571343004,,0,104,0,74,3,80,0,0,0.036144578313253
Ier2,chr8,-,84662851,,2.02195446733,9,89,8,98,7,72,0.0918367346938776,0.0824742268041237,0.0886075949367089
Gadd45gip1,chr8,+,84832281,,-0.986253497466128,56,132,31,168,40,146,0.297872340425532,0.190184049079755,0.21505376344086
Rad23a,chr8,-,84840651,,-0.692001870215339,15,245,11,113,14,306,0.0576923076923077,0.04296875,0.04375
Calr,chr8,-,84846930,-0.751880006619545,,0,51,0,33,0,33,0,0,0
Farsa,chr8,+,84856985,,-0.816425852228973,66,160,54,234,85,261,0.292035398230089,0.252336448598131,0.245664739884393
Syce2,chr8,+,84872110,,-1.01877615000277,26,22,12,15,20,13,0.541666666666667,0.352941176470588,0.606060606060606
Klf1,chr8,+,84901981,5.89604475706,-3.41770103220554,46,33,24,24,37,14,0.582278481012658,0.421052631578947,0.725490196078431
Dnase2a,chr8,+,84908754,-2.18048411452209,,55,93,23,91,34,104,0.371621621621622,0.198275862068966,0.246376811594203
Mast1,chr8,-,84937352,-2.28076585858962,,7,28,18,13,22,32,0.2,0.391304347826087,0.407407407407407
Rnaseh2a,chr8,-,84966075,,-0.847925822870463,20,40,14,25,19,46,0.333333333333333,0.259259259259259,0.292307692307692
Prdx2,chr8,+,84969621,0.44764978447,-1.16384934863979,0,88,0,38,0,66,0,0,0
Junb,chr8,-,84978747,,1.80705596761,17,187,19,133,30,195,0.0833333333333333,0.0922330097087379,0.133333333333333
Tnpo2,chr8,+,85036892,,-0.711944483158897,0,72,0,86,0,96,0,0,0
Man2b1,chr8,+,85083268,,-0.689462968993443,14,31,9,30,13,37,0.311111111111111,0.225,0.26
Vps35,chr8,-,85299516,-0.595531585553839,,6,335,3,380,17,309,0.0175953079178886,0.00887573964497041,0.0521472392638037
Mylk3,chr8,-,85381040,4.73121822377,-3.09930097145591,97,13,124,5,107,8,0.881818181818182,0.905109489051095,0.930434782608696
4921524J17Rik,chr8,-,85432840,0.410089240486,,3,131,0,139,1,162,0.0223880597014925,0,0.00613496932515337
Gpt2,chr8,+,85492575,,-1.23779392618054,19,61,20,46,15,29,0.2375,0.246913580246914,0.340909090909091
Neto2,chr8,-,85700923,1.0288906553,,68,20,48,17,41,49,0.772727272727273,0.705882352941177,0.455555555555556
Gm10638,chr8,+,86745698,1.93145740243,,18,206,12,94,18,171,0.0803571428571429,0.055045871559633,0.0952380952380952
Zfp423,chr8,-,87959594,3.25353394191,,0,54,0,45,0,54,0,0,0
Heatr3,chr8,+,88137884,,-0.698834454952717,124,157,130,156,118,139,0.441281138790036,0.452961672473868,0.459143968871595
Adcy7,chr8,+,88272402,0.388344061851,,3,13,5,6,2,8,0.1875,0.277777777777778,0.2
Nkd1,chr8,+,88521343,2.99028969618,,6,91,5,146,8,92,0.0618556701030928,0.0520833333333333,0.08
Cyld,chr8,+,88697027,-0.42398039181493,1.31347079858,7,59,0,53,0,27,0.106060606060606,0,0
Chd9,chr8,+,90828834,,1.12855969651,88,119,158,97,147,104,0.42512077294686,0.570397111913357,0.585657370517928
Rbl2,chr8,+,91070056,-0.47025361760558,1.21773026837,31,237,32,176,25,197,0.115671641791045,0.118959107806691,0.112612612612613
Crnde,chr8,-,92356119,1.5432199229,-3.12286862269967,4,104,1,114,4,182,0.037037037037037,0.00952380952380953,0.021505376344086
Ces1d,chr8,-,93197803,4.98488750312,,10,0,12,0,16,1,1,1,0.941176470588235
Nudt21,chr8,-,94037038,,-0.741526252503445,3,453,0,374,5,449,0.00657894736842105,0,0.0110132158590308
Mt3,chr8,+,94152606,-3.7455152086462,,21,38,22,34,17,15,0.355932203389831,0.366666666666667,0.53125
Mt2,chr8,+,94172617,3.94589727561,-4.98164542251551,2,24,0,17,0,20,0.0769230769230769,0,0
Mt1,chr8,+,94179088,,-3.19648849058698,0,89,0,90,0,77,0,0,0
Nup93,chr8,+,94214563,,-0.994508959311377,31,158,23,104,23,144,0.164021164021164,0.12707182320442,0.137724550898204
Herpud1,chr8,+,94386428,-0.481838017193558,,37,1,11,0,33,0,0.973684210526316,0.916666666666667,1
9330175E14Rik,chr8,-,94435102,-1.5294820626517,3.63943859596,71,19,60,45,58,48,0.788888888888889,0.759493670886076,0.547169811320755
Nlrc5,chr8,+,94472762,-2.92644990660287,3.83963023018,31,3,30,1,48,2,0.911764705882353,0.909090909090909,0.96
Cpne2,chr8,+,94533027,-4.91365348121673,4.48929495675,13,213,15,204,4,240,0.0575221238938053,0.0657894736842105,0.0163934426229508
Arl2bp,chr8,+,94666599,-0.512617826893032,,28,185,20,196,29,183,0.131455399061033,0.0975609756097561,0.136792452830189
Cx3cl1,chr8,+,94772179,-1.22272678013287,1.77663482036,44,18,36,21,19,34,0.709677419354839,0.666666666666667,0.358490566037736
Ciapin1,chr8,-,94838339,,-0.956453082544651,32,498,12,490,17,384,0.060377358490566,0.0235294117647059,0.0423940149625935
Polr2c,chr8,+,94857449,0.334453410957,-0.703086708196923,69,273,60,229,101,152,0.201754385964912,0.18018018018018,0.399209486166008
Ccdc102a,chr8,-,94918097,,-1.7145984934455,65,79,48,48,60,74,0.451388888888889,0.377952755905512,0.447761194029851
Cngb1,chr8,-,95306584,-3.07855804722179,4.92849412972,143,11,152,17,197,11,0.928571428571429,0.932515337423313,0.947115384615385
Mmp15,chr8,+,95352295,4.15845186926,,30,369,30,362,30,280,0.075187969924812,0.075187969924812,0.0967741935483871
Csnk2a2,chr8,-,95488819,,-0.686129113429704,33,10,22,32,51,37,0.767441860465116,0.6875,0.579545454545455
Ndrg4,chr8,+,95676973,1.3314019591,-2.2547984440211,4,8,3,10,7,7,0.333333333333333,0.272727272727273,0.5
4930513N10Rik,chr8,+,95806829,0.560617381344,,0,252,1,221,2,232,0,0.00395256916996047,0.00854700854700855
Slc38a7,chr8,-,95853490,,-0.874739876048524,64,224,43,108,33,199,0.222222222222222,0.161048689138577,0.142241379310345
Got2,chr8,-,95888400,,-0.759501464642305,22,106,13,82,13,83,0.171875,0.109243697478992,0.135416666666667
Cdh5,chr8,+,104101624,3.89690636398,-10.3467748941343,68,11,71,9,59,2,0.860759493670886,0.865853658536585,0.967213114754098
Tk2,chr8,-,104248557,,0.885161681626,37,154,41,163,36,94,0.193717277486911,0.21025641025641,0.276923076923077
Pdp2,chr8,+,104591471,-0.738536281734163,,34,34,35,28,44,11,0.5,0.507246376811594,0.8
Ces2b,chr8,+,104831605,3.75591189097,-7.82992733830833,20,1,21,0,18,1,0.952380952380952,0.954545454545455,0.947368421052632
Ces2c,chr8,+,104847067,,-6.77119881191446,39,4,43,2,49,4,0.906976744186047,0.914893617021277,0.924528301886792
Ces2g,chr8,+,104961717,,0.704436510994,66,8,65,8,52,24,0.891891891891892,0.89041095890411,0.68421052631579
Cbfb,chr8,+,105170673,-0.363769433184246,,18,201,18,218,22,132,0.0821917808219178,0.0821917808219178,0.142857142857143
Fbxl8,chr8,+,105264647,-0.651402634655268,,9,69,6,81,7,76,0.115384615384615,0.08,0.0843373493975904
Exoc3l,chr8,-,105296112,-0.422907504616804,,22,16,32,7,22,4,0.578947368421053,0.666666666666667,0.846153846153846
E2f4,chr8,+,105297662,,-1.11260983421468,73,54,55,35,43,19,0.574803149606299,0.504587155963303,0.693548387096774
Lrrc36,chr8,+,105413621,,3.98862517053,95,47,99,30,148,42,0.669014084507042,0.678082191780822,0.778947368421053
Zdhhc1,chr8,-,105497061,,1.233185571,38,240,38,97,28,255,0.136690647482014,0.136690647482014,0.0989399293286219
Thap11,chr8,+,105855102,,-0.660638260487339,66,94,47,71,57,101,0.4125,0.333333333333333,0.360759493670886
Nutf2,chr8,+,105860532,,-0.711272558809941,204,82,120,74,148,90,0.713286713286713,0.594059405940594,0.621848739495798
Lcat,chr8,-,105943401,,-7.61280265327204,156,2,226,3,271,10,0.987341772151899,0.991228070175439,0.9644128113879
Slc12a4,chr8,-,105966114,0.803340844911,-1.53506662798742,37,116,30,123,42,118,0.241830065359477,0.205479452054795,0.2625
Prmt7,chr8,+,106211053,,-0.977486075771521,37,246,43,192,34,192,0.130742049469965,0.14878892733564,0.150442477876106
Chtf8,chr8,-,106893592,,-0.660202506203417,39,222,35,315,11,159,0.149425287356322,0.136186770428016,0.0647058823529412
Sntb2,chr8,+,106935739,-1.15240927771771,,36,73,31,77,45,37,0.330275229357798,0.298076923076923,0.548780487804878
Nip7,chr8,+,107056876,,-0.744661823738551,88,111,53,65,46,87,0.442211055276382,0.323170731707317,0.345864661654135
Cyb5b,chr8,+,107150660,-0.961659727916644,,109,47,63,65,128,76,0.698717948717949,0.572727272727273,0.627450980392157
Nfat5,chr8,+,107293469,,1.53891983266,4,42,0,41,0,14,0.0869565217391304,0,0
Nqo1,chr8,-,107403204,-4.47817360225563,1.31242358261,64,129,80,143,41,155,0.33160621761658,0.382775119617225,0.209183673469388
Wwp2,chr8,+,107436369,-0.544757262565431,,24,29,28,30,32,33,0.452830188679245,0.491228070175439,0.492307692307692
Psmd7,chr8,-,107588481,,-0.772766500687301,32,40,40,56,38,61,0.444444444444444,0.5,0.383838383838384
Dhx38,chr8,-,109565860,,-0.636661594601005,73,478,42,347,74,372,0.132486388384755,0.0807692307692308,0.165919282511211
Hp,chr8,-,109579171,2.21029530243,-6.69789571412388,74,33,79,18,45,19,0.691588785046729,0.705357142857143,0.703125
Dhodh,chr8,-,109608672,,-0.659138495817821,10,172,12,141,24,204,0.054945054945055,0.0652173913043478,0.105263157894737
Pkd1l3,chr8,+,109614233,0.420809847712,,81,62,62,67,77,67,0.566433566433567,0.5,0.534722222222222
Zfp821,chr8,+,109695251,0.831330519798,,160,3,133,6,153,2,0.98159509202454,0.977941176470588,0.987096774193548
Zfp612,chr8,+,110079733,1.78051087965,,95,11,77,2,96,6,0.89622641509434,0.875,0.941176470588235
Cmtr2,chr8,+,110217959,-0.50076084336263,,11,92,10,72,8,8,0.106796116504854,0.0980392156862745,0.5
Hydin,chr8,+,110266976,4.22330152355,,59,93,58,114,34,70,0.388157894736842,0.384105960264901,0.326923076923077
Vac14,chr8,+,110618566,,-0.689256669381256,78,173,74,147,54,103,0.310756972111554,0.299595141700405,0.343949044585987
Cog4,chr8,+,110846599,,-0.600349439141277,72,335,48,326,64,354,0.176904176904177,0.12532637075718,0.15311004784689
Ddx19a,chr8,-,110997822,0.274061979637,-0.807941530955258,20,137,23,154,22,126,0.127388535031847,0.14375,0.148648648648649
Aars,chr8,+,111033841,-0.486129611892136,-1.23975735942213,262,145,284,149,215,88,0.643734643734644,0.662004662004662,0.70957095709571
Exosc6,chr8,+,111056338,,-0.924955538295068,90,153,97,116,102,119,0.37037037037037,0.388,0.461538461538462
Rfwd3,chr8,-,111300221,,-0.560271964231477,38,86,33,96,23,77,0.306451612903226,0.277310924369748,0.23
Mlkl,chr8,-,111338204,-1.26687399641298,,14,201,9,88,16,266,0.0651162790697674,0.0428571428571429,0.0567375886524823
Ldhd,chr8,-,111630335,,4.27037691688,20,8,20,7,12,9,0.714285714285714,0.714285714285714,0.571428571428571
Zfp1,chr8,+,111643442,0.595284812842,,1,91,0,80,0,89,0.0108695652173913,0,0
Bcar1,chr8,-,111743848,2.56707333881,-6.13802229514292,29,22,36,15,31,24,0.568627450980392,0.620689655172414,0.563636363636364
Tmem231,chr8,-,111933812,-0.844517175029409,1.33188858083,47,185,20,135,39,159,0.202586206896552,0.0975609756097561,0.196969696969697
Kars,chr8,-,112011353,,-0.687198720797885,0,203,0,222,0,239,0,0,0
Wwox,chr8,+,114439651,-0.522133020185063,,45,26,36,29,46,21,0.633802816901409,0.580645161290323,0.686567164179104
Cmc2,chr8,-,116921435,,-0.824533574306033,75,283,71,130,99,349,0.209497206703911,0.200564971751412,0.220982142857143
Cenpn,chr8,+,116921739,,-1.06133561618698,105,288,101,136,108,353,0.267175572519084,0.259640102827764,0.234273318872017
Sdr42e1,chr8,-,117673688,-0.869814832261488,1.82706963634,105,37,94,24,93,33,0.73943661971831,0.717557251908397,0.738095238095238
Hsbp1,chr8,+,119344537,-0.555056364944376,,37,58,25,41,40,78,0.389473684210526,0.301204819277108,0.338983050847458
Osgin1,chr8,+,119437146,1.0122232257,,6,24,1,9,6,33,0.2,0.04,0.153846153846154
Cotl1,chr8,-,119840578,0.75336773887,-1.19238664925033,13,178,26,295,27,182,0.0680628272251309,0.127450980392157,0.129186602870813
Usp10,chr8,+,119910359,,-0.865950648779762,52,26,53,53,56,53,0.666666666666667,0.670886075949367,0.513761467889908
Crispld2,chr8,+,119992437,5.10662901386,-6.02312667093065,197,144,186,129,160,121,0.577712609970675,0.563636363636364,0.569395017793594
6430548M08Rik,chr8,+,120114151,1.31795880391,,20,148,26,119,21,200,0.119047619047619,0.149425287356322,0.0950226244343891
Gins2,chr8,-,120589074,,-0.997612546392612,8,200,4,164,2,144,0.0384615384615385,0.0196078431372549,0.0136986301369863
Cox4i1,chr8,+,120668224,,-0.666786735399886,1,183,5,147,3,208,0.00543478260869565,0.0265957446808511,0.014218009478673
Irf8,chr8,+,120736357,1.96270893678,-2.89723364841489,70,145,50,123,44,116,0.325581395348837,0.256410256410256,0.275
Zcchc14,chr8,-,121651932,1.69400342847,,25,74,27,81,15,42,0.252525252525253,0.267326732673267,0.263157894736842
Klhdc4,chr8,-,121829568,,-0.691849509653571,97,202,54,115,120,130,0.324414715719064,0.2109375,0.48
Slc7a5,chr8,-,121907685,,-0.955520194677612,3,146,2,190,1,218,0.0201342281879195,0.0135135135135135,0.0045662100456621
Cyba,chr8,-,122432939,,-0.769075210067033,8,24,13,19,11,27,0.25,0.351351351351351,0.289473684210526
Mvd,chr8,-,122443421,-2.7991332803778,,0,126,0,183,1,98,0,0,0.0101010101010101
Rnf166,chr8,-,122476073,,0.742505301592,9,3,11,3,8,3,0.75,0.785714285714286,0.727272727272727
Piezo1,chr8,-,122551328,,-1.07860873372241,72,25,68,25,46,30,0.742268041237113,0.731182795698925,0.605263157894737
Cdt1,chr8,+,122568014,,-1.10356989393192,2,245,4,234,7,143,0.00809716599190283,0.0160642570281124,0.0466666666666667
Aprt,chr8,-,122576906,,-0.696175741778317,100,26,115,25,89,18,0.793650793650794,0.815602836879433,0.831775700934579
2810013P06Rik,chr8,+,123042574,,0.952431907206,21,339,18,319,10,172,0.0583333333333333,0.0504201680672269,0.054945054945055
Sult5a1,chr8,-,123158279,4.63484115121,-7.2852655655566,117,34,122,31,101,17,0.774834437086093,0.782051282051282,0.855932203389831
Vps9d1,chr8,-,123254221,0.478558742715,,5,41,1,26,7,51,0.108695652173913,0.0238095238095238,0.120689655172414
Spire2,chr8,+,123332712,1.23373861835,,59,52,72,57,101,50,0.531531531531532,0.580645161290323,0.668874172185431
Def8,chr8,+,123442955,-0.615575628505678,1.15026674352,59,165,49,217,40,127,0.263392857142857,0.228971962616822,0.239520958083832
Afg3l1,chr8,+,123477861,,-0.688578940352105,20,208,9,163,17,192,0.087719298245614,0.0414746543778802,0.0813397129186603
Rab4a,chr8,+,123805995,0.58520574705,-1.39130184546821,101,114,95,105,129,99,0.469767441860465,0.454545454545455,0.565789473684211
Ccsap,chr8,-,123860208,,-1.10519552961095,32,54,41,73,48,27,0.372093023255814,0.431578947368421,0.64
Nup133,chr8,-,123949264,,-0.813606611002621,13,172,6,149,24,217,0.0702702702702703,0.0337078651685393,0.0995850622406639
Abcb10,chr8,-,123983121,,-0.910686986155959,17,4,19,4,16,7,0.80952380952381,0.826086956521739,0.695652173913044
Urb2,chr8,+,124021496,,-0.559966408170039,0,12,0,33,0,30,0,0,0
2310022B05Rik,chr8,-,124663368,0.66850072458,-0.897019051932927,2,82,0,69,1,56,0.0238095238095238,0,0.0175438596491228
2810004N23Rik,chr8,-,124863028,0.567441515845,-0.934033136346005,56,345,74,276,109,345,0.139650872817955,0.176610978520286,0.240088105726872
Gnpat,chr8,+,124863032,,-0.50612242060123,56,345,74,276,109,345,0.139650872817955,0.176610978520286,0.240088105726872
Disc1,chr8,+,125054194,2.15957416279,,75,68,83,71,83,54,0.524475524475525,0.549668874172185,0.605839416058394
Sipa1l2,chr8,-,125569862,2.19593930674,-2.31735509972078,1,148,0,133,0,109,0.00671140939597315,0,0
Map10,chr8,+,125669817,1.1707164687,,161,116,220,161,215,144,0.581227436823105,0.654761904761905,0.598885793871866
Coa6,chr8,+,126422500,,-0.87863650244525,3,121,2,38,1,97,0.0241935483870968,0.016260162601626,0.0102040816326531
Tomm20,chr8,-,126945920,,-0.625351432938256,150,204,143,32,116,200,0.423728813559322,0.412103746397695,0.367088607594937
Nrp1,chr8,+,128359072,-1.72327273552363,-2.8260958588485,0,97,0,176,0,180,0,0,0
Alkbh8,chr9,+,3335230,0.366310618905,,37,149,44,146,48,185,0.198924731182796,0.227979274611399,0.206008583690987
Cwf19l2,chr9,+,3404084,,1.02144805392,14,279,18,203,26,257,0.0477815699658703,0.0606060606060606,0.0918727915194346
Casp1,chr9,+,5298516,-2.46689215050037,2.61714993868,68,58,25,73,28,69,0.53968253968254,0.301204819277108,0.288659793814433
Casp4,chr9,+,5308848,-0.865176906501449,2.20366512655,28,18,23,21,21,39,0.608695652173913,0.560975609756098,0.35
Casp12,chr9,+,5345475,-2.67054177554868,3.12245528938,31,3,55,16,21,54,0.911764705882353,0.948275862068965,0.28
Pdgfd,chr9,+,6168485,1.4643161542,,37,56,26,66,27,44,0.397849462365591,0.317073170731707,0.380281690140845
Dcun1d5,chr9,+,7176589,,-0.623527985849074,28,66,32,26,27,52,0.297872340425532,0.326530612244898,0.341772151898734
Dync2h1,chr9,-,7177057,,1.2295028572,69,66,53,26,76,55,0.511111111111111,0.445378151260504,0.580152671755725
Mmp8,chr9,+,7558428,-2.58586711746916,,118,23,102,24,94,18,0.836879432624114,0.816,0.839285714285714
Tmem123,chr9,+,7764076,-0.443867030378683,0.790310704861,43,311,41,246,41,289,0.121468926553672,0.116477272727273,0.124242424242424
Birc2,chr9,-,7837056,,0.977591978231,2,226,1,194,1,261,0.0087719298245614,0.00440528634361234,0.00381679389312977
Yap1,chr9,-,8004595,1.95003746144,,7,85,30,106,15,71,0.0760869565217391,0.260869565217391,0.174418604651163
Trpc6,chr9,+,8544141,,1.78449472876,28,128,32,114,14,44,0.17948717948718,0.2,0.241379310344828
Pgr,chr9,+,8899832,-3.79737521654221,5.22811260273,9,12,17,11,18,0,0.428571428571429,0.586206896551724,1
Jrkl,chr9,-,13245740,,1.2672853225,112,64,100,55,132,85,0.636363636363636,0.609756097560976,0.608294930875576
Ccdc82,chr9,+,13246955,,1.11397974828,6,4,5,5,6,11,0.6,0.555555555555556,0.352941176470588
Maml2,chr9,+,13619988,,0.82677120048,70,3,62,0,55,2,0.958904109589041,0.953846153846154,0.964912280701754
Fam76b,chr9,+,13827715,,0.774079808493,5,110,2,83,6,124,0.0434782608695652,0.0178571428571429,0.0461538461538462
Sesn3,chr9,+,14276300,,1.25298731918,0,10,0,3,0,11,0,0,0
Endod1,chr9,-,14381241,-1.38855348721268,,106,39,58,20,77,23,0.731034482758621,0.597938144329897,0.77
Amotl1,chr9,-,14614999,,-1.59892366825764,25,13,23,10,3,6,0.657894736842105,0.638888888888889,0.333333333333333
Panx1,chr9,-,15045477,-0.64356477687855,,94,67,49,101,87,17,0.583850931677019,0.422413793103448,0.836538461538462
4931406C07Rik,chr9,-,15306447,0.657253115634,,27,405,23,195,17,371,0.0625,0.0537383177570094,0.0438144329896907
Zfp426,chr9,-,20492745,-0.569531882253247,,34,179,37,211,31,197,0.15962441314554,0.171296296296296,0.135964912280702
Pin1,chr9,+,20652117,,-0.824076274653279,4,146,0,89,0,79,0.0266666666666667,0,0
Col5a3,chr9,-,20815066,2.62659158117,,48,13,15,11,40,9,0.786885245901639,0.535714285714286,0.816326530612245
Ppan,chr9,+,20888174,,-0.638736026417347,50,160,40,208,39,167,0.238095238095238,0.2,0.189320388349515
Eif3g,chr9,-,20898589,,-0.822077028605401,59,16,68,16,59,25,0.786666666666667,0.80952380952381,0.702380952380952
Dnmt1,chr9,-,20959887,,-0.558824852772732,118,5,145,4,163,6,0.959349593495935,0.966666666666667,0.964497041420118
S1pr2,chr9,-,20976792,-1.50628445272417,,49,19,40,13,33,10,0.720588235294118,0.677966101694915,0.767441860465116
Icam1,chr9,+,21015939,0.378676688934,,0,125,1,99,1,84,0,0.00793650793650794,0.0117647058823529
Icam4,chr9,+,21029431,1.60971840915,,91,125,117,178,52,190,0.421296296296296,0.483471074380165,0.214876033057851
Cdc37,chr9,-,21149933,,-0.678229516594521,48,119,49,117,40,169,0.287425149700599,0.291666666666667,0.191387559808612
Pde4a,chr9,+,21165713,-1.98858651009282,1.14244653944,6,226,24,227,23,129,0.0258620689655172,0.096,0.151315789473684
Cdkn2d,chr9,-,21291208,0.521380273353,,56,391,26,438,38,223,0.125279642058166,0.0623501199040767,0.145593869731801
Slc44a2,chr9,+,21320718,,0.638055242142,30,6,33,5,22,7,0.833333333333333,0.846153846153846,0.758620689655172
Qtrt1,chr9,+,21411836,,-0.859298600326636,28,65,47,98,40,67,0.301075268817204,0.419642857142857,0.373831775700935
AB124611,chr9,+,21526176,1.33028850425,-2.34486344922554,40,79,40,83,31,81,0.336134453781513,0.336134453781513,0.276785714285714
Carm1,chr9,+,21546893,,-0.622817151720836,0,8,0,9,0,7,0,0,0
Smarca4,chr9,+,21616168,,-0.588452367732187,11,79,14,97,18,76,0.122222222222222,0.150537634408602,0.191489361702128
Ldlr,chr9,+,21723575,-2.41466946114397,,4,62,5,23,5,52,0.0606060606060606,0.0746268656716418,0.087719298245614
Spc24,chr9,-,21760302,0.63092907145,-1.43935349381678,1,142,0,143,5,146,0.00699300699300699,0,0.033112582781457
Dock6,chr9,-,21852634,1.18798788451,,61,28,48,21,64,14,0.685393258426966,0.631578947368421,0.82051282051282
Rab3d,chr9,-,21918182,-0.50632631138463,,16,56,33,49,36,48,0.222222222222222,0.370786516853933,0.428571428571429
Epor,chr9,-,21963575,2.9157854875,-1.44805117720709,114,74,83,44,75,64,0.606382978723404,0.528662420382166,0.539568345323741
Ecsit,chr9,-,22085426,,-0.86078182227254,21,285,29,279,16,152,0.0686274509803922,0.0923566878980892,0.0952380952380952
Elof1,chr9,-,22117194,,-0.745057750984797,21,66,4,14,8,74,0.241379310344828,0.0571428571428571,0.0975609756097561
Acp5,chr9,-,22135745,3.51268357443,-3.75393368881604,64,10,107,6,79,6,0.864864864864865,0.914529914529914,0.929411764705882
Dpy19l1,chr9,-,24503139,,-0.573670321224462,7,158,14,137,15,175,0.0424242424242424,0.0813953488372093,0.0789473684210526
Eepd1,chr9,+,25481596,-0.890673449634401,1.56087284851,9,34,10,35,5,21,0.209302325581395,0.227272727272727,0.192307692307692
Jam3,chr9,-,27155420,2.05794763608,-0.716336391744601,63,61,83,37,87,30,0.508064516129032,0.576388888888889,0.743589743589744
Opcml,chr9,+,28404327,,5.04945118586,26,49,28,38,39,35,0.346666666666667,0.363636363636364,0.527027027027027
St14,chr9,-,31131798,-2.96999496270409,2.41569012803,22,116,91,100,77,42,0.159420289855072,0.439613526570048,0.647058823529412
Kcnj5,chr9,-,32344343,3.97831142927,,8,14,13,13,7,4,0.363636363636364,0.481481481481482,0.636363636363636
Fli1,chr9,-,32541451,,0.912890033365,1,40,0,33,0,54,0.024390243902439,0,0
Ets1,chr9,+,32636240,1.76944221744,,77,80,88,40,80,50,0.490445859872612,0.523809523809524,0.615384615384615
St3gal4,chr9,-,35116863,-0.600639761258505,,3,124,5,146,0,42,0.0236220472440945,0.0387596899224806,0
Tirap,chr9,-,35200290,-0.792833500240563,,99,56,62,33,96,48,0.638709677419355,0.525423728813559,0.666666666666667
Srpr,chr9,+,35211202,-0.499251484232503,,0,33,0,24,0,25,0,0,0
Cdon,chr9,+,35452075,1.38916809851,,103,6,127,0,109,1,0.944954128440367,0.954887218045113,0.990909090909091
Ddx25,chr9,-,35558469,2.08388962843,,54,230,35,196,63,185,0.190140845070423,0.132075471698113,0.254032258064516
Stt3a,chr9,-,36767621,-0.810867945747367,,4,253,2,222,2,198,0.0155642023346304,0.00784313725490196,0.01
Ei24,chr9,-,36797333,-0.510045763928586,,6,30,4,43,7,46,0.166666666666667,0.117647058823529,0.132075471698113
Slc37a2,chr9,-,37255737,,-2.43583539273661,54,187,56,212,40,104,0.224066390041494,0.230452674897119,0.277777777777778
Robo4,chr9,+,37401971,2.22901619374,,34,8,16,14,18,11,0.80952380952381,0.666666666666667,0.620689655172414
Robo3,chr9,-,37433174,,5.93460738283,1,84,1,92,1,90,0.0117647058823529,0.0117647058823529,0.010989010989011
Msantd2,chr9,+,37489320,0.568815224652,,9,31,4,28,3,30,0.225,0.114285714285714,0.0909090909090909
Esam,chr9,+,37528088,0.675063343592,,2,54,6,52,0,54,0.0357142857142857,0.1,0
Vsig2,chr9,+,37539254,1.43035777112,,110,10,102,8,119,11,0.916666666666667,0.910714285714286,0.915384615384615
Nrgn,chr9,-,37552744,,1.31378032493,40,168,35,144,33,150,0.192307692307692,0.172413793103448,0.180327868852459
Siae,chr9,+,37613820,,0.72978762762,30,71,32,56,21,64,0.297029702970297,0.310679611650485,0.247058823529412
Vwa5a,chr9,+,38718267,,0.778617891528,10,21,18,20,9,30,0.32258064516129,0.461538461538462,0.230769230769231
AW551984,chr9,-,39604269,5.72415410714,,4,79,5,94,3,77,0.0481927710843374,0.0595238095238095,0.0375
Ubash3b,chr9,-,41158061,-0.579995753805219,1.14729476892,93,38,83,35,121,20,0.709923664122137,0.685950413223141,0.858156028368794
Sc5d,chr9,-,42264299,-2.05333163141527,,30,243,8,172,21,184,0.10989010989011,0.0318725099601594,0.102439024390244
Arhgef12,chr9,-,43105717,-0.559936351367312,1.43859425068,2,187,5,137,0,152,0.0105820105820106,0.0260416666666667,0
Oaf,chr9,-,43239815,1.52481493535,-2.2154660312804,22,79,21,81,23,41,0.217821782178218,0.21,0.359375
Thy1,chr9,+,44043383,-3.23695979787403,,3,8,2,16,1,6,0.272727272727273,0.2,0.142857142857143
Usp2,chr9,+,44067020,-1.03262396950408,,52,212,38,138,50,116,0.196969696969697,0.152,0.301204819277108
Rnf26,chr9,-,44113050,,-0.891039702790606,46,108,68,131,45,108,0.298701298701299,0.386363636363636,0.294117647058824
Abcg4,chr9,-,44288243,7.67761402203,-4.18827669942571,4,35,2,52,4,16,0.102564102564103,0.0540540540540541,0.2
Hinfp,chr9,-,44305670,-0.580486562402199,,36,197,20,131,29,220,0.15450643776824,0.0921658986175115,0.116465863453815
Dpagt1,chr9,+,44326814,-0.383073471270732,,8,291,7,258,8,269,0.0267558528428094,0.023489932885906,0.0288808664259928
Hmbs,chr9,-,44344227,0.952827205462,-1.76600613052842,7,64,7,77,2,62,0.0985915492957746,0.0985915492957746,0.03125
Vps11,chr9,-,44361669,-0.412740045116971,,87,43,58,29,76,22,0.669230769230769,0.574257425742574,0.775510204081633
Hyou1,chr9,+,44379489,-0.60428372253537,-0.551360686597611,72,70,59,86,43,85,0.507042253521127,0.457364341085271,0.3359375
Slc37a4,chr9,+,44396945,-0.588111695538558,,23,3,23,2,19,1,0.884615384615385,0.884615384615385,0.95
Phldb1,chr9,-,44735197,-0.663595848863467,0.958482193588,61,44,48,57,73,43,0.580952380952381,0.521739130434783,0.629310344827586
Kmt2a,chr9,-,44881288,,0.741220139484,1,25,0,20,0,6,0.0384615384615385,0,0
Atp5l,chr9,-,44920741,0.527886868737,,18,254,18,252,27,182,0.0661764705882353,0.0661764705882353,0.129186602870813
Mpzl2,chr9,+,45042343,-5.91896936965569,,13,94,6,76,8,51,0.121495327102804,0.06,0.135593220338983
Tmprss4,chr9,-,45204034,-3.04007789905664,,92,4,53,5,46,5,0.958333333333333,0.929824561403509,0.901960784313725
Il10ra,chr9,-,45269148,,-1.43775401444811,53,213,32,191,35,102,0.199248120300752,0.130612244897959,0.255474452554745
Cep164,chr9,-,45828662,1.18976533858,-1.7104778831627,93,268,130,203,118,178,0.257617728531856,0.326633165829146,0.398648648648649
Bace1,chr9,+,45838544,-0.3681303035339,,48,44,39,40,48,36,0.521739130434783,0.469879518072289,0.571428571428571
Sidt2,chr9,-,45955248,-0.298065053236924,,5,88,12,30,10,43,0.0537634408602151,0.12,0.188679245283019
Apoa1,chr9,+,46228629,4.91238883121,-4.68411057720954,112,12,71,3,90,6,0.903225806451613,0.855421686746988,0.9375
Cadm1,chr9,+,47530169,1.19518888738,-1.81370319901993,7,45,15,86,8,69,0.134615384615385,0.25,0.103896103896104
Nxpe2,chr9,-,48340897,4.37023566395,-1.76447751062459,245,15,228,11,267,3,0.942307692307692,0.938271604938272,0.988888888888889
Nxpe4,chr9,+,48362040,3.68353504092,-2.27063768679816,172,10,182,6,232,4,0.945054945054945,0.947916666666667,0.983050847457627
Rexo2,chr9,-,48480610,-0.559285408267714,-0.792082748224056,88,181,59,125,80,155,0.327137546468401,0.245833333333333,0.340425531914894
Zbtb16,chr9,-,48836224,,1.52424672399,0,26,0,18,0,15,0,0,0
Ttc12,chr9,-,49486224,-1.99871462137677,1.97199501575,5,18,6,26,7,21,0.217391304347826,0.25,0.25
Ncam1,chr9,-,49799392,1.31350675586,,1,18,2,36,1,25,0.0526315789473684,0.1,0.0384615384615385
Plet1os,chr9,-,50504804,5.10767661402,,145,34,140,25,138,34,0.810055865921788,0.804597701149425,0.802325581395349
Il18,chr9,+,50554699,,1.45220225509,169,108,79,100,148,162,0.610108303249097,0.422459893048128,0.47741935483871
Sdhd,chr9,-,50603848,,-1.16252679711634,18,249,24,194,13,228,0.0674157303370787,0.0879120879120879,0.053941908713693
Timm8b,chr9,+,50603900,0.362419378165,-1.03377155355392,11,247,13,192,5,228,0.0426356589147287,0.05,0.0214592274678112
Dlat,chr9,-,50659779,,-0.634718863516067,2,23,5,24,8,30,0.08,0.178571428571429,0.210526315789474
Dixdc1,chr9,-,50737734,,1.96789816022,196,31,182,18,226,28,0.863436123348018,0.854460093896714,0.889763779527559
Ppp2r1b,chr9,+,50856923,,-1.09043449448792,20,75,26,107,25,86,0.210526315789474,0.257425742574257,0.225225225225225
Pou2af1,chr9,+,51213689,5.55505164519,,237,29,178,14,226,17,0.890977443609023,0.859903381642512,0.930041152263374
Exph5,chr9,+,53301669,5.09782124359,,67,123,35,68,44,109,0.352631578947368,0.221518987341772,0.287581699346405
Atm,chr9,-,53536670,-0.317168745755518,0.984990917007,0,134,2,157,2,99,0,0.0147058823529412,0.0198019801980198
Npat,chr9,+,53537046,-0.35120992439086,,1,131,2,140,2,86,0.00757575757575758,0.0150375939849624,0.0227272727272727
Rab39,chr9,-,53706231,3.97612002426,,37,116,19,93,33,104,0.241830065359477,0.140740740740741,0.240875912408759
Slc35f2,chr9,+,53771534,-0.930672555208141,1.01322665658,18,4,22,1,19,1,0.818181818181818,0.846153846153846,0.95
Dmxl2,chr9,-,54501625,-0.908444705170091,1.60034105342,16,115,8,68,6,124,0.122137404580153,0.0650406504065041,0.0461538461538462
Acsbg1,chr9,-,54661884,3.31554199271,,25,15,37,14,36,5,0.625,0.711538461538462,0.878048780487805
Dnaja4,chr9,+,54699282,0.734933855523,1.67849503943,58,9,41,10,39,5,0.865671641791045,0.82,0.886363636363636
Psma4,chr9,+,54950858,,-0.572527485720328,28,42,10,21,39,52,0.4,0.192307692307692,0.428571428571429
Scaper,chr9,-,55938118,,1.39545974377,56,79,37,93,39,87,0.414814814814815,0.318965517241379,0.30952380952381
Snx33,chr9,-,56928370,,0.795077850173,18,118,24,98,27,83,0.132352941176471,0.169014084507042,0.245454545454545
Ptpn9,chr9,+,56994967,-1.03606701617645,,4,11,14,3,6,16,0.266666666666667,0.56,0.272727272727273
Cox5a,chr9,+,57521231,-0.648438675578502,,121,336,34,442,116,361,0.264770240700219,0.0918918918918919,0.243186582809224
Mpi,chr9,-,57552751,-0.531378186451929,,16,6,23,0,33,1,0.727272727272727,0.793103448275862,0.970588235294118
Scamp2,chr9,+,57560943,-0.408159732846405,,7,136,0,103,4,88,0.048951048951049,0,0.0434782608695652
Cyp1a1,chr9,+,57687927,,-7.10568813752657,29,8,25,11,45,6,0.783783783783784,0.757575757575758,0.882352941176471
Arid3b,chr9,-,57836778,1.1234565695,,39,173,30,189,37,241,0.183962264150943,0.147783251231527,0.133093525179856
Ubl7,chr9,+,57910985,-0.572146050587558,,20,132,5,109,6,115,0.131578947368421,0.0364963503649635,0.0495867768595041
Sema7a,chr9,+,57940111,-3.55538508127722,2.96266915567,16,7,37,24,10,48,0.695652173913044,0.840909090909091,0.172413793103448
Cyp11a1,chr9,+,57998023,-5.38198532227726,,22,31,8,33,35,28,0.415094339622642,0.205128205128205,0.555555555555556
Pml,chr9,-,58249785,-0.64874984612274,,37,58,58,69,45,57,0.389473684210526,0.5,0.441176470588235
Stoml1,chr9,+,58253163,,0.862972935381,4,59,2,45,2,86,0.0634920634920635,0.0327868852459016,0.0227272727272727
Cd276,chr9,-,58540939,-1.77112968410114,-1.39137724440688,84,41,131,43,109,27,0.672,0.761627906976744,0.801470588235294
Nptn,chr9,+,58582239,-0.853775351226289,,4,31,7,43,7,45,0.114285714285714,0.184210526315789,0.134615384615385
Neo1,chr9,-,59036440,1.80593565579,,4,17,5,18,11,25,0.19047619047619,0.227272727272727,0.305555555555556
Bbs4,chr9,-,59353507,,1.22843694104,59,40,34,15,61,44,0.595959595959596,0.45945945945946,0.580952380952381
Hexa,chr9,+,59539539,-0.668563270649897,,38,131,23,149,26,61,0.224852071005917,0.149350649350649,0.298850574712644
Parp6,chr9,+,59617283,,0.937120052908,21,57,17,55,29,74,0.269230769230769,0.22972972972973,0.281553398058252
Pkm,chr9,+,59656575,-0.806701308991606,-0.733790223112795,10,53,12,44,10,32,0.158730158730159,0.184615384615385,0.238095238095238
Thsd4,chr9,-,60511034,,1.61658274247,41,2,48,1,36,1,0.953488372093023,0.96,0.972972972972973
Lrrc49,chr9,-,60688133,,1.02490500127,28,133,10,139,19,147,0.173913043478261,0.0699300699300699,0.114457831325301
Paqr5,chr9,-,62026789,,2.84631196609,2,22,3,23,1,6,0.0833333333333333,0.12,0.142857142857143
Glce,chr9,-,62122608,-0.369159170715204,,0,159,0,131,0,96,0,0,0
Anp32a,chr9,+,62341342,0.253130954848,,1,181,3,156,3,134,0.0054945054945055,0.016304347826087,0.0218978102189781
Coro2b,chr9,-,62537043,1.97244428786,,5,82,1,67,0,28,0.0574712643678161,0.0120481927710843,0
Pias1,chr9,-,62980878,,0.690165896158,0,22,0,27,0,0,0,0,
Smad6,chr9,-,64022058,2.18698600262,-1.43703917548858,0,4,0,10,0,14,0,0,0
Scarletltr,chr9,+,64080760,5.2439287288,-8.61319021461189,54,3,66,11,70,7,0.947368421052632,0.956521739130435,0.909090909090909
Rab11a,chr9,-,64737755,-0.422804192513658,,54,9,53,11,57,19,0.857142857142857,0.854838709677419,0.75
Igdcc4,chr9,+,65101485,1.8587880668,,16,51,14,68,20,42,0.238805970149254,0.215384615384615,0.32258064516129
Pdcd7,chr9,+,65346067,0.497702470615,,154,60,233,63,196,34,0.719626168224299,0.795221843003413,0.852173913043478
Spg21,chr9,+,65460936,-0.461506625959703,,89,74,73,47,135,65,0.54601226993865,0.496598639455782,0.675
Plekho2,chr9,-,65580086,,0.559114446284,0,59,1,58,1,67,0,0.0166666666666667,0.0147058823529412
Pif1,chr9,+,65587159,,-0.937659675748032,0,116,1,100,0,92,0,0.00854700854700855,0
Rbpms2,chr9,+,65630581,-1.04493381921714,1.01749327017,6,18,5,20,6,13,0.25,0.217391304347826,0.315789473684211
Zfp609,chr9,-,65827563,,-0.559264209451533,8,262,13,196,23,183,0.0296296296296296,0.0472727272727273,0.111650485436893
Ppib,chr9,+,66060168,-0.370706126822637,,45,65,29,53,34,49,0.409090909090909,0.308510638297872,0.409638554216867
Snx22,chr9,-,66069758,-0.344746516265093,,27,117,19,159,29,202,0.1875,0.139705882352941,0.125541125541126
Snx1,chr9,-,66124885,-0.331043013395619,,110,137,111,130,97,113,0.445344129554656,0.44758064516129,0.461904761904762
Dapk2,chr9,+,66158225,4.02874059052,,2,26,1,48,2,44,0.0714285714285714,0.037037037037037,0.0434782608695652
Car12,chr9,+,66713685,-1.28964170791535,,23,32,26,29,25,20,0.418181818181818,0.448275862068966,0.555555555555556
Aph1b,chr9,-,66795422,-1.57194556762013,1.51269355389,82,299,125,210,125,269,0.215223097112861,0.294811320754717,0.317258883248731
Aph1c,chr9,-,66834705,,1.18098620163,54,233,42,171,17,252,0.18815331010453,0.152727272727273,0.0631970260223048
Rps27l,chr9,+,66946085,-0.589293748259779,-0.960969069688856,17,191,8,148,24,209,0.0817307692307692,0.0402010050251256,0.103004291845494
Tln2,chr9,-,67559702,,-2.80355160322473,57,1,34,0,58,1,0.982758620689655,0.971428571428571,0.983050847457627
C2cd4a,chr9,-,67832329,6.43910613642,-10.0322546360102,29,48,37,83,35,106,0.376623376623377,0.435294117647059,0.24822695035461
Rora,chr9,+,68653785,1.00347874244,2.03994955901,2,46,2,47,1,21,0.0416666666666667,0.0416666666666667,0.0454545454545455
Anxa2,chr9,+,69453682,-2.33220651377232,,115,142,122,116,79,121,0.447470817120623,0.462121212121212,0.395
Bnip2,chr9,+,69989465,-0.329161708061373,,37,88,25,84,45,100,0.296,0.221238938053097,0.310344827586207
Gtf2a2,chr9,+,70012547,0.397811575667,,10,205,12,211,3,195,0.0465116279069768,0.0552995391705069,0.0151515151515152
Myo1e,chr9,+,70207349,-2.9729359901991,2.57116486848,9,106,14,80,33,77,0.0782608695652174,0.116666666666667,0.3
Ccnb2,chr9,-,70421553,,-1.01823701479207,77,207,83,254,104,185,0.27112676056338,0.286206896551724,0.359861591695502
Rnf111,chr9,-,70503774,0.344841070819,,0,54,1,65,0,55,0,0.0181818181818182,0
Sltm,chr9,+,70542714,,0.824353800585,1,303,1,342,2,219,0.00328947368421053,0.00328947368421053,0.00904977375565611
Aqp9,chr9,-,71163288,-0.905810246743344,,76,54,45,53,32,74,0.584615384615385,0.454545454545455,0.30188679245283
Cgnl1,chr9,-,71771601,3.23084414582,-9.89337140948915,67,139,73,79,89,120,0.325242718446602,0.344339622641509,0.425837320574163
Mns1,chr9,+,72438528,0.80459201768,-1.71193186078722,35,344,24,290,34,186,0.0923482849604222,0.0652173913043478,0.154545454545455
Rfx7,chr9,+,72532239,-0.783218831881191,,7,3,8,7,5,6,0.7,0.727272727272727,0.454545454545455
Nedd4,chr9,+,72662330,-0.397667017996837,,41,34,38,67,30,69,0.546666666666667,0.527777777777778,0.303030303030303
Prtg,chr9,+,72807273,2.04777062422,,17,215,10,320,24,177,0.0732758620689655,0.0444444444444444,0.119402985074627
Ccpg1,chr9,+,72985503,,0.846066815174,15,17,7,26,7,28,0.46875,0.291666666666667,0.2
Pigb,chr9,-,73039698,-0.425371405056403,,35,114,38,114,36,87,0.23489932885906,0.25,0.292682926829268
Rab27a,chr9,+,73044809,-0.517664341006785,,8,75,6,44,8,27,0.0963855421686747,0.0740740740740741,0.228571428571429
Rsl24d1,chr9,+,73113468,0.352982803865,-0.570607444292343,47,355,40,339,87,270,0.116915422885572,0.10126582278481,0.243697478991597
Unc13c,chr9,-,73969036,5.72460091486,,22,40,19,34,20,63,0.354838709677419,0.322033898305085,0.240963855421687
Fam214a,chr9,+,74952879,,1.26838824681,28,313,25,123,38,370,0.0821114369501466,0.0739644970414201,0.0931372549019608
Arpp19,chr9,+,75037613,,-0.59247057331,45,122,42,101,45,151,0.269461077844311,0.25609756097561,0.229591836734694
Myo5a,chr9,+,75071205,-0.87225318956258,1.12083282038,47,37,37,49,56,11,0.55952380952381,0.5,0.835820895522388
Myo5c,chr9,+,75232013,,1.07883866694,67,43,34,53,52,75,0.609090909090909,0.441558441558442,0.409448818897638
Gnb5,chr9,+,75306287,-1.0483322614898,1.42218729504,120,4,119,0,159,1,0.967741935483871,0.967479674796748,0.99375
Tmod2,chr9,-,75611324,1.42801533233,,55,11,71,13,72,12,0.833333333333333,0.865853658536585,0.857142857142857
Gclc,chr9,+,77754534,-0.833840192099675,,115,179,135,137,154,123,0.391156462585034,0.429936305732484,0.555956678700361
Elovl5,chr9,+,77917364,-0.618745731937427,,78,191,61,181,66,125,0.28996282527881,0.242063492063492,0.345549738219895
Fbxo9,chr9,-,78109064,-1.04354683220934,1.20684649576,42,119,43,62,42,136,0.260869565217391,0.265432098765432,0.235955056179775
Gsta4,chr9,+,78191965,-1.55331120758045,,18,239,8,176,21,176,0.0700389105058366,0.0323886639676113,0.106598984771574
Cd109,chr9,+,78615545,,-5.939188972538,82,117,33,55,66,126,0.412060301507538,0.22,0.34375
Cox7a2,chr9,-,79759852,,-0.89329585009049,65,72,49,83,54,67,0.474452554744526,0.40495867768595,0.446280991735537
Tmem30a,chr9,-,79793429,-0.626048261037082,0.801962045083,37,185,29,186,31,188,0.166666666666667,0.135514018691589,0.141552511415525
Filip1,chr9,-,80012850,2.91286834242,,616,45,487,23,672,25,0.931921331316188,0.915413533834587,0.964131994261119
Senp6,chr9,+,80066902,,0.663811690721,2,42,1,45,0,15,0.0454545454545455,0.0232558139534884,0
Myo6,chr9,+,80165033,,1.14342950188,32,67,49,92,33,91,0.323232323232323,0.422413793103448,0.266129032258065
Mei4,chr9,+,81863669,1.25807458404,,67,111,43,99,56,115,0.376404494382022,0.279220779220779,0.327485380116959
Hmgn3,chr9,-,83146606,-1.61175183769204,1.88785738121,96,47,59,81,61,57,0.671328671328671,0.556603773584906,0.516949152542373
Sh3bgrl2,chr9,+,83548337,-1.53573516226207,,37,58,64,71,50,34,0.389473684210526,0.524590163934426,0.595238095238095
Ibtk,chr9,-,85749333,-0.445592323413705,,0,66,0,71,0,63,0,0,0
A330041J22Rik,chr9,+,86695441,-6.74205001366924,,22,19,21,23,15,12,0.536585365853659,0.525,0.555555555555556
Me1,chr9,-,86695913,-4.79845427478499,,27,19,24,21,18,12,0.586956521739131,0.558139534883721,0.6
Snap91,chr9,-,86880707,5.11284282073,,2,65,9,80,8,76,0.0298507462686567,0.121621621621622,0.0952380952380952
Nt5e,chr9,+,88327608,-2.51299836232657,,33,47,56,55,80,35,0.4125,0.54368932038835,0.695652173913044
Snx14,chr9,-,88438928,-0.502629063553958,,4,269,0,258,3,310,0.0146520146520147,0,0.00958466453674121
Syncrip,chr9,-,88482396,-0.489449655791276,,0,9,0,12,0,8,0,0,0
Mthfs,chr9,+,89211189,0.801440932395,,58,17,51,8,43,15,0.773333333333333,0.75,0.741379310344828
Tmed3,chr9,-,89705042,-0.556129132369757,,9,55,2,75,4,108,0.140625,0.0350877192982456,0.0357142857142857
Ctsh,chr9,+,90054266,1.51225776572,,31,77,18,96,33,66,0.287037037037037,0.189473684210526,0.333333333333333
Plscr1,chr9,+,92250193,-1.79608108330764,,46,93,40,156,33,169,0.330935251798561,0.300751879699248,0.163366336633663
Mir6386,chr9,-,92267360,-2.43591385419706,,113,1,156,0,124,1,0.991228070175439,0.993630573248408,0.992
Plscr2,chr9,+,92275601,-4.2580924578029,4.95003901764,83,18,94,25,55,68,0.821782178217822,0.839285714285714,0.447154471544715
Plscr4,chr9,+,92457377,-2.65573222672392,4.06550485699,68,8,23,17,33,27,0.894736842105263,0.741935483870968,0.55
Plod2,chr9,+,92542222,-1.66664177826599,1.2473270678,30,144,26,236,19,118,0.172413793103448,0.152941176470588,0.138686131386861
B430319G15Rik,chr9,-,92542868,-1.0001176156867,,67,141,45,232,51,122,0.322115384615385,0.241935483870968,0.294797687861272
Slc9a9,chr9,+,94669891,1.13271726207,,56,105,64,111,50,119,0.347826086956522,0.378698224852071,0.29585798816568
Chst2,chr9,-,95407269,1.112625559,-0.901128753814396,1,86,0,61,0,38,0.0114942528735632,0,0
Paqr9,chr9,+,95559633,5.6379514146,-1.88839792516131,98,314,56,252,154,245,0.237864077669903,0.151351351351351,0.385964912280702
Pls1,chr9,-,95845278,-1.31446941269365,2.77893715054,81,92,61,119,76,106,0.468208092485549,0.398692810457516,0.417582417582418
Atr,chr9,+,95857596,-0.630448958747847,,15,54,20,33,8,49,0.217391304347826,0.27027027027027,0.140350877192982
Atp1b3,chr9,-,96364430,-0.38973008731077,,27,79,19,103,22,153,0.254716981132076,0.193877551020408,0.125714285714286
Rnf7,chr9,-,96478674,,-0.711633519288796,46,140,53,111,44,82,0.247311827956989,0.274611398963731,0.349206349206349
Rasa2,chr9,-,96631502,-1.11685126970643,,4,188,13,108,10,168,0.0208333333333333,0.0646766169154229,0.0561797752808989
Zbtb38,chr9,-,96731674,-0.570601038591625,1.20200301478,572,30,588,14,547,12,0.950166112956811,0.951456310679612,0.978533094812165
E030011O05Rik,chr9,-,96752830,-1.63089114568567,2.43083823674,253,12,234,5,185,2,0.954716981132075,0.951219512195122,0.989304812834225
Pxylp1,chr9,-,96889473,-1.9663216063263,1.64470689048,5,112,7,121,2,50,0.0427350427350427,0.0588235294117647,0.0384615384615385
Ppia,chr9,+,96895614,,-0.668890016279535,192,15,156,13,187,21,0.927536231884058,0.912280701754386,0.899038461538462
Spsb4,chr9,-,97018354,-4.66549558883672,2.78111673444,4,166,1,184,0,145,0.0235294117647059,0.00598802395209581,0
Slc25a36,chr9,-,97111040,,1.19217999739,18,76,34,63,16,24,0.191489361702128,0.309090909090909,0.4
Rbp1,chr9,+,98422960,1.66490009715,-1.31877953062997,51,0,29,1,52,0,1,1,1
Rbp2,chr9,+,98490536,3.5437435828,-8.04952364188579,66,9,67,11,74,13,0.88,0.881578947368421,0.850574712643678
4930579K19Rik,chr9,-,98563610,2.48112765318,,90,150,45,88,88,73,0.375,0.230769230769231,0.546583850931677
Mrps22,chr9,-,98601678,,-1.14976185360379,93,279,95,336,83,305,0.25,0.254010695187166,0.213917525773196
Cep70,chr9,+,99243340,,0.962453995699,8,357,3,128,8,413,0.0219178082191781,0.00833333333333333,0.0190023752969121
Mras,chr9,-,99436711,-1.364295594699,2.99522986822,33,112,46,117,30,135,0.227586206896552,0.291139240506329,0.181818181818182
Ppp2r3a,chr9,-,101251831,-1.27567488635622,1.41894685071,35,111,61,92,34,84,0.23972602739726,0.354651162790698,0.288135593220339
Ky,chr9,+,102506137,-5.29985049854819,,14,7,26,8,25,2,0.666666666666667,0.787878787878788,0.925925925925926
Amotl2,chr9,+,102717803,3.74265820567,2.18457519079,2,97,3,115,3,82,0.0202020202020202,0.03,0.0352941176470588
Ryk,chr9,+,102834919,0.621829183743,,33,44,31,32,32,52,0.428571428571429,0.413333333333333,0.380952380952381
Slco2a1,chr9,+,103008486,4.78975468477,,0,11,0,5,0,11,0,0,0
Trf,chr9,-,103230285,-1.53195431915752,-0.987155104661709,77,13,23,6,50,20,0.855555555555556,0.638888888888889,0.714285714285714
1300017J02Rik,chr9,-,103288296,6.19908914174,-3.50784891046923,189,6,214,0,182,6,0.969230769230769,0.972727272727273,0.968085106382979
Cdv3,chr9,-,103365779,,-0.921674548611049,11,59,19,63,15,41,0.157142857142857,0.243589743589744,0.267857142857143
5830418P13Rik,chr9,+,103423577,1.069352114,,13,0,10,0,9,0,1,1,1
Bfsp2,chr9,-,103480247,1.0937938662,,69,0,43,2,75,0,1,1,1
Acpp,chr9,-,104337721,1.11023485957,,111,82,100,80,58,86,0.575129533678757,0.54945054945055,0.402777777777778
Mrpl3,chr9,+,105053267,,-0.769516215807546,41,70,11,87,31,82,0.369369369369369,0.135802469135802,0.274336283185841
Nudt16,chr9,-,105131804,,0.820180465004,56,31,43,19,56,36,0.64367816091954,0.581081081081081,0.608695652173913
Col6a5,chr9,-,105960642,4.63259881812,,126,62,119,55,114,76,0.670212765957447,0.657458563535912,0.6
Col6a4,chr9,-,106096690,5.85012489151,-7.63850467420185,72,15,85,12,82,12,0.827586206896552,0.85,0.872340425531915
Glyctk,chr9,-,106158137,0.742983074143,,159,10,189,11,210,2,0.940828402366864,0.949748743718593,0.990566037735849
Ppm1m,chr9,-,106199232,0.507228706834,,9,17,18,11,13,1,0.346153846153846,0.514285714285714,0.928571428571429
Twf2,chr9,+,106203107,,-0.605706197685486,35,13,35,16,35,15,0.729166666666667,0.729166666666667,0.7
Tlr9,chr9,+,106222597,,-7.77932472625933,10,6,2,12,18,10,0.625,0.25,0.642857142857143
Poc1a,chr9,+,106281060,,-1.66455138797916,22,261,19,165,33,226,0.0777385159010601,0.0678571428571429,0.127413127413127
Dusp7,chr9,+,106368631,0.655791452413,-1.23935485385251,0,35,0,32,0,23,0,0,0
Acy1,chr9,-,106438235,0.415015089945,-0.967986382211773,28,122,17,69,13,79,0.186666666666667,0.122302158273381,0.141304347826087
Abhd14a,chr9,-,106447677,-0.401938208772424,,25,122,20,112,19,131,0.170068027210884,0.140845070422535,0.126666666666667
Abhd14b,chr9,+,106448639,,1.58205651097,41,217,39,172,32,226,0.158914728682171,0.15234375,0.124031007751938
Pcbp4,chr9,+,106453837,1.96159193332,-1.9917414801045,6,14,7,22,0,4,0.3,0.333333333333333,0
Gpr62,chr9,-,106465984,1.5495604276,,19,73,11,64,15,21,0.206521739130435,0.130952380952381,0.416666666666667
Parp3,chr9,-,106476948,0.693349275348,,1,115,2,83,1,116,0.00862068965517241,0.0170940170940171,0.00854700854700855
Rrp9,chr9,+,106477308,,-1.12524251272384,13,143,11,95,17,141,0.0833333333333333,0.0714285714285714,0.107594936708861
Tex264,chr9,-,106685951,-0.692737254071494,,50,42,38,56,43,42,0.543478260869565,0.475,0.505882352941176
Mapkapk3,chr9,-,107289876,-0.730428304824477,,145,165,141,138,122,120,0.467741935483871,0.46078431372549,0.504132231404959
Cish,chr9,+,107296658,,2.21901189596,13,23,10,23,3,43,0.361111111111111,0.303030303030303,0.0652173913043478
Cacna2d2,chr9,+,107399879,,1.68317964275,20,64,21,46,34,40,0.238095238095238,0.247058823529412,0.45945945945946
Tusc2,chr9,+,107563254,0.353067627891,,60,10,53,19,49,20,0.857142857142857,0.841269841269841,0.710144927536232
Hyal2,chr9,+,107569162,0.575990387197,-1.37723144597773,24,93,23,83,15,85,0.205128205128205,0.198275862068966,0.15
Ifrd2,chr9,+,107587717,,-1.07441209405744,29,235,22,204,23,179,0.109848484848485,0.0856031128404669,0.113861386138614
Slc38a3,chr9,-,107668967,3.3684628526,,73,26,95,26,83,23,0.737373737373737,0.785123966942149,0.783018867924528
Mst1r,chr9,+,107906888,3.43869012157,-2.22014202063156,308,109,436,94,366,82,0.738609112709832,0.8,0.816964285714286
Camkv,chr9,+,107935919,5.07300471663,-3.78093036406335,2,46,5,57,6,73,0.0416666666666667,0.0980392156862745,0.0759493670886076
Uba7,chr9,+,107975566,,1.65814109331,110,128,46,88,40,138,0.46218487394958,0.264367816091954,0.224719101123596
Apeh,chr9,-,108094479,,-0.996060056012166,23,25,14,10,15,28,0.479166666666667,0.358974358974359,0.348837209302326
Bsn,chr9,-,108190382,1.16512911089,,229,93,232,73,230,57,0.711180124223603,0.713846153846154,0.801393728222996
Dag1,chr9,-,108263957,-0.445096576208523,,81,134,83,134,50,62,0.376744186046512,0.382488479262673,0.446428571428571
Nicn1,chr9,+,108290442,,0.993869470182,51,303,69,268,99,282,0.14406779661017,0.185483870967742,0.259842519685039
Amt,chr9,+,108296904,1.50029399187,,132,18,138,14,136,6,0.88,0.884615384615385,0.957746478873239
Tcta,chr9,-,108306158,,0.934198111937,2,322,3,284,5,264,0.00617283950617284,0.00923076923076923,0.0185873605947955
Gpx1,chr9,+,108339079,,-0.886435337114529,51,148,66,224,44,223,0.256281407035176,0.308411214953271,0.164794007490637
Klhdc8b,chr9,-,108461580,1.37528507882,,40,45,39,30,22,58,0.470588235294118,0.464285714285714,0.275
Qars,chr9,+,108508004,,-0.740779314360161,146,265,115,308,113,345,0.355231143552311,0.302631578947368,0.246724890829694
Impdh2,chr9,+,108560435,,-0.596103137587525,88,171,96,161,73,139,0.33976833976834,0.359550561797753,0.344339622641509
Wdr6,chr9,-,108578712,-0.355380611847959,,30,90,31,77,30,32,0.25,0.256198347107438,0.483870967741936
P4htm,chr9,-,108597611,,1.34498618273,233,36,221,51,231,53,0.866171003717472,0.859922178988327,0.813380281690141
Slc25a20,chr9,+,108662135,-0.423847351541,,89,18,61,26,64,35,0.831775700934579,0.772151898734177,0.646464646464647
Uqcrc1,chr9,+,108936647,,-0.972780329756044,38,249,27,270,28,237,0.132404181184669,0.0978260869565217,0.105660377358491
Shisa5,chr9,+,109038566,-0.322844805723185,0.792765754538,0,38,0,30,0,31,0,0,0
Tma7,chr9,-,109082380,,-0.577192581764171,62,204,50,163,80,180,0.233082706766917,0.196850393700787,0.307692307692308
Spink8,chr9,+,109816626,,7.21202236764,33,6,21,2,39,14,0.846153846153846,0.777777777777778,0.735849056603774
Nme6,chr9,+,109832793,0.417286958988,-1.44967189681657,51,82,50,80,48,50,0.383458646616541,0.378787878787879,0.489795918367347
Camp,chr9,-,109849455,2.67589889332,-4.00872606982656,64,1,31,0,55,0,0.984615384615385,0.96875,1
Cdc25a,chr9,+,109875578,,-1.10599716463957,21,211,8,124,17,177,0.0905172413793103,0.0365296803652968,0.0876288659793814
Ptpn23,chr9,-,110408209,-0.385419189209512,,22,98,19,102,18,139,0.183333333333333,0.162393162393162,0.114649681528662
Ngp,chr9,+,110419807,3.65576531606,,85,3,72,6,57,2,0.965909090909091,0.96,0.966101694915254
Mir8107,chr9,-,110636114,0.996671036772,,165,28,196,28,123,20,0.854922279792746,0.875,0.86013986013986
Nbeal2,chr9,-,110654160,0.451830916954,,25,38,16,72,9,77,0.396825396825397,0.296296296296296,0.104651162790698
Prss50,chr9,+,110857963,9.45965748997,-2.82842354885238,35,44,43,68,36,43,0.443037974683544,0.494252873563218,0.455696202531646
Tmie,chr9,-,110880072,,2.27763796168,18,85,10,87,2,72,0.174757281553398,0.105263157894737,0.027027027027027
Als2cl,chr9,+,110880173,-0.764753646332372,1.44569073386,18,85,10,87,2,72,0.174757281553398,0.105263157894737,0.027027027027027
Ltf,chr9,+,111019291,,-4.59992224091698,29,12,34,16,15,7,0.707317073170732,0.739130434782609,0.681818181818182
Ccrl2,chr9,-,111057517,-0.598191303218063,1.15982156177,15,144,16,168,8,140,0.0943396226415094,0.1,0.0540540540540541
Lrrfip2,chr9,+,111118110,-0.847508917033295,0.819750914254,95,180,114,140,133,231,0.345454545454545,0.387755102040816,0.365384615384615
Trank1,chr9,+,111311738,5.8204659944,,23,13,11,11,27,4,0.638888888888889,0.458333333333333,0.870967741935484
Dclk3,chr9,+,111439080,6.66693924086,-6.80755530921522,86,26,88,23,53,15,0.767857142857143,0.771929824561403,0.779411764705882
Pdcd6ip,chr9,-,113708258,-0.4149801273947,,80,70,89,37,100,76,0.533333333333333,0.559748427672956,0.568181818181818
4930520O04Rik,chr9,+,114368323,-1.04450602711331,1.52236225018,168,153,143,340,118,308,0.523364485981308,0.483108108108108,0.276995305164319
Crtap,chr9,-,114390711,-0.71733103222767,,23,104,35,107,26,31,0.181102362204724,0.251798561151079,0.456140350877193
Glb1,chr9,+,114401077,-0.49970863779966,,26,23,25,22,26,12,0.530612244897959,0.520833333333333,0.68421052631579
Ccr4,chr9,-,114496543,-4.33910671065067,,295,80,234,64,248,76,0.786666666666667,0.745222929936306,0.765432098765432
Cmtm7,chr9,-,114781992,-0.824467777644163,,17,31,14,22,19,24,0.354166666666667,0.311111111111111,0.441860465116279
Cmtm8,chr9,-,114844151,1.02780795007,,26,59,29,81,15,40,0.305882352941177,0.329545454545455,0.272727272727273
Gpd1l,chr9,-,114933986,-0.452707221201007,,93,269,146,276,146,144,0.256906077348066,0.351807228915663,0.503448275862069
Tgfbr2,chr9,-,116175362,0.49018709135,,55,165,47,130,42,129,0.25,0.221698113207547,0.245614035087719
Cmc1,chr9,-,118150195,-0.626401226022213,,97,75,125,82,123,81,0.563953488372093,0.625,0.602941176470588
Itga9,chr9,+,118606708,2.99988715491,-1.60808121854052,13,35,20,26,31,25,0.270833333333333,0.363636363636364,0.553571428571429
Vill,chr9,+,119052777,0.878854024259,,12,1,0,0,11,2,0.923076923076923,0,0.846153846153846
Xylb,chr9,+,119357380,,-1.27804736906074,145,52,126,49,118,65,0.736040609137056,0.707865168539326,0.644808743169399
Acvr2b,chr9,+,119402177,0.822024198273,,0,30,0,51,0,49,0,0,0
Scn5a,chr9,-,119579015,,-6.86300315241527,6,14,3,24,2,16,0.3,0.176470588235294,0.111111111111111
Scn11a,chr9,-,119825455,4.7033741906,,90,4,99,2,146,4,0.957446808510638,0.961165048543689,0.973333333333333
Cx3cr1,chr9,-,120068295,,-6.58027960865741,132,73,81,70,88,29,0.64390243902439,0.525974025974026,0.752136752136752
Slc25a38,chr9,+,120110381,0.647339449937,-1.2386259877459,113,283,81,306,77,156,0.285353535353535,0.222527472527473,0.330472103004292
Eif1b,chr9,+,120492605,0.445270281973,,39,358,42,361,38,281,0.0982367758186398,0.105,0.119122257053292
Entpd3,chr9,+,120539817,,3.30763967622,49,22,30,11,50,26,0.690140845070423,0.576923076923077,0.657894736842105
Ulk4,chr9,-,121277171,1.85927801095,,88,185,101,167,81,121,0.322344322344322,0.353146853146853,0.400990099009901
Vipr1,chr9,+,121642715,8.12477526769,-4.1384481750178,6,70,11,60,4,88,0.0789473684210526,0.135802469135802,0.0434782608695652
Higd1a,chr9,-,121857795,-0.579754072913163,,2,178,4,273,4,211,0.0111111111111111,0.021978021978022,0.0186046511627907
Pomgnt2,chr9,-,121996025,,0.827628309493,11,28,27,37,19,41,0.282051282051282,0.490909090909091,0.316666666666667
Snrk,chr9,+,122117265,0.63653839351,,10,35,10,35,7,18,0.222222222222222,0.222222222222222,0.28
Ano10,chr9,-,122294422,-0.642204824693752,-0.971097409427554,48,178,39,223,41,241,0.212389380530973,0.179723502304147,0.145390070921986
Zfp445,chr9,-,122866005,-0.328912266145359,,129,135,157,177,135,155,0.488636363636364,0.537671232876712,0.46551724137931
Zfp105,chr9,+,122923077,2.58536498576,,102,175,95,138,107,123,0.368231046931408,0.351851851851852,0.465217391304348
Kif15,chr9,+,122951080,,-0.673231720135309,0,65,0,59,0,28,0,0,0
Zdhhc3,chr9,-,123113193,-0.369854692605013,,39,162,45,141,48,123,0.194029850746269,0.217391304347826,0.280701754385965
Exosc7,chr9,+,123113230,,-0.626798710643199,24,157,18,136,24,118,0.132596685082873,0.102857142857143,0.169014084507042
Cdcp1,chr9,-,123216037,-1.38090568169956,2.65880554619,50,11,27,16,21,39,0.819672131147541,0.710526315789474,0.35
Tmem158,chr9,-,123260788,,1.8188239436,15,153,14,196,11,267,0.0892857142857143,0.0838323353293413,0.039568345323741
Sacm1l,chr9,+,123529752,-0.47988303205666,,11,287,3,242,10,346,0.0369127516778524,0.0103448275862069,0.0280898876404494
Ccr9,chr9,+,123767210,4.31499001745,,87,3,74,4,101,0,0.966666666666667,0.961038961038961,1
Fyco1,chr9,-,123851898,0.427542999453,,2,333,2,244,3,209,0.00597014925373134,0.00597014925373134,0.0141509433962264
Ccr5,chr9,+,124121542,4.19917809546,-2.71752337576343,132,20,118,16,144,7,0.868421052631579,0.855072463768116,0.95364238410596
2010315B03Rik,chr9,-,124312693,,1.82433256181,0,39,0,32,0,11,0,0,0
Ppp2r3d,chr9,-,124476861,0.943399582559,,201,1,165,2,134,1,0.995049504950495,0.993975903614458,0.992592592592593
Foxp3,chrX,+,7579675,-0.689895043921231,,6,1,14,1,10,1,0.857142857142857,0.933333333333333,0.909090909090909
Praf2,chrX,+,7728570,-0.724329960260054,,71,136,70,156,37,52,0.342995169082126,0.339805825242718,0.415730337078652
Tfe3,chrX,+,7762660,-0.63050355038607,,17,2,27,8,33,4,0.894736842105263,0.931034482758621,0.891891891891892
Mir1198,chrX,+,7807100,-1.09485879305126,1.47109857521,27,1,26,7,26,0,0.964285714285714,0.962962962962963,1
Pim2,chrX,+,7878305,-1.4585209542968,,2,10,3,0,1,12,0.166666666666667,0.230769230769231,0.0769230769230769
Timm17b,chrX,+,7899335,,-0.646101368105896,12,86,21,75,24,49,0.122448979591837,0.196261682242991,0.328767123287671
Suv39h1,chrX,-,8074759,,-0.867629928685497,10,1,8,2,11,0,0.909090909090909,0.888888888888889,1
Wdr13,chrX,-,8132857,,1.37741753113,1,15,6,18,6,18,0.0625,0.285714285714286,0.25
Ebp,chrX,-,8193511,-0.843295761727686,,12,0,11,0,4,0,1,1,1
Xk,chrX,+,9272783,0.510621067609,-0.716435447147454,7,5,3,1,3,7,0.583333333333333,0.375,0.3
Sytl5,chrX,+,9885620,,1.95541319008,42,1,48,3,28,0,0.976744186046512,0.979591836734694,1
Tspan7,chrX,+,10485115,,-2.29187264660673,41,5,51,16,27,12,0.891304347826087,0.910714285714286,0.692307692307692
Atp6ap2,chrX,+,12587758,-1.06465317754059,,11,1,4,1,12,1,0.916666666666667,0.8,0.923076923076923
Usp9x,chrX,+,13071497,,0.689934203883,12,69,33,80,23,8,0.148148148148148,0.323529411764706,0.741935483870968
Rgn,chrX,+,20549817,4.62520394495,,6,0,15,0,8,1,1,1,0.888888888888889
Zfp182,chrX,-,21062037,,1.35277740473,20,44,33,35,25,32,0.3125,0.428571428571429,0.43859649122807
Dock11,chrX,+,35888831,-0.481798578773492,1.20324495677,10,35,6,21,0,0,0.222222222222222,0.146341463414634,
Lonrf3,chrX,+,36328408,-1.21301280200593,2.36987624742,51,96,94,136,37,144,0.346938775510204,0.494736842105263,0.204419889502762
Akap17b,chrX,-,36645413,-0.840240012552274,1.47794861208,13,5,28,2,6,1,0.722222222222222,0.848484848484848,0.857142857142857
Slc25a43,chrX,+,36743631,-1.27818258827968,,21,8,30,8,11,3,0.724137931034483,0.789473684210526,0.785714285714286
Nkrf,chrX,-,36903464,-0.430345529666927,,6,27,13,24,6,12,0.181818181818182,0.325,0.333333333333333
Lamp2,chrX,-,38456459,-1.29571845641849,0.696898246977,5,16,5,17,7,22,0.238095238095238,0.238095238095238,0.241379310344828
6030498E09Rik,chrX,+,38772779,2.33833508214,,3,11,1,9,1,9,0.214285714285714,0.0833333333333333,0.1
Stag2,chrX,+,42149411,,0.840256440218,5,65,26,41,14,8,0.0714285714285714,0.285714285714286,0.636363636363636
Aifm1,chrX,-,48513562,-0.394986365670201,,20,53,26,48,9,54,0.273972602739726,0.329113924050633,0.142857142857143
Zfp280c,chrX,-,48594618,-0.369286047920427,,5,3,12,2,7,4,0.625,0.8,0.636363636363636
Hs6st2,chrX,-,51681601,-2.10795743456182,,5,6,8,7,6,2,0.454545454545455,0.571428571428571,0.75
Mmgt1,chrX,-,56597943,-0.718482308925975,,9,2,11,5,7,1,0.818181818181818,0.846153846153846,0.875
Fhl1,chrX,+,56731760,,1.42328942488,4,17,14,31,8,4,0.19047619047619,0.451612903225806,0.666666666666667
Arhgef6,chrX,-,57338728,,0.819134531759,7,3,15,2,4,1,0.7,0.833333333333333,0.8
Mtm1,chrX,+,71210766,,1.95717321657,20,3,21,3,20,3,0.869565217391304,0.875,0.869565217391304
Cetn2,chrX,-,72918343,-0.663600828249108,,13,25,16,22,6,7,0.342105263157895,0.390243902439024,0.461538461538462
Nsdhl,chrX,+,72918520,-2.64513579947479,,13,25,16,22,6,7,0.342105263157895,0.390243902439024,0.461538461538462
Xlr4b,chrX,+,73214332,,1.5287226049,25,1,12,5,31,2,0.961538461538461,0.923076923076923,0.939393939393939
Zfp92,chrX,+,73411095,,4.68468798403,1,5,0,0,2,7,0.166666666666667,0,0.222222222222222
Abcd1,chrX,+,73716596,0.49692268472,,4,6,3,7,2,7,0.4,0.333333333333333,0.222222222222222
Bcap31,chrX,-,73717814,-0.594125188147175,,4,6,3,7,2,7,0.4,0.333333333333333,0.222222222222222
Ssr4,chrX,+,73787022,-0.777334502174297,,1,5,4,3,0,10,0.166666666666667,0.444444444444444,0
Avpr2,chrX,+,73892101,1.35137429907,,42,0,75,8,29,0,1,1,1
Naa10,chrX,-,73921943,,-0.631308970335986,3,47,8,54,13,37,0.06,0.145454545454545,0.26
Renbp,chrX,-,73930849,-1.62600206227848,,13,2,24,2,4,3,0.866666666666667,0.923076923076923,0.571428571428571
Flna,chrX,-,74246533,-0.63402234740404,,12,29,9,21,5,19,0.292682926829268,0.236842105263158,0.208333333333333
Atp6ap1,chrX,+,74297096,-0.65197563263213,,16,18,4,29,0,3,0.470588235294118,0.181818181818182,0
Gdi1,chrX,+,74305011,0.393720873071,,1,6,4,14,0,11,0.142857142857143,0.4,0
Plxna3,chrX,+,74329065,1.59008219675,,12,0,8,1,8,0,1,1,1
Slc10a3,chrX,-,74373348,-0.957250640439454,,40,1,45,1,33,2,0.975609756097561,0.978260869565217,0.942857142857143
Ikbkg,chrX,+,74393290,-0.569544595620614,,3,18,8,16,10,6,0.142857142857143,0.307692307692308,0.625
G6pdx,chrX,-,74428879,-1.34456888385438,,2,14,4,19,4,9,0.125,0.222222222222222,0.307692307692308
F8,chrX,-,75380040,,2.58867900507,0,0,20,0,14,0,,1,1
Prrg1,chrX,-,78583896,-0.596966278305539,,11,5,17,6,11,3,0.6875,0.772727272727273,0.785714285714286
5430427O19Rik,chrX,+,85870272,-0.605653408782142,,9,10,12,10,3,8,0.473684210526316,0.545454545454545,0.272727272727273
Pola1,chrX,-,93632154,-0.452932493918914,,1,8,9,10,5,6,0.111111111111111,0.529411764705882,0.454545454545455
Klhl15,chrX,+,94234929,0.607326832846,,2,30,15,25,11,40,0.0625,0.333333333333333,0.215686274509804
Gspt2,chrX,+,94636068,-0.814910977395378,0.995029489852,8,8,5,8,3,3,0.5,0.384615384615385,0.5
Yipf6,chrX,+,98937780,-0.488719374826667,0.880078320272,53,103,92,113,28,19,0.33974358974359,0.471794871794872,0.595744680851064
Efnb1,chrX,+,99136060,,1.33145317952,12,18,5,15,8,16,0.4,0.217391304347826,0.333333333333333
Dlg3,chrX,+,100767721,,1.2139593692,5,5,7,2,0,0,0.5,0.583333333333333,
Nono,chrX,+,101429650,,-0.542576825868483,3,43,35,49,19,52,0.0652173913043478,0.448717948717949,0.267605633802817
Taf1,chrX,+,101532734,-0.5312864887579,,5,5,10,5,3,2,0.5,0.666666666666667,0.6
Rps4x,chrX,-,102189390,-0.406739503550786,,29,13,19,15,13,4,0.690476190476191,0.59375,0.764705882352941
Phka1,chrX,-,102644245,-1.54735803168108,1.13316434678,4,27,5,33,3,41,0.129032258064516,0.15625,0.0681818181818182
Chic1,chrX,+,103356475,,1.33604345532,6,7,1,3,6,6,0.461538461538462,0.125,0.5
Tsix,chrX,+,103431516,-7.79511125200899,1.28468131924,43,1,60,3,40,0,0.977272727272727,0.983606557377049,1
Xist,chrX,-,103483232,,1.22995164848,39,19,28,22,41,12,0.672413793103448,0.595744680851064,0.773584905660377
Pbdc1,chrX,+,105079755,-0.407095782184627,,3,9,1,9,3,3,0.25,0.1,0.5
Cox7b,chrX,+,106015699,,-0.661918209201416,7,13,18,12,3,7,0.35,0.580645161290323,0.3
Atp7a,chrX,+,106027223,0.497369336254,,8,7,7,4,1,2,0.533333333333333,0.5,0.333333333333333
Pgk1,chrX,+,106187099,-0.644951258585803,-0.746118485496728,3,5,3,16,1,14,0.375,0.375,0.0666666666666667
Taf9b,chrX,-,106221157,,1.07320441483,58,3,49,4,44,3,0.950819672131147,0.942307692307692,0.936170212765957
Cysltr1,chrX,-,106603678,2.14180755278,-8.45015152018393,2,8,4,9,3,5,0.2,0.333333333333333,0.375
Gpr174,chrX,+,107255877,3.96873038592,,7,1,7,2,13,0,0.875,0.875,1
Hmgn5,chrX,-,109013379,,0.695508446463,1,11,8,12,0,14,0.0833333333333333,0.421052631578947,0
Chm,chrX,-,113185514,,1.04722808649,30,24,41,57,33,49,0.555555555555556,0.630769230769231,0.402439024390244
Nap1l3,chrX,-,122397384,-0.973623514425015,2.19473271396,2,12,8,19,3,11,0.142857142857143,0.4,0.214285714285714
Tspan6,chrX,-,133898428,2.56449909812,-1.29269818257362,7,21,17,23,2,16,0.25,0.447368421052632,0.111111111111111
Trmt2b,chrX,-,134276983,-0.485637604310555,,14,7,19,13,13,9,0.666666666666667,0.730769230769231,0.590909090909091
Cenpi,chrX,+,134308083,-0.397769351118638,,29,10,39,11,32,24,0.743589743589744,0.795918367346939,0.571428571428571
Gla,chrX,-,134601004,,-1.39500519046792,4,6,10,5,2,4,0.4,0.625,0.333333333333333
Armcx6,chrX,-,134751418,0.936261656465,-0.772932087793027,5,6,11,3,3,4,0.454545454545455,0.647058823529412,0.428571428571429
Armcx3,chrX,+,134756551,-0.484346366681127,,11,1,12,1,6,0,0.916666666666667,0.923076923076923,1
Zmat1,chrX,-,135009208,,2.04006249067,5,7,5,5,3,6,0.416666666666667,0.416666666666667,0.333333333333333
Nxf7,chrX,-,135598780,4.44887969888,,13,4,11,3,18,4,0.764705882352941,0.733333333333333,0.818181818181818
Armcx5,chrX,+,135742691,,0.894054761912,0,9,0,11,3,11,0,0,0.214285714285714
Gprasp1,chrX,+,135742691,0.424286570143,0.811107971775,0,9,0,11,3,11,0,0,0.214285714285714
Gprasp2,chrX,+,135839033,1.34001137218,,4,11,2,1,3,11,0.266666666666667,0.153846153846154,0.214285714285714
Bex4,chrX,+,136138995,1.73124338517,-1.03026213287843,7,0,10,3,12,0,1,1,1
Tceal5,chrX,-,136203883,1.47148462063,,2,4,9,6,3,6,0.333333333333333,0.692307692307692,0.333333333333333
Tceal1,chrX,+,136707981,,1.55866689517,5,0,15,0,12,0,1,1,1
Nrk,chrX,+,138914429,0.978222137333,,3,1,11,1,12,2,0.75,0.916666666666667,0.857142857142857
Tbc1d8b,chrX,+,139684995,-0.860578238500248,1.9537561666,8,16,8,31,7,9,0.333333333333333,0.333333333333333,0.4375
Rbm41,chrX,-,139998594,,0.947727517085,49,8,43,11,20,11,0.859649122807018,0.843137254901961,0.645161290322581
Tsc22d3,chrX,-,140600521,0.763283233062,1.20799969912,6,12,10,12,5,11,0.333333333333333,0.454545454545455,0.3125
Nxt2,chrX,+,142226769,-0.917577788948225,1.40523314502,11,2,11,7,23,1,0.846153846153846,0.846153846153846,0.958333333333333
Kcne1l,chrX,-,142306197,4.29669445991,,14,26,41,18,24,8,0.35,0.611940298507463,0.75
Acsl4,chrX,-,142390534,-1.06452268427511,,11,16,10,28,5,20,0.407407407407407,0.384615384615385,0.2
Ammecr1,chrX,-,142966725,0.650969041281,-1.26621353677573,10,1,10,1,8,0,0.909090909090909,0.909090909090909,1
Amot,chrX,-,145487638,0.558453903044,-0.80936822374576,42,2,37,0,28,2,0.954545454545455,0.948717948717949,0.933333333333333
Tro,chrX,-,150657582,1.65625295273,,47,6,30,2,40,3,0.886792452830189,0.833333333333333,0.930232558139535
Tsr2,chrX,-,151096542,-0.38368507876556,,3,8,10,7,4,5,0.272727272727273,0.555555555555556,0.444444444444444
Hsd17b10,chrX,+,152001895,-0.783874182946352,,6,14,12,12,6,4,0.3,0.461538461538462,0.6
Smc1a,chrX,+,152016427,-0.424616909117933,,8,24,15,42,5,4,0.25,0.384615384615385,0.555555555555556
Kdm5c,chrX,+,152233226,,-0.626705823472518,0,24,6,9,1,14,0,0.2,0.0666666666666667
Shroom2,chrX,-,152769485,5.90323642539,-2.36147189944216,20,18,27,19,20,6,0.526315789473684,0.6,0.769230769230769
Klf8,chrX,+,153237747,,1.13880002097,5,11,8,4,0,0,0.3125,0.421052631578947,
Acot9,chrX,+,155262442,-0.503006924423232,,0,9,0,11,2,4,0,0,0.333333333333333
Prdx4,chrX,-,155338459,0.908547191579,-0.730455471071193,4,13,2,12,3,5,0.235294117647059,0.133333333333333,0.375
Cnksr2,chrX,-,158043279,2.49271973232,,4,9,3,17,4,6,0.307692307692308,0.25,0.4
Phka2,chrX,+,160502161,-0.646441629362348,,3,1,15,0,13,0,0.75,0.9375,1
Nhs,chrX,-,162159440,5.43057530451,,2,17,3,17,5,14,0.105263157894737,0.15,0.263157894736842
Txlng,chrX,-,162829453,,0.949953132852,23,14,27,31,18,21,0.621621621621622,0.658536585365854,0.461538461538462
Bmx,chrX,-,164258192,2.39214600667,,46,28,61,18,48,11,0.621621621621622,0.685393258426966,0.813559322033898
Mospd2,chrX,-,164980374,-0.653522822119623,1.04605749164,29,10,25,12,14,5,0.743589743589744,0.714285714285714,0.736842105263158
Gpm6b,chrX,+,166238942,1.7582680904,,5,1,8,1,7,2,0.833333333333333,0.888888888888889,0.777777777777778
Rab9,chrX,-,166479866,-0.562613716673992,,10,1,10,3,4,0,0.909090909090909,0.909090909090909,1
Arhgap6,chrX,+,168795098,0.561885386875,1.35647760347,10,0,9,1,6,0,1,1,1
G530011O06Rik,chrX,-,169978916,2.92621333339,,2934,1060,1587,1483,1932,1806,0.734601902854281,0.599546656592369,0.51685393258427
