chr1	3485871	3485890	1	-0.130208	2	0.082984	1	0.86979	1
chr1	5432042	5432052	1	-0.154167	2	0.1049	0.15621	0.78333	0.9375
chr1	7497970	7497976	1	0.145833	2	0.27863	0.92483	0.88125	0.73542
chr1	10012040	10012052	1	0.139583	2	0.082984	1	1	0.86042
chr1	13052681	13052695	1	-0.242560	2	0.082984	0.14792	0.55833	0.80089
chr1	19951676	19951696	1	0.187500	2	0.2345	0.49495	0.80208	0.61458
chr1	23472294	23472470	1	-0.102083	2	0.27863	0.46785	0.87708	0.97917
chr1	23723981	23724001	1	-0.101389	2	0.19487	1	0.89861	1
chr1	24612502	24612633	1	-0.188121	2	0.32821	0.47764	0.0076011	0.19572
chr1	24612633	24612737	1	-0.127981	2	0.13038	0.16403	0.0077035	0.13568
chr1	26686952	26686954	1	0.109198	2	0.27863	0.47485	0.6836	0.5744
chr1	33862862	33862886	1	-0.172024	2	0.028127	1	0.82798	1
chr1	33878883	33878920	1	0.104167	2	0.19487	1	1	0.89583
chr1	34003047	34003065	1	0.200947	2	0.014763	0.0076945	0.95	0.74905
chr1	34107097	34107108	1	0.178241	3	0.051865	0.12022	0.99074	0.8125
chr1	34133151	34133157	1	0.114881	2	0.13038	0.15969	0.975	0.86012
chr1	34602734	34602912	1	0.296230	2	0.049883	0.056875	0.71528	0.41905
chr1	36484511	36484521	1	-0.106250	2	0.082984	1	0.89375	1
chr1	36617432	36617436	1	-0.210417	2	0.082984	0.15321	0.58125	0.79167
chr1	37696409	37696434	1	-0.317163	3	0.0055596	0.020536	0.40278	0.71994
chr1	38919224	38919242	1	0.139583	2	0.082984	1	1	0.86042
chr1	39216183	39216194	1	-0.125000	2	0.19487	1	0.875	1
chr1	39667925	39667940	1	-0.108631	2	0.082984	1	0.89137	1
chr1	40765684	40765687	1	-0.118750	2	0.082984	0.152	0.85	0.96875
chr1	40991385	40991413	1	0.120784	2	0.16053	0.16154	0.94271	0.82192
chr1	43778692	43778728	1	0.115692	2	0.27863	0.46484	0.84219	0.7265
chr1	43778788	43778828	1	-0.131303	3	0.088734	0.2126	0.788	0.9193
chr1	43778849	43778876	1	0.135417	2	0.32821	0.52699	0.82292	0.6875
chr1	43898157	43898165	1	0.150000	2	0.028127	1	1	0.85
chr1	51903110	51903122	1	-0.135417	2	0.082984	1	0.86458	1
chr1	52951968	52951984	1	-0.134970	2	0.2345	0.47606	0.42455	0.55952
chr1	52951984	52952041	1	-0.298512	2	0.0010878	0.00067673	0.36815	0.66667
chr1	52952041	52952052	1	-0.209524	2	0.049883	0.14974	0.51667	0.72619
chr1	55381212	55381325	1	-0.109375	2	0.4418	0.93545	0.5	0.60938
chr1	55863078	55863103	1	0.108333	2	0.19487	0.49775	0.96875	0.86042
chr1	57137863	57137882	1	-0.107143	2	0.19487	0.14673	0.85417	0.96131
chr1	57996876	57996895	1	0.114385	2	0.064957	0.15318	0.13938	0.025
chr1	58073394	58073397	1	-0.177083	2	0.27863	0.28463	0.73958	0.91667
chr1	58171842	58171848	1	-0.179167	2	0.16053	0.46048	0.70625	0.88542
chr1	59280872	59280920	1	-0.129167	2	0.082984	1	0.87083	1
chr1	63272929	63272946	1	0.144048	2	0.19487	1	0.14405	0
chr1	63664915	63665160	1	-0.158333	2	0.4418	0.48668	0.58929	0.74762
chr1	64675809	64675832	1	-0.126935	2	0.049883	0.15068	0.85521	0.98214
chr1	64930292	64930366	1	0.186310	2	0.082984	0.14918	0.95714	0.77083
chr1	65049134	65049151	1	0.143750	2	0.064957	0.15166	0.975	0.83125
chr1	68559262	68559338	1	0.102083	2	0.1049	0.15459	0.96875	0.86667
chr1	72538848	72538857	1	0.139881	2	0.082984	1	1	0.86012
chr1	73649045	73649056	1	0.122024	2	0.028127	0.1467	0.97727	0.85525
chr1	74713793	74713810	1	0.203125	4	0.076498	0.053324	0.27083	0.067708
chr1	77110058	77110102	1	0.130208	2	0.082984	1	1	0.86979
chr1	78709183	78709193	1	0.108333	2	0.27863	0.45562	0.93333	0.825
chr1	79220235	79220265	1	-0.136310	2	0.037918	0.035502	0.84583	0.98214
chr1	82654144	82654168	1	0.127083	2	0.16053	0.46013	0.90208	0.775
chr1	83373400	83373674	1	0.152084	2	0.27863	0.4549	0.76481	0.61273
chr1	84959858	84959881	1	0.105774	2	0.32821	0.59411	0.74432	0.63854
chr1	84968536	84968584	1	-0.156250	2	0.028127	0.037171	0.80089	0.95714
chr1	84982566	84982917	1	-0.119900	4	0.07044	0.13398	0.73809	0.85799
chr1	84988475	84988477	1	0.114080	2	0.13038	0.18207	0.92798	0.8139
chr1	84989376	84989502	1	0.138130	2	0.38228	0.59105	0.64646	0.50833
chr1	84990590	84990592	1	-0.136427	2	0.19487	0.15511	0.75167	0.8881
chr1	85001046	85001066	1	-0.163743	2	0.037918	0.040253	0.79792	0.96166
chr1	85004244	85004246	1	0.165582	2	0.064957	0.040396	0.84245	0.67687
chr1	84993469	84993760	1	-0.197709	2	0.2345	0.5254	0.63523	0.83294
chr1	85009086	85009371	1	-0.133453	2	0.082984	0.15923	0.54619	0.67964
chr1	85009943	85010016	1	0.131548	2	0.13038	0.15175	0.97917	0.84762
chr1	85025947	85025949	1	-0.126328	2	0.4418	0.15009	0.73206	0.85839
chr1	85012945	85012978	1	0.157274	4	0.050016	0.086485	0.92956	0.77229
chr1	85012981	85013009	1	-0.123611	2	0.1049	0.14815	0.85139	0.975
chr1	85030395	85030398	1	0.180743	2	0.028127	0.14785	0.86859	0.68785
chr1	85071071	85071168	1	-0.161470	2	0.16053	0.19235	0.61334	0.77481
chr1	85073631	85073709	1	0.116572	2	0.32821	0.53504	0.7875	0.67093
chr1	85077584	85077586	1	-0.105754	2	0.27863	0.45634	0.56994	0.67569
chr1	85066935	85066953	1	0.146825	3	0.34736	0.4447	0.9871	0.84028
chr1	85082475	85082596	1	-0.132947	2	0.64538	0.93797	0.48228	0.61522
chr1	85081049	85081287	1	0.148509	2	0.19487	0.22593	0.81176	0.66326
chr1	85081331	85081400	1	-0.140371	2	0.19487	0.15821	0.57346	0.71383
chr1	85081400	85081507	1	0.125526	2	0.19487	0.036319	0.81794	0.69241
chr1	85096734	85096736	1	-0.173033	2	0.38228	0.53194	0.61111	0.78415
chr1	85097760	85097762	1	0.127300	2	0.16053	0.19248	0.57379	0.44649
chr1	85101960	85102014	1	0.125302	2	0.037918	0.040861	0.91961	0.79431
chr1	85098838	85098840	1	-0.133255	2	0.13038	0.17483	0.5603	0.69356
chr1	85099512	85099563	1	0.152772	2	0.010412	0.036324	0.91583	0.76306
chr1	85105645	85105647	1	-0.163388	2	0.13038	0.15473	0.67571	0.8391
chr1	85108308	85108483	1	0.121132	2	0.16053	0.05386	0.79627	0.67514
chr1	85113813	85114067	1	-0.100283	2	0.32821	0.14679	0.70509	0.80537
chr1	85109587	85109589	1	-0.117326	2	0.7209	0.90268	0.42899	0.54631
chr1	85109838	85109986	1	-0.183145	2	0.028127	0.033961	0.45327	0.63641
chr1	85110813	85110815	1	-0.138934	2	0.27863	0.51099	0.67262	0.81155
chr1	85111928	85111939	1	-0.131052	2	0.082984	0.037061	0.80109	0.93214
chr1	85114919	85115104	1	0.100280	2	0.2345	0.55927	0.8281	0.72782
chr1	85125777	85125814	1	-0.154633	2	0.020668	0.036518	0.72854	0.88317
chr1	85153927	85153929	1	0.122494	2	0.064957	0.16455	0.77224	0.64975
chr1	85147754	85147756	1	-0.148865	2	0.004662	0.034365	0.68946	0.83833
chr1	85147808	85147810	1	0.115249	2	0.064957	0.039128	0.85504	0.73979
chr1	85163920	85164055	1	-0.113874	2	0.13038	0.14936	0.47465	0.58852
chr1	85180041	85180043	1	0.130953	2	0.1049	0.47202	0.63748	0.50652
chr1	85166716	85166892	1	0.110784	2	0.27863	0.49825	0.93239	0.8216
chr1	85167416	85167418	1	0.114100	2	0.19487	0.17022	0.79112	0.67702
chr1	85181956	85181958	1	-0.107054	2	0.13038	0.16691	0.72404	0.83109
chr1	85185590	85185592	1	0.107857	2	0.32821	0.17797	0.38432	0.27646
chr1	85199539	85199712	1	-0.116369	2	0.16053	0.14824	0.54092	0.65729
chr1	85208881	85209181	1	0.101831	2	0.082984	0.1758	0.9435	0.84167
chr1	85233905	85234048	1	0.124820	4	0.028819	0.1978	0.83888	0.71406
chr1	85234618	85234620	1	-0.157431	2	0.037918	0.034704	0.58398	0.74141
chr1	85240881	85240883	1	0.124110	2	0.010412	0.0059106	0.92461	0.8005
chr1	85241175	85241206	1	0.103936	3	0.29134	0.47444	0.69799	0.59406
chr1	85243577	85243579	1	-0.104986	2	0.082984	0.15301	0.59563	0.70062
chr1	85244879	85244881	1	-0.115258	2	0.1049	0.034787	0.79307	0.90833
chr1	85246784	85246786	1	0.113647	2	0.082984	0.15369	0.86149	0.74785
chr1	85249089	85249091	1	-0.148145	2	0.014763	0.0091253	0.55421	0.70236
chr1	85249166	85249168	1	0.105445	2	0.1049	0.038076	0.83031	0.72486
chr1	85249552	85249558	1	-0.202092	2	0.020668	0.17298	0.60291	0.805
chr1	85250565	85250567	1	-0.161975	2	0.010412	0.034741	0.36932	0.53129
chr1	85251954	85251956	1	-0.180695	2	0.028127	0.14943	0.60331	0.784
chr1	85256411	85256413	1	-0.104801	2	0.006993	0.037456	0.40686	0.51166
chr1	85262233	85262235	1	0.143491	2	0.19487	0.21357	0.78048	0.63699
chr1	85263107	85263109	1	-0.128632	2	0.32821	0.46836	0.42068	0.54932
chr1	85266351	85266353	1	-0.124530	2	0.082984	0.15391	0.82831	0.95284
chr1	85258811	85258813	1	-0.150703	2	0.014763	0.038678	0.37487	0.52557
chr1	85259134	85259338	1	-0.222583	2	0.064957	0.21565	0.59125	0.81384
chr1	85277155	85277157	1	-0.100610	2	0.082984	0.16159	0.55847	0.65908
chr1	85278022	85278056	1	0.113148	2	0.020668	0.0064308	0.67359	0.56044
chr1	85283366	85283386	1	-0.166545	2	0.020668	0.044466	0.76646	0.933
chr1	85283708	85283710	1	-0.125901	2	0.082984	0.044309	0.65219	0.77809
chr1	85269146	85269203	1	-0.115579	2	0.1049	0.17439	0.76806	0.88364
chr1	85269277	85269354	1	-0.127580	2	0.028127	0.034572	0.81514	0.94272
chr1	85269407	85269409	1	-0.226208	2	0.028127	0.036034	0.58632	0.81253
chr1	85269962	85269966	1	0.135839	2	0.2345	0.27067	0.64912	0.51328
chr1	85270338	85270409	1	-0.110376	2	0.32821	0.49898	0.59275	0.70313
chr1	85270688	85270690	1	-0.146495	2	0.0029526	0.0056103	0.51053	0.65702
chr1	85284013	85284057	1	-0.130117	3	0.0023164	0.0051377	0.71494	0.84505
chr1	85298646	85298829	1	0.142055	2	0.16053	0.49152	0.82864	0.68658
chr1	85302626	85302796	1	-0.106663	2	0.13038	0.15287	0.79438	0.90104
chr1	85299765	85299810	1	0.124846	2	0.16053	0.1718	0.78652	0.66168
chr1	85305647	85305659	1	0.135222	2	0.1049	0.034787	0.85085	0.71563
chr1	85310336	85310479	1	-0.117557	2	0.004662	0.0056551	0.86178	0.97934
chr1	85310521	85310523	1	0.135417	2	0.064957	0.1593	0.96354	0.82812
chr1	85309591	85309593	1	-0.174070	2	0.0018648	0.0060627	0.73225	0.90632
chr1	85311718	85311736	1	-0.125450	2	0.014763	0.0091648	0.82092	0.94637
chr1	85313423	85313467	1	0.100130	2	0.010412	0.03478	0.89015	0.79002
chr1	85315410	85315412	1	-0.135838	2	0.1049	0.079627	0.69375	0.82959
chr1	85315942	85316052	1	-0.116283	2	0.2345	0.14685	0.58256	0.69884
chr1	85317453	85317455	1	-0.105153	2	0.082984	0.14855	0.83667	0.94182
chr1	85323081	85323093	1	0.106719	2	0.082984	0.14751	0.95553	0.84881
chr1	85327163	85327165	1	-0.111960	2	0.082984	0.45613	0.72876	0.84072
chr1	85326551	85326553	1	-0.160509	2	0.037918	0.0069464	0.58062	0.74113
chr1	85329499	85329682	1	-0.114224	2	0.082984	0.038758	0.72887	0.84309
chr1	85332798	85332800	1	0.108692	2	0.1049	0.15041	0.92535	0.81665
chr1	85325051	85325053	1	0.124895	2	0.0029526	0.0060381	0.98958	0.86469
chr1	85325210	85325212	1	-0.123457	2	0.037918	0.038393	0.69276	0.81622
chr1	85336267	85336405	1	0.166356	2	0.13038	0.093791	0.78239	0.61603
chr1	85338527	85338585	1	-0.121774	2	0.037918	0.091945	0.73095	0.85273
chr1	85346797	85346874	1	-0.172385	2	0.082984	0.053751	0.50607	0.67846
chr1	85451999	85452016	1	0.122720	3	0.044902	0.19573	0.8234	0.70068
chr1	85340153	85340155	1	-0.108312	2	0.010412	0.035252	0.72806	0.83637
chr1	85465233	85465238	1	0.142335	2	0.13038	0.058805	0.88341	0.74107
chr1	85478932	85478934	1	0.101003	2	0.064957	0.15159	0.93486	0.83386
chr1	85481385	85481387	1	0.158691	2	0.020668	0.038343	0.79757	0.63888
chr1	85482821	85482940	1	-0.206881	3	0.012094	0.020995	0.70076	0.90764
chr1	85492411	85492413	1	-0.116786	2	0.049883	0.092734	0.56679	0.68358
chr1	85496033	85496260	1	-0.134387	2	0.082984	0.19327	0.45915	0.59353
chr1	85500132	85500338	1	-0.167645	2	0.27863	0.51704	0.59375	0.7614
chr1	85513076	85513235	1	0.178617	2	0.32821	0.20569	0.80714	0.62853
chr1	85528099	85528102	1	-0.151042	2	0.1049	0.15683	0.33333	0.48438
chr1	85529550	85529584	1	-0.106475	2	0.037918	0.037517	0.84442	0.95089
chr1	85528802	85528810	1	-0.111918	2	0.32821	0.48731	0.6597	0.77162
chr1	85573210	85573260	1	-0.144973	2	0.006993	0.036445	0.76076	0.90573
chr1	85573845	85573868	1	0.160169	2	0.010412	0.0067522	0.94097	0.7808
chr1	85576939	85577023	1	-0.157808	2	0.006993	0.0076732	0.65515	0.81295
chr1	85586399	85586401	1	0.109107	2	0.1049	0.15579	0.88341	0.7743
chr1	85582792	85582794	1	-0.161137	2	0.028127	0.18055	0.52944	0.69058
chr1	85595041	85595088	1	0.108748	2	0.2345	0.56033	0.69261	0.58386
chr1	85604050	85604075	1	0.224462	2	0.020668	0.036352	0.78617	0.56171
chr1	85600540	85600620	1	-0.212524	2	0.006993	0.0096035	0.31253	0.52505
chr1	85600821	85600823	1	-0.191591	2	0.020668	0.0074559	0.42271	0.6143
chr1	85600936	85601120	1	0.147845	2	0.19487	0.21021	0.64788	0.50003
chr1	85601337	85601339	1	-0.104963	2	0.19487	0.15772	0.74642	0.85139
chr1	85603392	85603417	1	0.115533	2	0.014763	0.0056614	0.95192	0.83639
chr1	85611068	85611117	1	-0.114520	2	0.19487	0.49655	0.77336	0.88788
chr1	85594736	85594738	1	-0.102059	2	0.0003108	0.00073552	0.74049	0.84255
chr1	85614934	85614936	1	0.121930	2	0.049883	0.006763	0.54477	0.42284
chr1	85608428	85608430	1	-0.150008	2	0.037918	0.15138	0.63771	0.78772
chr1	85608719	85608721	1	-0.143189	2	0.1049	0.15307	0.64121	0.7844
chr1	85607190	85607332	1	-0.103784	4	0.42867	0.39688	0.63048	0.73426
chr1	85607639	85607643	1	0.140490	4	0.050016	0.086009	0.81314	0.67265
chr1	85607983	85607985	1	0.118795	2	0.1049	0.18144	0.69694	0.57815
chr1	85631794	85631818	1	0.101488	2	0.32821	0.19885	0.83655	0.73506
chr1	85637072	85637074	1	-0.104762	2	0.38228	0.45895	0.47024	0.575
chr1	85639771	85639785	1	-0.173634	2	0.082984	0.046616	0.57163	0.74526
chr1	85638574	85638576	1	0.247917	2	0.082984	0.093188	0.5875	0.33958
chr1	85650762	85651003	1	-0.139013	3	0.044902	0.074878	0.76968	0.90869
chr1	85651852	85652386	1	-0.183413	17	1.652e-06	1.1495e-05	0.65038	0.83379
chr1	85742483	85742541	1	-0.300000	2	0.014763	0.034406	0.44583	0.74583
chr1	86010062	86010110	1	-0.134673	2	0.2345	0.46545	0.81845	0.95312
chr1	86453301	86453312	1	0.132955	2	0.13038	0.14803	0.9375	0.80455
chr1	87087202	87087207	1	0.105952	2	0.32821	0.90868	0.93333	0.82738
chr1	88214783	88215064	1	0.121952	2	0.064957	0.052792	0.80264	0.68069
chr1	88221976	88222011	1	-0.136398	6	9.2834e-06	9.2018e-05	0.077447	0.21385
chr1	88211869	88211871	1	0.112109	2	0.1049	0.15279	0.71685	0.60474
chr1	88227198	88227209	1	-0.129353	4	0.026172	0.085283	0.63016	0.75951
chr1	88228426	88228514	1	-0.160074	2	0.064957	0.042689	0.22391	0.38399
chr1	88230284	88230355	1	-0.117502	3	0.017271	0.038463	0.83397	0.95147
chr1	88241659	88241661	1	0.102785	2	0.006993	0.005789	0.21802	0.11524
chr1	88238077	88238090	1	-0.168441	2	0.27863	0.45729	0.59864	0.76708
chr1	88238879	88238881	1	0.141812	2	0.1049	0.1536	0.84689	0.70508
chr1	88242950	88243079	1	-0.127319	2	0.014763	0.037299	0.80235	0.92967
chr1	88243368	88243421	1	-0.165774	2	0.13038	0.18337	0.55508	0.72086
chr1	88244029	88244447	1	0.115637	4	0.076498	0.032525	0.48486	0.36922
chr1	88244511	88244732	1	-0.124489	2	0.27863	0.56573	0.5108	0.63529
chr1	88234672	88234827	1	0.162913	2	0.1049	0.17119	0.43309	0.27017
chr1	88235056	88235113	1	0.195267	2	0.037918	0.055255	0.68934	0.49407
chr1	88235374	88235442	1	0.106588	3	0.31859	0.82744	0.41423	0.30765
chr1	88236269	88236352	1	-0.153628	2	0.020668	0.0063991	0.57182	0.72545
chr1	88237298	88237300	1	0.108046	2	0.1049	0.48459	0.71207	0.60403
chr1	88253002	88253004	1	-0.107827	2	0.16053	0.46983	0.73317	0.841
chr1	88253081	88253189	1	0.133484	2	0.27863	0.27766	0.8113	0.67781
chr1	88253584	88253586	1	-0.119146	2	0.037918	0.037114	0.08509	0.20424
chr1	88248471	88248592	1	-0.122703	2	0.27863	0.16325	0.77888	0.90159
chr1	88249290	88249314	1	0.112172	2	0.50536	0.93769	0.78743	0.67526
chr1	88249939	88249941	1	0.101751	2	0.028127	0.034775	0.86653	0.76478
chr1	88250341	88250377	1	-0.104283	2	0.064957	0.18562	0.80173	0.90601
chr1	88264236	88264347	1	0.115887	4	0.07044	0.28548	0.87985	0.76397
chr1	88262739	88262814	1	-0.126656	4	0.0019983	0.005969	0.8166	0.94326
chr1	88285157	88285242	1	-0.102869	4	0.026172	0.032722	0.74461	0.84748
chr1	88279554	88279700	1	-0.282070	5	1.5046e-05	0.00013641	0.26192	0.54399
chr1	88280538	88280551	1	-0.143364	2	0.0029526	0.0061097	0.61355	0.75691
chr1	88281160	88281244	1	0.134235	2	0.32821	0.46981	0.89348	0.75924
chr1	88290133	88290135	1	-0.190643	2	0.0029526	0.007931	0.65945	0.85009
chr1	88282944	88282971	1	0.132619	2	0.19487	0.1619	0.88766	0.75504
chr1	88284374	88284376	1	0.124579	2	0.19487	0.46708	0.74072	0.61614
chr1	88291381	88291405	1	0.112936	2	0.028127	0.034608	0.19252	0.07958
chr1	88292082	88292170	1	-0.113194	2	0.4418	0.596	0.53889	0.65208
chr1	88294790	88294792	1	-0.101581	2	0.2345	0.20043	0.2128	0.31438
chr1	88265895	88265897	1	-0.102150	2	0.082984	0.042602	0.87051	0.97266
chr1	88268926	88269111	1	-0.114011	2	0.16053	0.60311	0.55103	0.66504
chr1	88295883	88295894	1	0.118939	2	0.16053	0.17488	0.95644	0.8375
chr1	88296002	88296004	1	-0.107527	2	0.037918	0.0070806	0.60386	0.71138
chr1	88298380	88298382	1	0.136346	2	0.38228	0.14758	0.54261	0.40627
chr1	88300364	88300641	1	-0.119091	2	0.2345	0.24596	0.51111	0.6302
chr1	88300778	88300839	1	-0.119832	2	0.32821	0.55592	0.3881	0.50794
chr1	88303857	88303949	1	-0.118294	2	0.1049	0.1689	0.71816	0.83646
chr1	88302193	88302220	1	0.115278	2	0.19487	0.58288	0.81101	0.69573
chr1	88302291	88302340	1	-0.160644	2	0.028127	0.039457	0.80985	0.9705
chr1	88305191	88305329	1	-0.102918	2	0.57374	0.5532	0.36468	0.4676
chr1	88286631	88286669	1	-0.110765	2	0.014763	0.0074492	0.79724	0.908
chr1	88287855	88287892	1	0.215921	2	0.004662	0.0064586	0.71713	0.50121
chr1	88287892	88287928	1	-0.125646	3	0.059657	0.20479	0.46053	0.58618
chr1	88310729	88310735	1	-0.113748	2	0.1049	0.050803	0.72206	0.8358
chr1	88276471	88276611	1	-0.115449	3	0.17818	0.22604	0.5202	0.63565
chr1	88276775	88276777	1	-0.131584	2	0.13038	0.45547	0.43267	0.56425
chr1	88277010	88277214	1	-0.109569	5	0.00010966	0.00052312	0.022066	0.13163
chr1	88277850	88277852	1	-0.212370	2	0.0006216	0.0057469	0.17861	0.39098
chr1	88278150	88278161	1	-0.133350	2	0.049883	0.044117	0.65909	0.79244
chr1	88255090	88255092	1	0.119958	2	0.0010878	0.0062899	0.95979	0.83983
chr1	88256112	88256114	1	0.132673	2	0.049883	0.1488	0.96458	0.83191
chr1	88256125	88256127	1	0.162989	2	0.1049	0.15042	0.7126	0.54961
chr1	88256543	88256545	1	0.104126	2	0.037918	0.035662	0.91319	0.80906
chr1	88256726	88256768	1	0.139983	2	0.32821	0.55983	0.85304	0.71306
chr1	88258660	88258708	1	0.177210	2	0.014763	0.036186	0.80878	0.63157
chr1	88258920	88258922	1	-0.338090	2	0.0006216	0.0075797	0.5563	0.89439
chr1	88258962	88258964	1	-0.225451	2	0.0006216	0.00069043	0.38009	0.60554
chr1	88259218	88259220	1	-0.300751	2	0.0001554	6.7296e-05	0.085853	0.3866
chr1	88259229	88259231	1	-0.126218	2	0.006993	0.0057852	0.056832	0.18305
chr1	88259318	88259483	1	-0.413803	2	0.0003108	0.00094717	0.36977	0.78357
chr1	88260003	88260005	1	-0.103779	2	0.16053	0.47223	0.55996	0.66374
chr1	88260485	88260487	1	-0.109993	2	0.049883	0.15429	0.83524	0.94523
chr1	88260793	88260798	0.1127	-0.296335	4	2.0462e-06	1.0133e-06	0.54274	0.83908
chr1	88262169	88262407	0.0049256	-0.573363	5	6.3019e-08	4.4286e-08	0.30691	0.88027
chr1	88877581	88877583	1	-0.103125	2	0.13038	0.15075	0.88125	0.98438
chr1	89335146	89335178	1	0.209524	2	0.006993	1	1	0.79048
chr1	89992947	89992950	1	0.168750	2	0.2345	0.45738	0.62708	0.45833
chr1	90251865	90251882	1	-0.117708	2	0.1049	0.15694	0.79673	0.91443
chr1	90823789	90823798	1	0.247917	2	0.014763	0.0068268	0.875	0.62708
chr1	91733714	91733724	1	-0.125000	2	0.32821	0.46605	0.84375	0.96875
chr1	98841257	98841396	1	0.113595	2	0.2345	0.49857	0.89157	0.77797
chr1	102628232	102628282	1	0.116141	2	0.27863	0.14964	0.5366	0.42045
chr1	108730105	108730136	1	0.132143	2	0.27863	0.46532	0.98214	0.85
chr1	112802925	112802960	1	-0.102183	3	0.15997	1	0.89782	1
chr1	119218267	119218288	1	0.107143	2	0.4418	0.50112	0.96131	0.85417
chr1	119926134	119926159	1	-0.128175	2	0.19487	0.4676	0.83611	0.96429
chr1	119938911	119938940	1	0.287500	2	0.006993	0.0059311	0.9125	0.625
chr1	119999906	119999925	1	0.166667	2	0.1049	0.1577	0.9375	0.77083
chr1	120358602	120358605	1	0.182143	2	0.27863	0.1498	0.90833	0.72619
chr1	120403506	120403520	1	0.143750	2	0.19487	0.46188	0.96875	0.825
chr1	128415867	128415915	1	-0.237103	3	0.0068117	0.020544	0.5248	0.7619
chr1	130086660	130086814	1	0.107292	2	0.082984	1	1	0.89271
chr1	132220930	132220949	1	0.261111	3	0.033241	0.039067	0.61875	0.35764
chr1	133271120	133271157	1	0.114583	2	0.13038	0.15085	0.88542	0.77083
chr1	133388073	133388077	1	0.207589	2	0.13038	0.16045	0.98438	0.77679
chr1	133610777	133610783	1	0.350000	2	0.028127	0.034051	0.47917	0.12917
chr1	134003370	134003395	1	0.119792	2	0.19487	0.17371	0.85417	0.73438
chr1	135113184	135113202	1	0.284226	2	0.004662	0.0065542	0.62083	0.33661
chr1	135537024	135537046	1	0.577083	2	0.0006216	0.0057667	0.90625	0.32917
chr1	135855902	135855952	1	0.108036	2	0.57374	0.90118	0.82887	0.72083
chr1	137620536	137620557	1	-0.400942	2	0.0018648	0.0063715	0.32674	0.72768
chr1	140053141	140053146	1	-0.328125	2	0.028127	0.045123	0.62674	0.95486
chr1	143207818	143207861	1	-0.397917	2	0.014763	0.047653	0.44792	0.84583
chr1	151686180	151686201	1	0.312500	2	0.082984	0.033848	0.8875	0.575
chr1	152450100	152450115	1	0.108333	2	0.38228	0.90597	0.96875	0.86042
chr1	153081482	153081532	1	0.131250	2	0.049883	0.15241	0.975	0.84375
chr1	153436153	153436163	1	0.119508	2	0.082984	1	1	0.88049
chr1	154256988	154257005	1	0.119940	2	0.13038	0.45823	0.94375	0.82381
chr1	155320298	155320368	1	0.102976	3	0.033241	1	1	0.89702
chr1	156339313	156339322	1	0.108333	2	0.19487	1	1	0.89167
chr1	156366042	156366071	1	-0.145833	2	0.19487	1	0.85417	1
chr1	156449935	156449947	1	0.163690	2	0.037918	0.035233	0.9875	0.82381
chr1	160352008	160352015	1	0.107143	2	0.4418	0.48139	0.20625	0.099107
chr1	161181374	161181452	1	0.125000	2	0.19487	1	1	0.875
chr1	164007750	164007783	1	-0.318849	2	0.037918	0.036988	0.57351	0.89236
chr1	165846146	165846155	1	-0.235417	2	0.037918	0.16148	0.63542	0.87083
chr1	165861874	165861949	1	0.177778	2	0.082984	0.15644	0.9375	0.75972
chr1	166126970	166126990	1	0.141369	2	0.2345	0.51801	0.86012	0.71875
chr1	167754201	167754241	1	-0.158333	2	0.1049	0.15941	0.74792	0.90625
chr1	168774283	168774286	1	0.104167	2	0.2345	0.49509	0.89583	0.79167
chr1	170253974	170254000	1	0.104167	2	0.50536	0.9106	0.92708	0.82292
chr1	170855338	170855348	1	0.115476	2	0.27863	0.46264	0.98214	0.86667
chr1	170908947	170908957	1	0.143750	2	0.38228	0.45951	0.53125	0.3875
chr1	171065355	171065364	1	0.109486	2	0.0001554	8.6388e-05	0.11606	0.0065789
chr1	171068076	171068078	1	-0.195539	2	0.049883	0.15442	0.33993	0.53547
chr1	171071176	171071199	1	0.123237	2	0.38228	0.45947	0.30208	0.17885
chr1	171069832	171069834	1	-0.192944	2	0.014763	0.035478	0.13898	0.33192
chr1	171070013	171070048	1	-0.153225	3	0.044902	0.045327	0.59278	0.74601
chr1	171070050	171070095	1	0.133967	2	0.049883	0.034717	0.38618	0.25221
chr1	171073846	171073854	1	-0.233902	2	0.064957	0.16039	0.42917	0.66307
chr1	171065998	171066000	1	0.150907	2	0.014763	0.037226	0.24535	0.094438
chr1	171066212	171066220	1	0.124807	2	0.32821	0.89987	0.51198	0.38717
chr1	171066255	171066363	1	0.120303	2	0.16053	0.55548	0.58331	0.463
chr1	171066474	171066727	1	0.172055	4	0.076498	0.19661	0.49325	0.3212
chr1	171079227	171079235	1	0.128571	2	0.2345	0.45856	0.34435	0.21577
chr1	171063807	171063829	1	0.131578	5	0.0068303	0.088183	0.39294	0.26136
chr1	171063939	171063973	1	0.213200	6	0.00045602	0.007206	0.39681	0.18361
chr1	171063993	171064047	0.88838	0.103447	15	5.8588e-09	7.9875e-06	0.17183	0.068387
chr1	171064545	171064569	1	0.220012	2	0.004662	0.0060293	0.24479	0.02478
chr1	171078184	171078203	1	-0.117691	2	0.037918	0.041849	0.082951	0.20064
chr1	171078482	171078548	1	0.183386	4	0.0052874	0.085174	0.37486	0.19148
chr1	171194217	171194240	1	0.326984	2	0.020668	0.049627	0.8631	0.53611
chr1	171344732	171344865	1	-0.202060	2	0.0029526	0.00071564	0.69901	0.90107
chr1	171344881	171344901	1	-0.110897	2	0.32821	0.90311	0.86827	0.97917
chr1	171963805	171963900	1	-0.127083	2	0.38228	0.46507	0.22917	0.35625
chr1	172514769	172514773	1	-0.182639	2	0.082984	0.1492	0.62986	0.8125
chr1	172573590	172573594	1	0.310417	2	0.0029526	0.00072899	0.875	0.56458
chr1	173772082	173772095	1	-0.212500	2	0.082984	1	0.7875	1
chr1	178627254	178627293	1	-0.120833	2	0.13038	0.15068	0.85417	0.975
chr1	179401510	179401573	1	-0.108333	2	0.19487	1	0.89167	1
chr1	180021993	180021996	1	0.153423	2	0.028127	0.0059021	0.90625	0.75283
chr1	182340304	182340357	1	-0.102273	2	0.38228	0.48255	0.77083	0.87311
chr1	184013712	184013760	1	-0.169643	2	0.049883	0.040295	0.67292	0.84256
chr1	184412628	184412636	1	-0.221181	2	0.064957	0.040961	0.28125	0.50243
chr1	184542154	184542270	1	-0.301488	2	0.0029526	0.00067122	0.55625	0.85774
chr1	184561289	184561537	1	-0.114583	2	0.13038	0.15411	0.86756	0.98214
chr1	184874225	184874246	1	-0.140278	2	0.38228	0.50632	0.57083	0.71111
chr1	185043620	185043625	1	0.125000	2	0.19487	1	1	0.875
chr1	185192431	185192438	1	-0.258333	2	0.020668	0.14717	0.13958	0.39792
chr1	186318192	186318287	1	0.112500	2	0.19487	1	1	0.8875
chr1	187018308	187018319	1	0.135417	2	0.13038	0.15819	0.96875	0.83333
chr1	189920881	189920893	1	0.118750	2	0.082984	1	1	0.88125
chr1	191668235	191668241	1	-0.170833	2	0.16053	0.15763	0.4125	0.58333
chr1	191756698	191756742	1	0.150298	2	0.57374	0.56123	0.63125	0.48095
chr1	192763069	192763129	1	-0.160417	2	0.049883	0.033947	0.175	0.33542
chr1	193157321	193157350	1	0.174107	2	0.037918	0.16709	0.96131	0.7872
chr1	193593981	193593994	1	0.138542	2	0.037918	0.041612	0.98438	0.84583
chr1	194577978	194577986	1	0.108333	2	0.19487	1	1	0.89167
chr1	195241767	195241787	1	0.113607	4	0.15209	0.085061	0.21136	0.097756
chr10	3221523	3221558	1	0.104167	2	0.19487	1	1	0.89583
chr10	3257254	3257380	1	0.157341	2	0.2345	0.46506	0.51012	0.35278
chr10	3112486	3112488	1	-0.222685	2	0.19487	0.2462	0.50807	0.73075
chr10	3114857	3114963	1	0.144759	2	0.16053	0.57901	0.67072	0.52596
chr10	6305301	6305354	1	0.108631	2	0.19487	1	1	0.89137
chr10	8637296	8637302	1	0.131259	2	0.028127	0.0068094	0.93929	0.80803
chr10	8858569	8858580	1	-0.112500	2	0.4418	0.46185	0.86458	0.97708
chr10	9514898	9514996	1	0.122321	2	0.16053	0.47364	0.92708	0.80476
chr10	10234967	10234982	1	0.226190	2	0.064957	0.17739	0.96875	0.74256
chr10	11185097	11185102	1	0.183333	2	0.082984	1	1	0.81667
chr10	13854804	13854838	1	-0.100992	3	0.17818	0.29989	0.85139	0.95238
chr10	13869629	13869655	1	0.161607	2	0.32821	0.54116	0.45744	0.29583
chr10	14078462	14078494	1	0.265972	2	0.1049	0.19971	0.84167	0.57569
chr10	16593223	16593266	1	-0.166667	2	0.27863	0.50767	0.68333	0.85
chr10	17547434	17547444	1	0.122222	2	0.082984	1	1	0.87778
chr10	18416102	18416108	1	0.104167	2	0.13038	0.15113	0.975	0.87083
chr10	19371801	19371807	1	0.147917	2	0.16053	0.15087	0.92917	0.78125
chr10	19935546	19935597	1	0.114583	2	0.13038	0.15073	0.13958	0.025
chr10	20056541	20056575	1	-0.127530	2	0.13038	0.18236	0.7506	0.87813
chr10	20353168	20353196	1	-0.122917	2	0.19487	1	0.87708	1
chr10	20505721	20505731	1	-0.112500	2	0.082984	1	0.8875	1
chr10	21995949	21996010	1	0.164583	2	0.037918	0.14749	0.75208	0.5875
chr10	22191649	22191667	1	-0.262202	2	0.028127	0.014521	0.41667	0.67887
chr10	22729905	22729924	1	0.131944	3	0.059657	0.19551	0.97917	0.84722
chr10	24374148	24374165	1	-0.135119	2	0.13038	0.15068	0.020833	0.15595
chr10	25268878	25268890	1	0.112981	2	0.27863	0.18059	0.83333	0.72035
chr10	27292412	27292470	1	-0.114583	2	0.19487	1	0.88542	1
chr10	34512870	34513150	1	-0.199702	2	0.037918	0.035084	0.28958	0.48929
chr10	38755431	38755434	1	-0.115476	2	0.4418	0.91773	0.75	0.86548
chr10	38772519	38772551	1	-0.157986	2	0.028127	0.044617	0.79514	0.95312
chr10	38977821	38977924	1	0.141667	3	0.15997	0.30588	0.95556	0.81389
chr10	39198663	39198665	1	-0.173909	2	0.064957	0.15477	0.59038	0.76429
chr10	39198712	39198714	1	-0.167039	2	0.082984	0.15559	0.57031	0.73735
chr10	39278685	39278701	1	0.297917	2	0.049883	0.046638	0.57917	0.28125
chr10	40131512	40131541	1	-0.114583	2	0.064957	0.14727	0.83958	0.95417
chr10	42027821	42027825	1	0.212500	2	0.13038	0.039255	0.64583	0.43333
chr10	42133354	42133360	1	-0.108333	2	0.1049	0.15239	0.86042	0.96875
chr10	42504658	42504663	1	0.130208	2	0.1049	0.45778	0.95089	0.82068
chr10	42855822	42855847	1	0.132738	2	0.049883	0.15731	0.9375	0.80476
chr10	43314886	43314903	1	0.417262	2	0.0010878	0.0086487	0.89792	0.48065
chr10	43340060	43340074	1	0.117708	2	0.16053	0.15615	0.34167	0.22396
chr10	43340115	43340118	1	0.101984	2	0.082984	0.15451	0.9256	0.82361
chr10	43478033	43478036	1	0.135417	2	0.082984	1	0.13542	0
chr10	44465564	44465599	1	0.310069	2	0.006993	0.0064601	0.87812	0.56806
chr10	44465601	44465731	1	0.116667	2	0.32821	0.94408	0.76146	0.64479
chr10	45168754	45168786	1	0.114583	2	0.38228	1	1	0.88542
chr10	52104839	52104871	1	0.125000	2	0.19487	1	1	0.875
chr10	52356979	52357056	1	-0.117109	2	0.13038	0.17422	0.81875	0.93586
chr10	53888974	53888977	1	-0.106250	2	0.32821	0.90881	0.61042	0.71667
chr10	53918996	53919014	1	0.112500	2	0.19487	1	1	0.8875
chr10	54013818	54013871	1	-0.386409	2	0.0018648	0.0090598	0.11285	0.49926
chr10	55963870	55963897	1	-0.120238	2	0.082984	1	0.87976	1
chr10	56497638	56497734	1	-0.108111	2	0.27863	0.46731	0.42332	0.53143
chr10	57440748	57440750	1	-0.122863	2	0.16053	0.46065	0.32879	0.45165
chr10	57445040	57445043	1	0.155208	2	0.049883	0.14878	0.52381	0.3686
chr10	58221528	58221530	1	0.107209	2	0.020668	0.041746	0.18853	0.081317
chr10	58228019	58228391	1	-0.135922	4	0.050016	0.19759	0.756	0.89192
chr10	58225230	58225262	1	-0.117120	2	0.010412	0.036763	0.77731	0.89443
chr10	58231183	58231185	1	0.126201	2	0.082984	0.16723	0.78524	0.65904
chr10	58788516	58788542	1	0.102232	2	0.082984	0.15182	0.975	0.87277
chr10	59067034	59067058	1	-0.128274	2	0.2345	0.4849	0.71101	0.83929
chr10	59132133	59132136	1	-0.214286	2	0.082984	1	0	0.21429
chr10	59220871	59220889	1	0.231250	2	0.014763	0.036023	0.25625	0.025
chr10	60699598	60699756	1	-0.121528	2	0.32821	0.90527	0.84722	0.96875
chr10	60758066	60758078	1	0.130208	2	0.037918	0.038183	0.96875	0.83854
chr10	60833057	60833125	1	-0.126215	4	0.04577	0.19663	0.84566	0.97188
chr10	62107208	62107216	1	0.314583	2	0.014763	0.15191	0.86042	0.54583
chr10	62369042	62369066	1	0.120240	2	0.028127	0.039786	0.97876	0.85852
chr10	62577445	62577568	1	0.101935	2	0.16053	0.46494	0.98214	0.88021
chr10	62723760	62723762	1	0.114583	2	0.16053	0.46121	0.96875	0.85417
chr10	63116210	63116258	1	0.114583	3	0.12769	0.44927	0.98611	0.87153
chr10	63457750	63457915	1	0.137798	2	0.13038	0.48491	0.88542	0.74762
chr10	64410361	64410431	1	-0.117708	2	0.13038	0.15262	0.86146	0.97917
chr10	66932986	66932993	1	-0.296158	2	0.064957	0.034017	0.21994	0.5161
chr10	67528998	67529002	1	0.137500	2	0.028127	1	1	0.8625
chr10	67765543	67765614	1	0.129167	2	0.27863	0.46461	0.975	0.84583
chr10	67962734	67962742	1	-0.117560	2	0.082984	0.15292	0.725	0.84256
chr10	68797847	68797867	1	0.120833	2	0.57374	0.90323	0.975	0.85417
chr10	69737667	69737694	1	0.129167	2	0.082984	1	1	0.87083
chr10	70021926	70021939	1	-0.227083	2	0.082984	0.035136	0.4125	0.63958
chr10	70814492	70814502	1	0.118155	2	0.16053	0.15017	0.32649	0.20833
chr10	71362194	71362289	1	0.353472	3	0.0014326	0.0053203	0.74167	0.38819
chr10	73107773	73107809	1	0.114286	2	0.57374	0.45957	0.92679	0.8125
chr10	75099325	75099362	1	0.105357	2	0.082984	1	1	0.89464
chr10	75204564	75204599	1	0.108333	2	0.19487	1	1	0.89167
chr10	75428381	75428403	1	0.108333	2	0.19487	1	1	0.89167
chr10	77289626	77289640	1	-0.277083	2	0.064957	0.15085	0.52708	0.80417
chr10	80401118	80401143	1	0.150000	2	0.1049	0.15251	0.84375	0.69375
chr10	80692040	80692068	1	-0.121131	2	0.2345	0.15344	0.53542	0.65655
chr10	81178086	81178121	1	0.160275	2	0.010412	0.045832	0.89062	0.73035
chr10	81432252	81432273	1	-0.177083	2	0.082984	0.47724	0.4375	0.61458
chr10	81432321	81432333	1	-0.268750	2	0.004662	0.00098461	0.61875	0.8875
chr10	81433677	81433722	1	-0.341667	2	0.0018648	0.0059698	0.63333	0.975
chr10	82658704	82658716	1	0.121280	2	0.19487	0.46122	0.95833	0.83705
chr10	83182774	83182793	1	0.220833	2	0.16053	0.45529	0.72708	0.50625
chr10	83301177	83301188	1	-0.410417	2	0.020668	0.010235	0.32917	0.73958
chr10	85466508	85466525	1	-0.237798	2	0.32821	0.53884	0.28095	0.51875
chr10	85927670	85927701	1	0.114646	3	0.34736	0.30096	0.25	0.13535
chr10	88612294	88612350	1	-0.275794	3	0.0014326	0.0051206	0.65893	0.93472
chr10	88880928	88880975	1	-0.174702	2	0.082984	0.043694	0.70625	0.88095
chr10	91317889	91317931	1	0.102083	2	0.082984	1	1	0.89792
chr10	92841115	92841135	1	0.172966	2	0.13038	0.47949	0.90833	0.73537
chr10	93130841	93130855	1	-0.100694	2	0.2345	0.46866	0.85417	0.95486
chr10	93306391	93306396	1	0.127976	2	0.037918	0.040241	0.90923	0.78125
chr10	93487749	93487763	1	-0.101190	2	0.50536	0.93037	0.79464	0.89583
chr10	93742105	93742113	1	0.162500	2	0.16053	0.46264	0.8625	0.7
chr10	93922420	93922438	1	0.130655	2	0.082984	0.15333	0.96875	0.8381
chr10	94409285	94409317	1	-0.249603	2	0.028127	0.038004	0.32083	0.57044
chr10	95396329	95396365	1	-0.307738	2	0.014763	0.0056104	0.045833	0.35357
chr10	95494462	95494474	1	0.284226	2	0.006993	0.034857	0.82798	0.54375
chr10	95605349	95605365	1	0.184226	2	0.082984	0.037523	0.24375	0.059524
chr10	96043202	96043256	1	0.295833	2	0.13038	0.20326	0.89375	0.59792
chr10	99462997	99463022	1	0.168750	2	0.082984	0.1655	0.85625	0.6875
chr10	103387237	103387280	1	-0.101786	2	0.4418	0.4581	0.71875	0.82054
chr10	103888570	103888605	1	0.115625	2	0.32821	0.92276	0.9125	0.79688
chr10	105238297	105238332	1	0.243057	5	0.00035615	0.00027262	0.67307	0.43001
chr10	105238497	105238515	1	0.170630	4	0.0015462	0.010829	0.423	0.25237
chr10	106598828	106598858	1	0.109375	2	0.27863	0.46725	0.98438	0.875
chr10	107704713	107704767	1	-0.377083	2	0.006993	0.03514	0.0625	0.43958
chr10	111023330	111023350	1	0.125000	3	0.15997	1	1	0.875
chr10	111388060	111388070	1	0.108929	2	0.57374	0.90311	0.975	0.86607
chr10	111519883	111519931	1	0.206629	2	0.082984	0.17065	0.79167	0.58504
chr10	111584093	111584131	1	-0.125000	2	0.19487	1	0.875	1
chr10	115493414	115493418	1	0.166667	2	0.082984	1	1	0.83333
chr10	115559386	115559423	1	0.108333	2	0.19487	1	1	0.89167
chr10	116398261	116398292	1	-0.180208	2	0.16053	0.15345	0.51875	0.69896
chr10	116924496	116924538	1	0.191964	2	0.004662	0.0060556	0.975	0.78304
chr10	117014124	117014133	1	0.120536	2	0.16053	0.46061	0.58333	0.4628
chr10	117062825	117062870	1	0.104960	3	0.19781	0.19565	0.67917	0.57421
chr10	117133071	117133082	1	0.114583	2	0.19487	1	1	0.88542
chr10	117455402	117455420	1	0.152967	2	0.082984	0.035704	0.83422	0.68125
chr10	117647879	117647892	1	-0.104167	2	0.19487	1	0.89583	1
chr10	119220936	119220948	1	-0.118750	2	0.082984	1	0.88125	1
chr10	119415058	119415074	1	-0.114583	2	0.2345	0.15251	0.60417	0.71875
chr10	119804139	119804166	1	0.194048	2	0.19487	0.4697	0.73958	0.54554
chr10	119937128	119937201	1	-0.154167	2	0.13038	0.46921	0.82083	0.975
chr10	120002360	120002373	1	-0.322917	2	0.010412	0.0070882	0.65625	0.97917
chr10	120428625	120428669	1	-0.302083	2	0.0010878	0.0059847	0.16458	0.46667
chr10	120664294	120664324	1	0.105357	2	0.27863	0.29493	0.91875	0.81339
chr10	120864487	120864495	1	0.253472	2	0.16053	0.16575	0.60625	0.35278
chr10	121739285	121739299	1	0.114583	2	0.19487	1	1	0.88542
chr10	125661062	125661072	1	-0.103423	2	0.16053	0.46241	0.87574	0.97917
chr10	126983548	126983681	1	-0.189444	5	0.024758	0.024437	0.56417	0.75361
chr10	128637752	128637761	1	0.155208	2	0.082984	0.14769	0.87798	0.72277
chr10	130493749	130493780	1	0.143601	2	0.16053	0.46438	0.94048	0.79688
chr11	3105072	3105085	1	-0.396759	3	0.0082932	0.020619	0.10417	0.50093
chr11	3127596	3127606	0.0422	-0.189817	4	1.4058e-06	3.7942e-07	0.71766	0.90748
chr11	3127794	3127796	1	-0.214989	2	0.0029526	0.0062673	0.50148	0.71647
chr11	3102252	3102254	1	0.159691	2	0.082984	0.1476	0.9093	0.74961
chr11	3129104	3129106	1	-0.194299	2	0.0010878	0.0012839	0.74705	0.94135
chr11	3132470	3132472	1	-0.139602	2	0.0001554	6.2486e-05	0.80682	0.94643
chr11	3133524	3133678	0.00013644	-0.203709	8	1.645e-10	1.2268e-09	0.67921	0.88292
chr11	3134112	3134114	1	0.141174	2	0.0001554	0.00089993	0.76172	0.62055
chr11	3159711	3159713	1	-0.116120	2	0.0018648	0.00568	0.80995	0.92607
chr11	3173932	3173934	1	-0.200702	2	0.006993	0.0068295	0.42383	0.62453
chr11	3143950	3144030	1	-0.152880	4	8.6959e-06	4.0581e-05	0.76148	0.91436
chr11	3190971	3190973	1	-0.113226	2	0.4418	0.46717	0.6504	0.76362
chr11	3195231	3195233	1	-0.108453	2	0.0018648	0.0066512	0.3358	0.44425
chr11	5169464	5169480	1	-0.131543	2	0.082984	0.044473	0.80575	0.9373
chr11	6168846	6168867	1	0.159970	2	0.27863	0.46257	0.39792	0.23795
chr11	7212874	7212890	1	0.131629	2	0.4418	0.46835	0.33333	0.2017
chr11	11691548	11691640	1	-0.134954	3	0.34736	0.61888	0.027083	0.16204
chr11	12038787	12038834	1	0.202083	2	0.16053	0.11098	0.8125	0.61042
chr11	12280831	12280908	1	-0.221726	2	0.27863	0.5349	0.41667	0.63839
chr11	13037097	13037107	1	-0.312500	2	0.049883	0.042527	0.47917	0.79167
chr11	18263410	18263413	1	0.139583	2	0.13038	0.15615	0.97917	0.83958
chr11	19942906	19942912	1	-0.125000	2	0.19487	1	0.875	1
chr11	20551351	20551377	1	-0.152083	2	0.037918	0.035771	0.83542	0.9875
chr11	21301613	21301622	1	0.114583	2	0.19487	1	1	0.88542
chr11	22969591	22969713	1	-0.328472	3	0.00065603	0.0010632	0.048611	0.37708
chr11	24801064	24801105	1	-0.154167	2	0.028127	1	0.84583	1
chr11	29938129	29938141	1	-0.160417	2	0.082984	0.040417	0.7875	0.94792
chr11	31814521	31814541	1	0.119643	2	0.16053	0.14823	0.91548	0.79583
chr11	32732427	32732510	1	0.139881	2	0.064957	0.036981	0.91518	0.7753
chr11	35364981	35364990	1	-0.291667	2	0.064957	0.16868	0.66667	0.95833
chr11	38114126	38114147	1	-0.136905	2	0.006993	1	0.8631	1
chr11	40159129	40159133	1	0.114583	2	0.19487	1	1	0.88542
chr11	43083063	43083163	1	-0.114295	2	0.082984	0.15688	0.84667	0.96097
chr11	43879285	43879319	1	0.167560	2	0.037918	0.035938	0.98214	0.81458
chr11	45154615	45154708	1	0.120833	2	0.13038	0.15125	0.975	0.85417
chr11	49326974	49327017	1	0.155997	2	0.16053	0.15194	0.94975	0.79375
chr11	50580968	50581104	1	-0.122917	2	0.27863	0.52138	0.75833	0.88125
chr11	52072038	52072046	1	-0.127976	2	0.13038	0.15068	0.017857	0.14583
chr11	52390146	52390175	1	0.160417	2	0.13038	0.14734	0.94792	0.7875
chr11	52764130	52764137	1	0.191667	2	0.020668	0.03453	0.25833	0.066667
chr11	53706487	53706502	1	-0.208315	2	0.028127	0.038455	0.125	0.33331
chr11	55127901	55127905	1	0.147917	2	0.13038	0.16177	0.975	0.82708
chr11	55944305	55944405	1	-0.130208	2	0.082984	1	0.86979	1
chr11	57316527	57316553	1	0.179167	2	0.13038	0.15053	0.8875	0.70833
chr11	57760704	57760719	1	0.197917	2	0.50536	0.1548	0.52917	0.33125
chr11	57829768	57829802	1	0.305952	4	0.0047035	0.0031822	0.44271	0.13676
chr11	57953740	57953750	1	0.127083	2	0.16053	0.18444	0.90833	0.78125
chr11	58384662	58384674	1	0.208333	2	0.38228	1	1	0.79167
chr11	58842449	58842468	1	0.106399	2	0.028127	1	1	0.8936
chr11	59475928	59475935	1	-0.141667	2	0.32821	0.15328	0.50417	0.64583
chr11	59538702	59538709	1	0.125000	2	0.2345	0.15009	0.8375	0.7125
chr11	59810984	59811004	1	0.240909	2	0.0006216	0.0056439	0.93466	0.69375
chr11	60671527	60671530	1	0.116667	2	0.50536	0.7134	0.375	0.25833
chr11	62788853	62788860	1	0.160795	2	0.2345	0.48298	0.59167	0.43087
chr11	63377823	63377829	1	0.113095	2	0.19487	1	1	0.8869
chr11	64167258	64167319	1	0.115774	2	0.27863	0.48763	0.90625	0.79048
chr11	65279629	65279632	1	-0.140476	2	0.27863	0.1483	0.8	0.94048
chr11	67266512	67266516	1	-0.125000	2	0.19487	1	0.875	1
chr11	68348076	68348177	1	0.142557	3	0.29134	0.4537	0.7326	0.59005
chr11	68466976	68467027	1	-0.107093	2	0.064957	0.15107	0.87207	0.97917
chr11	68540545	68540555	1	0.169792	2	0.014763	0.0339	0.93924	0.76944
chr11	69058785	69058803	1	-0.108333	2	0.57374	0.9004	0.10833	0.21667
chr11	70447249	70447332	1	-0.111111	2	0.32821	0.91978	0.73194	0.84306
chr11	73151528	73151607	1	0.143750	2	0.2345	0.5214	0.86458	0.72083
chr11	74071041	74071159	1	-0.205208	2	0.19487	0.52846	0.56667	0.77187
chr11	75756941	75756953	1	-0.117857	2	0.1049	0.15081	0.041667	0.15952
chr11	76497035	76497042	1	0.135417	2	0.19487	1	1	0.86458
chr11	76514823	76514829	1	0.212054	2	0.2345	0.49686	0.74851	0.53646
chr11	76916049	76916068	1	-0.101190	2	0.19487	1	0.89881	1
chr11	77313667	77313677	1	0.104167	2	0.082984	1	1	0.89583
chr11	78001415	78001544	1	0.140278	3	0.31859	0.31012	0.62153	0.48125
chr11	78195868	78195885	1	0.104167	2	0.19487	1	1	0.89583
chr11	78457895	78457943	1	0.165476	2	0.0018648	0.0057161	0.96131	0.79583
chr11	78792222	78792247	1	-0.383333	2	0.0003108	0.00073196	0.125	0.50833
chr11	78820883	78820903	1	0.171875	2	0.064957	0.15648	0.93333	0.76146
chr11	78991337	78991340	1	-0.116667	2	0.082984	1	0.88333	1
chr11	79588632	79588673	1	0.124256	2	0.082984	0.15535	0.88021	0.75595
chr11	79650203	79650215	1	0.176736	2	0.064957	0.14759	0.92708	0.75035
chr11	79822200	79822245	1	-0.261851	2	0.082984	0.053221	0.52292	0.78477
chr11	79980303	79980310	1	0.242262	2	0.028127	0.15868	0.85893	0.61667
chr11	80603630	80603666	1	-0.163740	2	0.19487	0.17772	0.66786	0.8316
chr11	80618292	80618400	1	0.150298	2	0.037918	0.036463	0.89792	0.74762
chr11	80932281	80932285	1	0.151042	2	0.50536	0.90072	0.95312	0.80208
chr11	83384478	83384490	1	0.114583	2	0.19487	1	1	0.88542
chr11	83836352	83836364	1	-0.175000	2	0.13038	0.15127	0.8	0.975
chr11	87824590	87824597	1	0.106250	2	0.19487	0.46146	0.96875	0.8625
chr11	87932479	87932497	1	0.136310	2	0.38228	0.49478	0.90833	0.77202
chr11	88116457	88116478	1	-0.116667	2	0.2345	0.47435	0.75833	0.875
chr11	88169868	88169872	1	0.186111	2	0.082984	0.16022	0.93333	0.74722
chr11	88310063	88310086	1	0.157937	2	0.028127	0.036616	0.96875	0.81081
chr11	88333988	88334017	1	-0.154167	2	0.082984	0.16419	0.80298	0.95714
chr11	88968480	88968482	1	-0.139153	2	0.028127	0.042105	0.39401	0.53316
chr11	89206887	89206925	1	-0.148810	2	0.2345	0.49367	0.28125	0.43006
chr11	90240672	90240730	1	0.133333	2	0.50536	0.90325	0.59167	0.45833
chr11	90456472	90456476	1	0.156250	2	0.082984	1	1	0.84375
chr11	90552244	90552264	1	0.137500	2	0.16053	0.17811	0.91667	0.77917
chr11	94202954	94202960	1	0.108333	2	0.19487	1	1	0.89167
chr11	94215357	94215403	1	-0.131250	2	0.037918	0.035466	0.85625	0.9875
chr11	94327361	94327367	1	-0.140476	2	0.037918	0.041754	0.27917	0.41964
chr11	94362598	94362645	1	0.129167	2	0.064957	0.1514	0.975	0.84583
chr11	97198006	97198046	1	-0.101042	2	0.13038	0.1512	0.89062	0.99167
chr11	97334704	97334710	1	0.108333	2	0.19487	1	1	0.89167
chr11	97500667	97500670	1	0.145437	2	0.064957	0.1741	0.97222	0.82679
chr11	98497404	98497426	1	0.225000	2	0.082984	0.14833	0.91875	0.69375
chr11	100264502	100264506	1	-0.152083	2	0.19487	0.46562	0.80625	0.95833
chr11	100958758	100958810	1	0.130208	2	0.19487	1	1	0.86979
chr11	101161900	101161934	1	0.108333	2	0.19487	1	1	0.89167
chr11	102436521	102436575	1	-0.119792	4	0.32713	0.82494	0.86458	0.98438
chr11	102918639	102918826	1	0.120833	2	0.27863	0.46176	0.975	0.85417
chr11	103016006	103016041	1	-0.154167	2	0.19487	1	0.84583	1
chr11	104234572	104234585	1	-0.203819	2	0.006993	0.0056343	0.58854	0.79236
chr11	104788517	104788521	1	-0.127976	2	0.13038	0.15068	0.85417	0.98214
chr11	107310943	107310956	1	0.197917	2	0.028127	1	1	0.80208
chr11	109348556	109348589	1	-0.108929	2	0.4418	0.91544	0.095238	0.20417
chr11	109459412	109459441	1	-0.101190	2	0.16053	0.46686	0.86756	0.96875
chr11	109652446	109652475	1	-0.120833	2	0.32821	0.90746	0.69792	0.81875
chr11	112048801	112048816	1	0.187500	2	0.020668	0.03421	0.93333	0.74583
chr11	112775353	112775376	1	0.111954	2	0.13038	0.15137	0.89375	0.7818
chr11	113184143	113184174	1	0.110417	2	0.27863	0.90583	0.625	0.51458
chr11	113944665	113944713	1	0.245833	2	0.16053	0.15948	0.67708	0.43125
chr11	114484414	114484419	1	-0.148295	2	0.16053	0.48499	0.78125	0.92955
chr11	114767862	114767873	1	0.258333	2	0.037918	0.15076	0.91667	0.65833
chr11	116106218	116106224	1	0.120513	2	0.028127	1	1	0.87949
chr11	117322040	117322051	1	-0.161111	2	0.037918	0.035332	0.79722	0.95833
chr11	117828121	117828150	1	-0.106994	2	0.32821	0.49431	0.38229	0.48929
chr11	117923726	117923801	1	0.131250	2	0.19487	1	1	0.86875
chr11	117936247	117936272	1	-0.150000	2	0.19487	0.27374	0.68333	0.83333
chr11	119007985	119008004	1	0.140923	2	0.32821	0.47202	0.60342	0.4625
chr11	119322762	119322772	1	0.160354	2	0.13038	0.17615	0.73327	0.57292
chr11	121008507	121008524	1	0.104167	2	0.19487	1	1	0.89583
chr11	121129206	121129226	1	0.176339	2	0.006993	0.038607	0.94792	0.77158
chr11	121475892	121475896	1	-0.114583	2	0.19487	1	0	0.11458
chr11	121652528	121652685	1	-0.177381	3	0.24152	0.44388	0.37639	0.55377
chr12	4788449	4788453	1	0.100000	2	0.082984	1	1	0.9
chr12	7512980	7512990	1	0.142560	2	0.13038	0.15077	0.94048	0.79792
chr12	10988717	10988777	1	0.175357	5	0.00016994	0.0002768	0.97619	0.80083
chr12	12544931	12544981	1	0.119792	2	0.1049	0.15374	0.95833	0.83854
chr12	17384886	17384931	1	-0.149107	2	0.037918	0.15616	0.80804	0.95714
chr12	17576507	17576524	1	0.215278	3	0.020489	0.06899	0.97917	0.76389
chr12	20229257	20229391	1	0.109087	2	0.16053	0.15495	0.81641	0.70732
chr12	20230330	20230353	1	-0.101317	2	0.32821	0.16401	0.7024	0.80372
chr12	20230450	20230500	1	-0.115219	2	0.006993	0.0071128	0.73718	0.8524
chr12	20230882	20230884	1	-0.116743	2	0.1049	0.1586	0.66315	0.77989
chr12	20232450	20232571	1	0.141567	2	0.028127	0.0066687	0.72923	0.58766
chr12	20232700	20232702	1	0.113662	2	0.32821	0.17806	0.26969	0.15603
chr12	20233899	20233926	1	-0.108408	2	0.049883	0.035538	0.68992	0.79833
chr12	28552442	28552453	1	-0.122222	2	0.32821	0.46878	0.62361	0.74583
chr12	29187543	29187555	1	-0.104167	2	0.38228	1	0.89583	1
chr12	30927489	30927535	1	0.191667	2	0.2345	0.4736	0.9625	0.77083
chr12	32381992	32382169	1	-0.117560	2	0.27863	0.51806	0.82292	0.94048
chr12	37779246	37779270	1	0.138690	2	0.082984	0.16047	0.95714	0.81845
chr12	46596939	46596954	1	-0.239881	2	0.16053	0.14727	0.59345	0.83333
chr12	46809244	46809267	1	0.163690	2	0.16053	0.46906	0.91667	0.75298
chr12	51487009	51487027	1	-0.140675	2	0.13038	0.18215	0.64286	0.78353
chr12	51487822	51487848	1	0.114459	2	0.16053	0.035307	0.74688	0.63242
chr12	51490724	51490753	1	0.115993	4	0.011565	0.019705	0.89395	0.77796
chr12	51855794	51855848	1	0.152579	3	0.12769	0.44622	0.97619	0.82361
chr12	52132385	52132390	1	0.377976	2	0.0010878	0.00082298	0.98214	0.60417
chr12	52707844	52708074	1	-0.266964	2	0.082984	0.1789	0.24911	0.51607
chr12	53201574	53201647	1	0.141667	2	0.57374	0.90456	0.975	0.83333
chr12	53407704	53407722	1	0.137500	2	0.082984	0.15431	0.9375	0.8
chr12	54535209	54535214	1	0.144048	2	0.028127	1	1	0.85595
chr12	54733375	54733408	1	0.115923	2	0.19487	0.4937	0.30298	0.18705
chr12	55916876	55916896	1	-0.110227	2	0.2345	0.47051	0.84394	0.95417
chr12	59634543	59634579	1	0.114583	2	0.38228	0.90318	0.84375	0.72917
chr12	61970201	61970302	1	0.130208	2	0.32821	0.46123	0.96875	0.83854
chr12	70192607	70192634	1	0.252778	3	0.0011146	0.0051515	0.9625	0.70972
chr12	71570407	71570463	1	0.102679	2	0.13038	0.15069	0.95833	0.85565
chr12	74754820	74754841	1	-0.112500	2	0.2345	0.15359	0.69375	0.80625
chr12	76102844	76102861	1	-0.118056	3	0.1135	0.19403	0.84028	0.95833
chr12	77726639	77726782	1	-0.133333	2	0.27863	0.4945	0.79375	0.92708
chr12	79249556	79249640	1	-0.136607	4	0.076498	0.39621	0.72485	0.86146
chr12	80263552	80263587	1	0.154018	2	0.028127	0.0059534	0.88318	0.72917
chr12	81156496	81156526	1	0.126190	2	0.082984	1	1	0.87381
chr12	81984490	81984497	1	-0.229167	2	0.082984	1	0.77083	1
chr12	83471163	83471171	1	0.135714	2	0.19487	0.1606	0.59405	0.45833
chr12	83621159	83621162	1	0.193750	2	0.1049	0.46574	0.61875	0.425
chr12	84494206	84494210	1	0.102778	2	0.19487	0.46305	0.96875	0.86597
chr12	84864121	84864138	1	-0.114583	2	0.2345	0.48044	0.83333	0.94792
chr12	85289555	85289609	1	0.139087	2	0.32821	0.48014	0.937	0.79792
chr12	85475660	85475667	1	0.428125	2	0.0001554	6.2893e-05	0.93854	0.51042
chr12	86092071	86092104	1	-0.129167	2	0.27863	0.46203	0.73125	0.86042
chr12	87862173	87862184	1	0.127119	2	0.57374	0.56128	0.77431	0.64719
chr12	87862604	87862626	1	0.105208	2	0.19487	0.54955	0.91771	0.8125
chr12	88055986	88056230	1	-0.114137	2	0.57374	0.47218	0.40074	0.51488
chr12	88649331	88649335	1	0.109375	2	0.082984	1	1	0.89062
chr12	89154749	89154758	1	-0.135417	2	0.13038	0.46152	0.83958	0.975
chr12	90737233	90737244	1	-0.108333	2	0.082984	0.15636	0.84583	0.95417
chr12	93151643	93151671	1	0.101935	2	0.19487	0.15138	0.92485	0.82292
chr12	95676717	95676761	1	0.142361	2	0.064957	0.042501	0.87153	0.72917
chr12	99248139	99248178	1	-0.230655	2	0.028127	0.041183	0.13125	0.3619
chr12	99557430	99557452	1	-0.434028	2	0.0010878	0.00088001	0.37014	0.80417
chr12	99645266	99645287	1	0.192097	2	0.010412	0.0058902	0.82887	0.63677
chr12	99645315	99645321	1	0.119296	2	0.2345	0.45469	0.81513	0.69583
chr12	100005980	100006012	1	-0.937500	2	0.0001554	1	0	0.9375
chr12	103307238	103307268	1	0.128125	2	0.38228	0.51375	0.50208	0.37396
chr12	105594564	105594593	1	0.141667	2	0.27863	0.46725	0.975	0.83333
chr12	106871697	106871707	1	-0.151786	2	0.082984	0.15501	0.6875	0.83929
chr12	108247295	108247306	1	-0.143750	2	0.082984	1	0	0.14375
chr12	108377563	108377581	1	-0.114583	2	0.13038	0.15085	0.86458	0.97917
chr12	108754107	108754109	1	0.134375	2	0.064957	0.16128	0.93333	0.79896
chr12	109258289	109258301	1	0.119949	2	0.082984	1	1	0.88005
chr12	109870548	109870569	1	-0.104167	2	0.38228	1	0.89583	1
chr12	109908771	109908809	1	0.109375	2	0.082984	1	1	0.89063
chr12	110305783	110305804	1	0.122685	3	0.078024	1	1	0.87731
chr12	111302035	111302063	0.73318	0.378646	4	4.6932e-05	6.592e-06	0.95156	0.57292
chr12	111319900	111319914	1	-0.154735	2	0.27863	0.079117	0.67292	0.82765
chr12	111990381	111990402	1	-0.464583	2	0.0006216	0.00092915	0.28542	0.75
chr12	112439742	112439757	1	-0.128125	2	0.16053	0.14905	0.80417	0.93229
chr12	112665651	112665658	1	-0.281250	2	0.037918	0.046414	0.48958	0.77083
chr12	112695888	112695923	1	0.181250	2	0.19487	0.46487	0.96875	0.7875
chr12	112999566	112999569	1	-0.135417	2	0.082984	1	0	0.13542
chr12	114299964	114299983	1	-0.385417	2	0.010412	0.034244	0.52708	0.9125
chr12	114760273	114760344	1	0.156000	2	0.13038	0.45483	0.85387	0.69787
chr12	114764613	114764615	1	-0.193552	2	0.064957	0.15176	0.63631	0.82986
chr12	114775237	114775510	1	-0.219742	2	0.13038	0.17109	0.69097	0.91071
chr12	114775827	114775829	1	0.183631	2	0.028127	0.034476	0.86607	0.68244
chr12	114777070	114777192	1	0.121701	2	0.2345	0.52036	0.73038	0.60868
chr12	114780131	114780240	1	0.160676	2	0.082984	0.1689	0.61236	0.45169
chr12	114788113	114788283	1	0.108834	2	0.19487	0.46895	0.9317	0.82286
chr12	117429437	117429454	1	-0.133333	2	0.27863	0.16976	0.58333	0.71667
chr12	118659400	118659412	1	0.223611	3	0.00020117	0.00018267	0.98611	0.7625
chr12	119555521	119555541	1	0.117907	2	0.32821	0.9466	0.64365	0.52574
chr12	119556684	119556722	1	-0.223644	2	0.028127	0.035254	0.19504	0.41868
chr13	7482421	7482518	1	-0.104688	4	0.034808	0.032786	0.83281	0.9375
chr13	9834318	9834550	0.31805	0.105852	50	2.9226e-10	2.8596e-06	0.39796	0.2921
chr13	12796921	12796975	1	0.135965	2	0.1049	0.45482	0.59375	0.45779
chr13	12809838	12809936	1	0.106168	2	0.32821	0.53997	0.82348	0.71731
chr13	12819028	12819030	1	0.135282	2	0.020668	0.0090143	0.8229	0.68762
chr13	12819030	12819032	1	-0.109127	2	0.1049	0.16434	0.80505	0.91418
chr13	12819519	12819521	1	-0.116190	2	0.13038	0.46026	0.84967	0.96586
chr13	12824706	12824813	1	0.134421	5	0.006294	0.059024	0.8802	0.74578
chr13	12839569	12839602	1	0.238242	2	0.0018648	0.0075619	0.96354	0.7253
chr13	12842762	12842939	1	-0.141533	2	0.037918	0.14682	0.72396	0.86549
chr13	12831706	12831873	1	-0.122529	2	0.049883	0.035746	0.77747	0.9
chr13	12857660	12857662	1	0.183501	2	0.0003108	0.00080824	0.90512	0.72162
chr13	12849361	12849445	1	-0.104984	2	0.014763	0.035793	0.8846	0.98958
chr13	12863682	12863684	1	-0.121801	2	0.50536	0.46636	0.37924	0.50104
chr13	12874769	12874886	1	-0.121257	2	0.38228	0.50953	0.65305	0.77431
chr13	12880210	12880466	1	-0.119958	2	0.16053	0.15802	0.72038	0.84033
chr13	12883906	12883908	1	-0.115640	2	0.049883	0.17074	0.572	0.68763
chr13	12887273	12887476	1	0.122433	3	0.1135	0.30317	0.6897	0.56727
chr13	12889208	12889364	1	0.112398	4	0.0066556	0.01084	0.97649	0.86409
chr13	12889793	12889795	1	-0.103585	2	0.049883	0.1725	0.83142	0.93501
chr13	12889819	12889864	1	-0.124303	2	0.1049	0.15967	0.77127	0.89557
chr13	12889889	12889891	1	0.160563	2	0.082984	0.15203	0.83571	0.67515
chr13	12889901	12889906	1	-0.182635	2	0.19487	0.18026	0.69716	0.87979
chr13	12894956	12895018	1	-0.183023	2	0.13038	0.1522	0.7247	0.90773
chr13	12904366	12904463	1	-0.107551	2	0.082984	0.034035	0.52561	0.63317
chr13	12859729	12859772	1	-0.108877	2	0.037918	0.036011	0.84202	0.95089
chr13	12861479	12861481	1	-0.132729	2	0.049883	0.037775	0.74256	0.87529
chr13	12862041	12862080	1	0.101057	2	0.064957	0.15173	0.98611	0.88505
chr13	12917320	12917428	1	-0.160194	2	0.1049	0.15387	0.71589	0.87608
chr13	12920816	12920970	1	-0.122173	2	0.1049	0.45695	0.72768	0.84985
chr13	12929443	12929569	1	-0.134916	2	0.32821	0.93613	0.59846	0.73337
chr13	12936497	12936499	1	-0.171576	2	0.16053	0.2801	0.51414	0.68571
chr13	12941452	12941529	1	-0.192073	2	0.27863	0.50137	0.41101	0.60308
chr13	12943933	12943935	1	0.101637	2	0.13038	0.034951	0.77262	0.67098
chr13	12965440	12965696	1	0.169665	2	0.27863	0.5201	0.92014	0.75047
chr13	12968728	12968882	1	0.157332	2	0.32821	0.50623	0.79491	0.63758
chr13	12925639	12925706	1	0.122269	2	0.004662	0.034857	0.95079	0.82852
chr13	12927950	12927989	1	-0.125419	2	0.028127	0.035428	0.8516	0.97702
chr13	16110053	16110063	1	0.137500	2	0.049883	0.039307	0.95833	0.82083
chr13	20208356	20208363	1	-0.357639	2	0.028127	0.035815	0.22361	0.58125
chr13	20410879	20410882	1	-0.166667	2	0.13038	0.45646	0.75	0.91667
chr13	20428548	20428560	1	-0.109375	2	0.57374	0.90384	0.875	0.98438
chr13	21908011	21908024	1	0.350694	2	0.037918	0.049073	0.86458	0.51389
chr13	21911179	21911183	1	0.175000	2	0.064957	0.033772	0.20625	0.03125
chr13	21914918	21914927	1	0.125000	2	0.32821	0.90308	0.16667	0.041667
chr13	22308946	22308949	1	-0.110417	2	0.064957	0.15304	0.86458	0.975
chr13	23176233	23176258	1	-0.153274	2	0.064957	0.16678	0.81548	0.96875
chr13	24035994	24035996	1	0.210227	2	0.028127	0.035326	0.95833	0.74811
chr13	24135989	24135993	1	0.104167	2	0.38228	0.9101	0.88542	0.78125
chr13	25932405	25932415	1	0.126190	2	0.082984	0.15915	0.96875	0.84256
chr13	30186148	30186193	1	0.147917	2	0.50536	0.5336	0.76667	0.61875
chr13	30974361	30974440	1	0.114583	2	0.13038	0.51189	0.13958	0.025
chr13	30978937	30979038	1	0.109127	2	0.19487	0.46869	0.97917	0.87004
chr13	30985865	30985876	1	-0.143750	2	0.19487	0.46121	0.03125	0.175
chr13	37777414	37777486	1	0.154167	2	0.049883	0.040701	0.9375	0.78333
chr13	39627336	39627379	1	0.142113	2	0.19487	0.15878	0.89062	0.74851
chr13	40723616	40723691	1	0.101042	2	0.32821	0.89982	0.23021	0.12917
chr13	40852073	40852248	1	0.116601	6	0.0022754	0.0072436	0.99479	0.87819
chr13	40891146	40891150	1	-0.548611	2	0.0001554	1	0	0.54861
chr13	41187366	41187400	1	-0.216964	2	0.064957	0.15646	0.61637	0.83333
chr13	41597570	41597580	1	-0.145833	2	0.38228	1	0.85417	1
chr13	42476831	42476858	1	0.111806	2	0.16053	0.1582	0.88472	0.77292
chr13	43643008	43643017	1	-0.108631	2	0.082984	1	0.89137	1
chr13	44582388	44582536	1	0.262500	2	0.13038	0.48303	0.52292	0.26042
chr13	45023563	45023584	1	0.205754	2	0.19487	0.54645	0.73839	0.53264
chr13	45398068	45398160	0.74541	-0.454018	4	8.6959e-06	6.702e-06	0.43438	0.88839
chr13	45869106	45869109	1	-0.135417	2	0.38228	1	0.86458	1
chr13	46877739	46877766	1	0.222222	3	0.00014422	1	1	0.77778
chr13	47288464	47288484	1	-0.154167	2	0.082984	1	0.84583	1
chr13	47942960	47942970	1	0.154762	2	0.16053	0.16639	0.83333	0.67857
chr13	48336947	48336983	1	-0.113343	2	0.1049	0.14783	0.79464	0.90799
chr13	50399954	50399958	1	0.104167	2	0.2345	0.46121	0.95833	0.85417
chr13	51400630	51400642	1	0.280952	2	0.020668	0.036456	0.47708	0.19613
chr13	51462751	51462776	1	-0.104167	2	0.32821	0.90494	0.86458	0.96875
chr13	52155151	52155168	1	0.111111	2	0.19487	1	1	0.88889
chr13	52159760	52159783	1	0.145833	2	0.082984	1	1	0.85417
chr13	52577036	52577053	1	0.108333	3	0.40951	0.81441	0.78194	0.67361
chr13	52792433	52792502	1	0.172917	2	0.4418	0.47587	0.93333	0.76042
chr13	54085676	54085680	1	0.101190	2	0.19487	1	1	0.89881
chr13	54321399	54321456	1	-0.116071	3	0.19781	0.44357	0.82282	0.93889
chr13	54625661	54625720	1	0.122024	2	0.19487	1	1	0.87798
chr13	55414949	55414971	0.29298	0.562004	4	2.4637e-06	2.6342e-06	0.73388	0.17187
chr13	55895876	55895883	1	0.173512	2	0.010412	0.0071199	0.89792	0.7244
chr13	56228204	56228319	1	-0.109524	2	0.50536	0.5031	0.49702	0.60655
chr13	56304281	56304288	1	0.222917	2	0.1049	0.14728	0.85417	0.63125
chr13	56572200	56572219	1	-0.499554	2	0.0006216	0.00098575	0.29836	0.79792
chr13	56761207	56761217	1	0.146875	2	0.13038	0.15112	0.95	0.80313
chr13	57266160	57266204	1	0.101488	2	0.64538	0.90131	0.85625	0.75476
chr13	58035579	58035601	1	-0.218750	2	0.19487	0.45718	0.14583	0.36458
chr13	59011200	59011203	1	0.220833	2	0.13038	0.45713	0.86667	0.64583
chr13	59450573	59450601	1	-0.145833	2	0.082984	1	0.85417	1
chr13	62337527	62337533	1	0.136806	2	0.16053	0.15069	0.94097	0.80417
chr13	64833998	64834027	1	0.117062	2	0.57374	0.51351	0.81141	0.69435
chr13	67776385	67776496	1	0.142857	3	0.044902	0.073371	0.8123	0.66944
chr13	68157838	68157849	1	0.114286	2	0.2345	0.46471	0.91667	0.80238
chr13	71980588	71980659	1	0.141667	2	0.2345	0.15153	0.81875	0.67708
chr13	78192829	78192997	1	0.121528	2	0.50536	0.73611	0.67014	0.54861
chr13	81475101	81475121	1	-0.125000	2	0.38228	1	0.875	1
chr13	81824532	81824557	1	0.160913	2	0.006993	1	1	0.83909
chr13	83395706	83395712	1	-0.166667	2	0.19487	1	0.83333	1
chr13	84761892	84761946	1	-0.102381	2	0.38228	0.69273	0.66548	0.76786
chr13	91444295	91444298	1	0.206101	2	0.010412	0.03402	0.88839	0.68229
chr13	95018904	95018913	1	0.122917	2	0.082984	0.1514	0.96875	0.84583
chr13	95163126	95163156	1	-0.135417	2	0.1049	0.17162	0.82292	0.95833
chr13	95456689	95456695	1	0.125000	2	0.4418	0.91904	0.95417	0.82917
chr13	96388998	96389014	1	-0.134127	3	0.19781	0.20362	0.33532	0.46944
chr13	97238299	97238307	1	0.176042	2	0.16053	0.19425	0.80833	0.63229
chr13	97688673	97688704	1	-0.155556	2	0.4418	0.45556	0.79167	0.94722
chr13	98392423	98392432	1	0.151488	2	0.4418	0.46704	0.53333	0.38185
chr13	99167077	99167173	1	0.358036	2	0.020668	0.044464	0.53661	0.17857
chr13	99630549	99630568	1	-0.166667	2	0.082984	1	0.83333	1
chr13	99740932	99740949	1	-0.125000	2	0.19487	1	0.875	1
chr13	100209029	100209087	1	-0.103125	2	0.1049	0.15148	0.86562	0.96875
chr13	100668405	100668500	1	-0.450893	4	8.8679e-05	0.00082462	0.44077	0.89167
chr13	101052235	101052286	1	0.195833	2	0.010412	0.0062355	0.975	0.77917
chr13	102647805	102647851	1	0.316667	2	0.006993	0.00095658	0.86042	0.54375
chr13	102679288	102679294	1	-0.188095	2	0.028127	0.045608	0.76905	0.95714
chr13	104581110	104581129	1	0.131944	2	0.13038	0.16022	0.98611	0.85417
chr13	104607751	104607766	1	0.135417	2	0.27863	0.46131	0.97917	0.84375
chr13	105280115	105280124	1	-0.114583	2	0.19487	1	0.88542	1
chr13	107856359	107856371	1	0.180556	2	0.014763	0.035693	0.98438	0.80382
chr13	108028117	108028165	1	-0.129167	2	0.1049	0.15739	0.79792	0.92708
chr13	109233448	109233467	1	0.180556	2	0.064957	0.15129	0.98214	0.80159
chr13	109889351	109889364	1	0.125000	2	0.19487	1	1	0.875
chr13	110008555	110008596	1	0.136458	2	0.028127	1	1	0.86354
chr13	110593358	110593404	1	0.105093	3	0.15997	0.44595	0.97222	0.86713
chr13	110930109	110930222	1	0.136310	2	0.13038	0.18293	0.98214	0.84583
chr13	111474827	111474838	1	-0.122718	2	0.028127	1	0.87728	1
chr13	112030078	112030111	1	-0.104167	2	0.38228	1	0.89583	1
chr13	113599548	113599552	1	-0.142113	2	0.082984	0.15129	0.82143	0.96354
chr13	115346942	115346950	1	-0.163233	2	0.1049	0.15156	0.51683	0.68006
chr13	115825238	115825455	1	-0.115278	3	0.19781	0.4461	0.8125	0.92778
chr13	119366312	119366365	1	0.125000	2	0.19487	1	1	0.875
chr13	119492603	119492676	1	-0.150496	2	0.13038	0.16587	0.65784	0.80833
chr13	119596357	119596359	1	0.164119	2	0.037918	0.035364	0.82196	0.65784
chr13	119599372	119599374	1	0.107754	2	0.006993	0.0056736	0.9188	0.81105
chr13	119597285	119597562	1	0.123874	2	0.049883	0.16154	0.88967	0.7658
chr13	119604441	119604443	1	0.130428	2	0.27863	0.45548	0.98355	0.85313
chr13	119611858	119611889	1	0.118343	2	0.020668	0.045134	0.98958	0.87124
chr13	119617348	119617350	1	-0.114374	2	0.1049	0.15517	0.23574	0.35012
chr13	119608722	119608794	1	0.118457	2	0.049883	0.16867	0.94687	0.82841
chr13	119616132	119616134	1	-0.106160	2	0.037918	0.1728	0.54524	0.6514
chr13	119488434	119488436	1	0.112723	2	0.037918	0.039299	0.48586	0.37314
chr14	8006061	8006092	1	-0.174834	2	0.1049	0.50879	0.18373	0.35856
chr14	8315708	8315712	1	0.129167	2	0.57374	0.76102	0.73333	0.60417
chr14	14632253	14632272	1	0.195387	2	0.13038	0.15588	0.92143	0.72604
chr14	16366709	16366738	1	-0.105952	3	0.26567	0.62531	0.2371	0.34306
chr14	17936702	17936720	1	0.129167	2	0.082984	1	1	0.87083
chr14	19416809	19416811	1	0.104275	2	0.020668	0.1559	0.90487	0.80059
chr14	19417452	19417454	1	-0.117954	2	0.13038	0.18194	0.76016	0.87812
chr14	20388163	20388207	1	0.129167	2	0.2345	0.45934	0.42708	0.29792
chr14	21053809	21053819	1	0.196429	2	0.082984	0.17361	0.91667	0.72024
chr14	21636857	21636866	1	-0.127083	2	0.082984	1	0.87292	1
chr14	21991263	21991289	1	0.526786	2	0.0018648	0.000875	0.58929	0.0625
chr14	22180726	22180760	1	-0.127976	2	0.19487	0.15789	0.83333	0.96131
chr14	25729711	25729748	1	0.109689	2	0.19487	0.18657	0.83724	0.72755
chr14	26518023	26518098	1	0.150000	2	0.16053	0.50242	0.77351	0.62351
chr14	26533017	26533071	1	0.121776	2	0.38228	0.93624	0.79018	0.6684
chr14	27006230	27006234	1	-0.240625	2	0.38228	0.56018	0.56667	0.80729
chr14	27030149	27030154	1	0.197917	2	0.006993	1	0.19792	0
chr14	29671006	29671018	1	0.176389	2	0.028127	1	1	0.82361
chr14	30255415	30255430	1	-0.236607	2	0.064957	0.15879	0.14435	0.38095
chr14	31167811	31167825	1	-0.189583	2	0.38228	0.92432	0.61458	0.80417
chr14	31601855	31601878	1	-0.156250	2	0.38228	0.46009	0.72917	0.88542
chr14	34279923	34279932	1	0.175000	2	0.028127	0.042783	0.95417	0.77917
chr14	34488413	34488434	1	0.173958	2	0.2345	0.14926	0.74167	0.56771
chr14	35027118	35027137	1	0.133929	2	0.16053	0.47006	0.91667	0.78274
chr14	40565765	40565778	1	0.195833	2	0.19487	0.47709	0.95833	0.7625
chr14	41125633	41125694	1	-0.112500	2	0.32821	0.50908	0.75	0.8625
chr14	41503204	41503228	1	0.266667	2	0.064957	0.15074	0.7875	0.52083
chr14	41716563	41716703	1	-0.110584	2	0.2345	0.14801	0.625	0.73558
chr14	41719304	41719306	1	-0.181994	2	0.049883	0.03462	0.75223	0.93423
chr14	47011150	47011160	1	-0.105357	2	0.082984	1	0.89464	1
chr14	48193366	48193428	1	0.116171	3	0.078024	1	1	0.88383
chr14	50558306	50558333	1	0.170238	4	0.097254	0.19806	0.93899	0.76875
chr14	52128645	52128648	1	-0.118750	2	0.13038	0.1551	0.86042	0.97917
chr14	53012722	53012725	1	0.102679	2	0.32821	0.50494	0.85268	0.75
chr14	54899065	54899083	1	-0.108333	2	0.27863	0.47033	0.87083	0.97917
chr14	57345448	57345455	1	0.243056	3	0.12769	0.44713	0.92361	0.68056
chr14	57744429	57744451	1	0.225595	2	0.0006216	0.00072034	0.91548	0.68988
chr14	57744452	57744483	1	0.327679	2	0.014763	0.055118	0.63333	0.30565
chr14	58614262	58614270	1	0.132440	2	0.082984	1	1	0.86756
chr14	59774827	59774830	1	0.113095	2	0.19487	0.15451	0.85714	0.74405
chr14	59882351	59882362	1	0.187500	2	0.082984	1	1	0.8125
chr14	59984270	59984355	1	0.103509	2	0.19487	0.15158	0.7363	0.63279
chr14	60372793	60372802	1	0.229167	2	0.037918	0.15901	0.875	0.64583
chr14	61363374	61363395	1	-0.275893	2	0.037918	0.053194	0.51577	0.79167
chr14	62459856	62459912	1	0.130060	2	0.19487	0.45539	0.80506	0.675
chr14	63945390	63945409	1	0.172917	2	0.27863	0.4695	0.975	0.80208
chr14	64674074	64674085	1	-0.227083	2	0.082984	0.15669	0.17292	0.4
chr14	65466367	65466374	1	0.102976	2	0.87848	0.907	0.91845	0.81548
chr14	66123313	66123329	1	0.129167	2	0.082984	1	1	0.87083
chr14	66381587	66381643	1	-0.211607	2	0.028127	1	0.78839	1
chr14	66587047	66587059	1	-0.128423	2	0.037918	0.035994	0.85595	0.98438
chr14	67611898	67611931	1	-0.145833	2	0.13038	0.16489	0.45655	0.60238
chr14	68049850	68049882	1	-0.168750	2	0.27863	0.94653	0.46042	0.62917
chr14	69757160	69757190	1	0.212202	2	0.1049	0.15554	0.6247	0.4125
chr14	70058801	70058824	1	0.108333	2	0.13038	0.16276	0.97917	0.87083
chr14	70114844	70114856	1	0.114583	2	0.38228	1	1	0.88542
chr14	70572204	70572207	1	0.125595	2	0.7209	0.45913	0.83393	0.70833
chr14	70810236	70810246	1	0.158135	2	0.049883	0.15319	0.98611	0.82798
chr14	72708668	72708691	1	-0.106250	2	0.4418	0.70629	0.40625	0.5125
chr14	72983351	72983408	1	0.291667	2	0.0010878	1	1	0.70833
chr14	74642000	74642006	1	-0.180506	2	0.082984	0.1578	0.072917	0.25342
chr14	74913500	74913507	1	-0.135417	2	0.082984	1	0.86458	1
chr14	75054812	75054823	1	0.125000	2	0.16053	0.4623	0.92708	0.80208
chr14	75659456	75659474	1	0.200000	2	0.16053	0.47856	0.95833	0.75833
chr14	75829203	75829211	1	-0.114583	2	0.32821	0.91049	0.083333	0.19792
chr14	76306645	76306684	1	-0.172024	2	0.028127	1	0.82798	1
chr14	76532956	76532971	1	0.455556	3	0.00037128	0.0023261	0.77222	0.31667
chr14	76646204	76646266	1	0.151042	2	0.064957	0.037869	0.91667	0.76563
chr14	76757663	76757666	1	-0.114583	2	0.4418	0.45549	0.51042	0.625
chr14	76895931	76896078	1	-0.102232	2	0.27863	0.48585	0.88214	0.98438
chr14	77201902	77201933	1	-0.103819	2	0.082984	0.16813	0.79618	0.9
chr14	77874090	77874154	1	-0.143750	3	0.17818	0.19907	0.68611	0.82986
chr14	77942486	77942502	1	0.145833	2	0.082984	1	1	0.85417
chr14	79234083	79234092	1	-0.127480	2	0.4418	0.90924	0.78571	0.91319
chr14	79391370	79391373	1	-0.269097	2	0.037918	0.17756	0.29792	0.56701
chr14	79720413	79720435	1	0.212500	2	0.082984	1	1	0.7875
chr14	80632692	80632700	1	-0.197917	2	0.082984	1	0.80208	1
chr14	83262289	83262297	1	-0.104167	2	0.16053	0.46121	0.875	0.97917
chr14	83948874	83948888	1	-0.127083	2	0.2345	0.47442	0.47292	0.6
chr14	90970592	90970606	1	0.104167	2	0.19487	1	1	0.89583
chr14	93707889	93707902	1	0.123214	2	0.1049	0.15736	0.95833	0.83512
chr14	97396550	97396565	1	0.134375	2	0.020668	0.037641	0.975	0.84062
chr14	98566635	98566644	1	0.125893	2	0.13038	0.15295	0.98214	0.85625
chr14	100288379	100288396	1	-0.159722	2	0.082984	1	0.84028	1
chr14	101853037	101853075	1	-0.100794	3	0.15997	1	0.89921	1
chr14	104715882	104715887	1	0.108222	2	0.1049	0.46512	0.31669	0.20847
chr14	104715956	104716001	1	0.147869	8	0.0012124	0.0025799	0.60169	0.45382
chr14	105894233	105894239	1	-0.154167	2	0.27863	0.17079	0.20833	0.3625
chr14	107311297	107311299	1	0.131250	2	0.064957	0.15642	0.95	0.81875
chr14	110473805	110473809	1	-0.133333	2	0.082984	1	0.86667	1
chr14	117866487	117866508	1	-0.513095	2	0.0006216	0.00072937	0.23899	0.75208
chr14	118132234	118132292	1	0.125913	5	0.29145	0.18243	0.25	0.12409
chr14	118589851	118589896	1	-0.102679	4	0.07044	1	0.89732	1
chr14	118751432	118751472	1	0.120833	2	0.16053	0.46208	0.975	0.85417
chr14	118799949	118799983	1	-0.137500	2	0.32821	0.90602	0.42708	0.56458
chr14	120306705	120306744	1	0.139583	2	0.19487	1	1	0.86042
chr14	121698073	121698099	1	0.360417	2	0.014763	0.036195	0.49792	0.1375
chr14	122067890	122067921	1	-0.143750	2	0.32821	0.47607	0.65	0.79375
chr14	122225159	122225211	1	0.235119	3	0.0011146	0.00043683	0.93194	0.69683
chr14	122227844	122227873	1	0.200000	2	0.1049	0.49796	0.85417	0.65417
chr14	122636454	122636547	1	0.120486	2	0.13038	0.15469	0.98438	0.86389
chr15	4006789	4006819	1	-0.133333	2	0.082984	1	0.86667	1
chr15	4798519	4798609	1	-0.247917	2	0.006993	1	0.75208	1
chr15	5026217	5026222	1	0.105655	2	0.32821	0.90734	0.95833	0.85268
chr15	5458584	5458644	1	0.115625	4	0.07044	1	1	0.88438
chr15	6580389	6580399	1	-0.125000	2	0.38228	1	0.875	1
chr15	7936758	7936771	1	0.108135	2	0.064957	0.14749	0.96429	0.85615
chr15	9001204	9001242	1	0.115079	2	0.082984	1	1	0.88492
chr15	9062799	9062890	1	0.175000	2	0.082984	1	1	0.825
chr15	12550351	12550357	1	-0.166667	2	0.13038	0.1602	0.8125	0.97917
chr15	13034443	13034472	1	-0.214211	4	0.082973	0.39785	0.6125	0.82671
chr15	15051394	15051420	1	-0.161310	2	0.19487	0.16534	0.69583	0.85714
chr15	23958804	23958812	1	-0.114583	2	0.19487	1	0.88542	1
chr15	25716063	25716085	1	0.111111	3	0.15997	1	1	0.88889
chr15	25812355	25812373	1	-0.141667	2	0.13038	0.036752	0.72083	0.8625
chr15	25812852	25812855	1	-0.131845	2	0.27863	0.4676	0.8369	0.96875
chr15	27670213	27670242	1	-0.328125	2	0.037918	0.15375	0.46354	0.79167
chr15	28083805	28083888	1	-0.123958	2	0.19487	0.15444	0.83958	0.96354
chr15	30116223	30116254	1	0.119940	2	0.19487	0.46636	0.95833	0.83839
chr15	31828924	31828959	1	0.101042	2	0.27863	0.48881	0.98438	0.88333
chr15	32291219	32291232	1	-0.104167	2	0.38228	0.90257	0.72917	0.83333
chr15	33831705	33831712	1	0.116775	2	0.50536	0.93148	0.80655	0.68977
chr15	33869762	33869865	1	0.111111	2	0.19487	1	1	0.88889
chr15	38183163	38183204	1	0.165972	2	0.27863	0.46883	0.9125	0.74653
chr15	38635221	38635275	1	0.416667	3	0.00014422	1	1	0.58333
chr15	38679606	38679649	1	0.114583	2	0.19487	1	1	0.88542
chr15	40246729	40246798	1	0.135268	2	0.2345	0.48702	0.35104	0.21577
chr15	41832149	41832155	1	-0.312500	2	0.014763	0.038929	0.025	0.3375
chr15	43888023	43888316	1	0.122917	2	0.082984	1	1	0.87708
chr15	47617374	47617383	1	-0.125000	2	0.19487	1	0.875	1
chr15	50721301	50721323	1	0.124107	2	0.1049	0.15273	0.88839	0.76429
chr15	52039873	52039887	1	0.138095	2	0.2345	0.15544	0.57083	0.43274
chr15	53554135	53554152	1	0.102778	2	0.38228	0.91366	0.96875	0.86597
chr15	53926485	53926518	1	0.150595	2	0.2345	0.48434	0.93333	0.78274
chr15	54858572	54858583	1	-0.146875	2	0.32821	0.45753	0.50938	0.65625
chr15	58034832	58034858	1	-0.174702	2	0.32821	0.46316	0.35625	0.53095
chr15	58077438	58077468	1	-0.131250	2	0.2345	0.085724	0.21875	0.35
chr15	58546178	58546196	1	0.222817	2	0.13038	0.1635	0.38095	0.15813
chr15	58573924	58573949	1	0.120833	2	0.028127	1	1	0.87917
chr15	58675353	58675360	1	-0.104167	2	0.19487	1	0.89583	1
chr15	59383565	59383590	1	-0.114583	2	0.19487	1	0.88542	1
chr15	63284943	63284971	1	0.129167	2	0.19487	1	1	0.87083
chr15	64090036	64090079	1	0.139583	2	0.064957	0.1468	0.65833	0.51875
chr15	65786091	65786109	1	-0.105357	2	0.38228	0.90609	0.80714	0.9125
chr15	71586056	71586065	1	-0.112817	2	0.064957	0.17885	0.82822	0.94104
chr15	72612008	72612032	1	-0.177083	2	0.19487	1	0.82292	1
chr15	73296660	73296673	1	-0.114583	2	0.19487	1	0.88542	1
chr15	74646830	74646837	1	-0.102083	2	0.13038	0.1551	0.85625	0.95833
chr15	75641814	75641906	1	-0.173363	2	0.4418	0.54481	0.5	0.67336
chr15	75981291	75981303	1	0.177083	2	0.16053	0.49758	0.375	0.19792
chr15	76231189	76231246	1	0.195833	4	0.07044	0.087686	0.67604	0.48021
chr15	76680868	76680935	1	0.125000	4	0.2278	1	1	0.875
chr15	78028839	78028869	1	-0.102679	3	0.1135	0.19306	0.82986	0.93254
chr15	78673198	78673209	1	0.188889	3	0.088734	0.071339	0.84722	0.65833
chr15	78842303	78842360	1	0.104167	2	0.38228	0.91915	0.22917	0.125
chr15	78999918	78999927	1	-0.208333	2	0.13038	0.0436	0.35417	0.5625
chr15	79264990	79265005	1	-0.167857	2	0.13038	0.166	0.69777	0.86562
chr15	79606247	79606352	1	0.140625	2	0.082984	1	1	0.85938
chr15	79659764	79659993	1	-0.103795	4	0.49752	0.39658	0.46979	0.57359
chr15	79936415	79936428	1	0.161458	2	0.064957	0.16772	0.96875	0.80729
chr15	82243563	82243586	1	-0.122917	2	0.57374	0.49359	0.7625	0.88542
chr15	83281482	83281532	1	0.105655	3	0.028421	0.021016	0.92361	0.81796
chr15	85488076	85488146	1	0.135417	2	0.27863	0.91495	0.89583	0.76042
chr15	85728968	85728974	1	0.125000	2	0.27863	0.47665	0.9125	0.7875
chr15	85927922	85927944	1	0.352083	2	0.082984	0.15931	0.9	0.54792
chr15	86196652	86196709	1	0.104167	2	0.38228	1	1	0.89583
chr15	87007254	87007261	1	0.145833	2	0.082984	1	1	0.85417
chr15	88400491	88400496	1	-0.152083	2	0.13038	0.46441	0.69792	0.85
chr15	89396503	89396519	1	0.125000	2	0.19487	1	1	0.875
chr15	89410103	89410115	1	-0.106548	2	0.1049	0.14951	0.8369	0.94345
chr15	89488502	89488559	1	0.143750	2	0.020668	0.035655	0.95833	0.81458
chr15	90645096	90645108	1	0.108333	3	0.1135	0.30059	0.98333	0.875
chr15	91755865	91755879	1	0.122917	2	0.19487	1	1	0.87708
chr15	92790481	92790496	1	0.104167	2	0.2345	0.46979	0.95833	0.85417
chr15	93765318	93765349	1	-0.104167	2	0.2345	0.52014	0.79792	0.90208
chr15	95075472	95075504	1	-0.111310	2	0.32821	0.49483	0.69375	0.80506
chr15	95261574	95261577	1	0.131944	2	0.082984	1	1	0.86806
chr15	96297410	96297542	1	-0.113636	2	0.1049	0.15586	0.84375	0.95739
chr15	97782260	97782279	1	0.373611	3	0.0011146	0.020831	0.80278	0.42917
chr15	98109352	98109398	1	-0.129167	3	0.26567	0.44789	0.55972	0.68889
chr15	99112941	99112945	1	0.164583	2	0.049883	0.16502	0.975	0.81042
chr15	100402495	100402499	1	-0.111111	2	0.57374	0.90308	0.875	0.98611
chr15	100494268	100494303	1	0.148016	3	0.088734	0.19723	0.8625	0.71448
chr15	100720297	100720318	1	-0.500496	3	0.0001028	0.00045511	0.12103	0.62153
chr15	100888330	100888353	1	-0.114583	2	0.38228	1	0.88542	1
chr15	101084797	101084800	1	-0.256250	2	0.020668	0.034466	0.05625	0.3125
chr15	102975422	102975426	1	0.129167	2	0.38228	0.9032	0.43333	0.30417
chr15	103294341	103294405	1	0.114087	3	0.15997	1	1	0.88591
chr15	103772458	103772540	1	-0.147561	2	0.014763	0.037561	0.7847	0.93226
chr15	103878270	103878272	1	0.147181	2	0.037918	0.035364	0.94375	0.79657
chr15	103882921	103883108	1	-0.148342	2	0.19487	0.15371	0.75312	0.90147
chr16	3126350	3126352	1	0.317758	2	0.010412	0.0066896	0.63026	0.3125
chr16	3123733	3123761	1	-0.102259	2	0.32821	0.54738	0.66843	0.77068
chr16	3139802	3139848	1	-0.170904	2	0.1049	0.14785	0.44558	0.61649
chr16	3235237	3235612	1	-0.148323	4	0.031692	0.032414	0.55285	0.70117
chr16	3241012	3241014	1	-0.138609	2	0.13038	0.16279	0.38363	0.52224
chr16	3246350	3246352	1	-0.120870	2	0.049883	0.16093	0.1766	0.29747
chr16	3249989	3250075	1	-0.192850	2	0.064957	0.14682	0.49416	0.68701
chr16	3246822	3246830	1	0.103338	4	0.24266	0.39787	0.74365	0.64031
chr16	3245167	3245246	1	-0.103724	2	0.064957	0.039018	0.87416	0.97788
chr16	3245334	3245336	1	0.161586	2	0.064957	0.043301	0.79965	0.63807
chr16	3245351	3245550	1	0.114495	2	0.0018648	0.00099752	0.97745	0.86296
chr16	3245550	3245629	1	0.101727	4	0.17484	0.39953	0.82957	0.72784
chr16	3254160	3254423	1	-0.113699	4	0.097254	0.085641	0.45556	0.56926
chr16	3255744	3255862	1	0.191475	3	0.014493	0.070257	0.75164	0.56016
chr16	3257461	3257463	1	-0.193009	2	0.020668	0.036725	0.49155	0.68456
chr16	3259375	3259377	1	0.109485	2	0.064957	0.034856	0.71194	0.60246
chr16	3262595	3262597	1	0.185279	2	0.13038	0.153	0.72426	0.53898
chr16	3265766	3265828	1	0.183257	2	0.1049	0.19508	0.80216	0.6189
chr16	3267423	3267432	1	0.101966	2	0.13038	0.56079	0.85243	0.75046
chr16	3340784	3340786	1	-0.141354	2	0.13038	0.17659	0.41458	0.55594
chr16	4514483	4514502	1	-0.239583	2	0.020668	0.034263	0.70833	0.94792
chr16	4633104	4633176	1	-0.114583	2	0.19487	0.46267	0.84375	0.95833
chr16	7693905	7693933	1	-0.104167	2	0.2345	0.46214	0.85417	0.95833
chr16	7797744	7797747	1	0.212500	2	0.049883	0.16005	0.82976	0.61726
chr16	10917062	10917112	1	0.104167	2	0.19487	1	1	0.89583
chr16	11142109	11142139	1	0.104167	2	0.38228	1	1	0.89583
chr16	11647784	11647791	1	0.135417	2	0.082984	1	1	0.86458
chr16	14678760	14678953	1	0.104167	2	0.19487	1	1	0.89583
chr16	16963574	16963605	1	0.104167	2	0.19487	1	1	0.89583
chr16	17222298	17222392	0.22813	0.156391	20	2.9799e-11	2.0511e-06	0.41391	0.25752
chr16	17222476	17222497	1	0.208908	6	0.0012067	0.017415	0.64811	0.4392
chr16	17489167	17489176	1	0.117708	2	0.16053	0.15836	0.83958	0.72188
chr16	21012677	21012720	1	0.112500	2	0.27863	0.48145	0.82917	0.71667
chr16	21299097	21299118	1	0.115213	2	0.16053	0.1604	0.95312	0.83791
chr16	21492473	21492484	1	-0.274405	2	0.1049	0.1813	0.62292	0.89732
chr16	21606948	21606958	1	-0.490625	2	0.004662	0.0065024	0.34792	0.83854
chr16	23992968	23992992	1	0.175694	3	0.014493	0.069171	0.92411	0.74841
chr16	24120949	24120974	1	0.244940	2	0.0001554	1	1	0.75506
chr16	24338521	24338543	1	0.167708	2	0.4418	0.91789	0.77708	0.60938
chr16	25448578	25448591	1	-0.250000	3	0.033241	1	0.75	1
chr16	26417989	26418013	1	0.163690	2	0.028127	1	1	0.83631
chr16	30175183	30175219	1	0.125000	2	0.38228	1	1	0.875
chr16	31122553	31122631	1	-0.540923	2	0.0029526	0.0083571	0.20536	0.74628
chr16	31139499	31139549	1	0.108631	2	0.082984	1	1	0.89137
chr16	31201760	31201793	1	-0.143750	2	0.27863	0.50843	0.64583	0.78958
chr16	33873404	33873408	1	0.233631	2	0.049883	0.15032	0.81042	0.57679
chr16	34211268	34211275	1	0.214815	3	0.020489	0.076901	0.88611	0.6713
chr16	35034269	35034279	1	-0.267127	2	0.0029526	0.0011071	0.10625	0.37338
chr16	35516507	35516539	1	0.163799	2	0.082984	0.034274	0.86042	0.69662
chr16	36761745	36761762	1	0.140625	2	0.082984	0.15094	0.96875	0.82812
chr16	36789309	36789348	1	0.101190	2	0.19487	0.47776	0.95833	0.85714
chr16	39046280	39046336	1	-0.103869	2	0.38228	0.69087	0.76667	0.87054
chr16	39197303	39197307	1	0.166667	2	0.19487	0.46156	0.95833	0.79167
chr16	42711342	42711361	1	0.104167	2	0.19487	1	1	0.89583
chr16	43993104	43993135	1	0.136607	2	0.064957	0.15088	0.975	0.83839
chr16	45569122	45569133	1	-0.112500	2	0.19487	1	0.8875	1
chr16	48801370	48801451	1	0.102381	2	0.19487	1	1	0.89762
chr16	57404760	57404794	1	0.214583	2	0.037918	0.035235	0.975	0.76042
chr16	57600148	57600187	1	0.104167	2	0.19487	1	1	0.89583
chr16	58712601	58712604	1	-0.204167	2	0.32821	0.46324	0.40833	0.6125
chr16	58896006	58896169	1	-0.125000	2	0.2345	0.47502	0.81944	0.94444
chr16	65030095	65030097	1	-0.605208	2	0.0001554	0.00079672	0.25417	0.85938
chr16	76001538	76001570	1	0.114583	2	0.19487	1	1	0.88542
chr16	76506486	76506515	1	-0.633333	2	0.0001554	0.0013535	0.26042	0.89375
chr16	76949095	76949142	1	0.111756	2	0.13038	0.16203	0.98438	0.87262
chr16	78484136	78484171	1	-0.111364	2	0.049883	0.16301	0.86364	0.975
chr16	78558931	78558952	1	0.122321	2	0.19487	0.16516	0.94375	0.82143
chr16	78637648	78637668	1	0.183333	2	0.2345	0.47222	0.95714	0.77381
chr16	82820775	82820797	1	-0.218750	2	0.082984	1	0.78125	1
chr16	84817535	84817553	1	-0.238690	2	0.082984	0.17085	0.20089	0.43958
chr16	85806721	85806729	1	-0.107386	2	0.13038	0.152	0.88125	0.98864
chr16	86276496	86276502	1	0.102976	2	0.7209	0.93553	0.625	0.52202
chr16	87661628	87661674	1	0.162798	2	0.16053	0.47929	0.45208	0.28929
chr16	87830296	87830302	1	-0.102083	2	0.32821	0.46643	0.74167	0.84375
chr16	88967241	88967245	1	-0.171875	2	0.037918	0.036049	0.8125	0.98438
chr16	89918934	89918983	1	0.215179	4	0.0032849	0.010846	0.95417	0.73899
chr16	91033896	91034036	1	0.118750	2	0.082984	1	1	0.88125
chr16	91156745	91156756	1	0.183333	2	0.020668	0.0060389	0.80208	0.61875
chr16	91690026	91690050	1	-0.147321	2	0.38228	0.92259	0.26935	0.41667
chr16	91790459	91790476	1	-0.210417	2	0.064957	0.033902	0.091667	0.30208
chr16	92599612	92599620	1	0.184028	2	0.049883	0.036908	0.90278	0.71875
chr16	92709799	92709842	1	-0.100000	2	0.27863	0.46782	0.8875	0.9875
chr16	92709966	92710035	1	0.187351	2	0.0029526	0.0064814	0.94568	0.75833
chr16	92712550	92712581	1	0.124306	2	0.16053	0.46338	0.975	0.85069
chr16	93109895	93109898	1	0.354018	2	0.0018648	0.00073742	0.48333	0.12932
chr16	93942946	93943009	1	0.117708	2	0.19487	0.16463	0.89062	0.77292
chr16	93992984	93993086	1	0.135498	2	0.082984	0.15838	0.8983	0.7628
chr16	94295729	94295931	1	0.138244	2	0.1049	0.1551	0.88542	0.74717
chr16	94618873	94618877	1	-0.104167	2	0.2345	0.034935	0.74375	0.84792
chr16	94731246	94731253	1	0.102083	2	0.38228	0.29803	0.5	0.39792
chr16	95648935	95648946	1	-0.105903	2	0.19487	0.47445	0.85243	0.95833
chr17	3080716	3080718	1	-0.129927	2	0.049883	0.14738	0.52843	0.65836
chr17	3080780	3080782	1	-0.200101	2	0.0010878	0.0059365	0.69892	0.89902
chr17	3081478	3081480	1	-0.113568	2	0.020668	0.035003	0.75756	0.87113
chr17	3081541	3081543	1	-0.233716	2	0.0001554	7.2365e-05	0.46632	0.70004
chr17	3079368	3079415	1	-0.203781	5	0.00096647	0.00047882	0.58861	0.79239
chr17	3079538	3079564	0.03277	-0.281415	6	1.6065e-08	2.9463e-07	0.53085	0.81227
chr17	3079696	3079705	1	-0.165749	2	0.028127	0.034108	0.67852	0.84427
chr17	3082529	3082531	1	-0.220308	2	0.0001554	0.00073018	0.60627	0.82658
chr17	3082608	3082610	1	-0.103947	2	0.1049	0.14861	0.62313	0.72708
chr17	3276395	3276401	1	0.104167	2	0.19487	1	1	0.89583
chr17	3570707	3570903	1	-0.102282	2	0.38228	0.53102	0.47411	0.57639
chr17	5199315	5199341	1	-0.349107	2	0.028127	0.048586	0.59673	0.94583
chr17	7139251	7139255	1	0.178125	2	0.064957	0.1507	0.975	0.79688
chr17	7139271	7139287	1	0.104167	2	0.082984	1	1	0.89583
chr17	7774468	7774649	1	-0.116667	2	0.57374	0.91106	0.84167	0.95833
chr17	7801443	7801593	1	0.104167	2	0.19487	1	1	0.89583
chr17	7884835	7884840	1	-0.393452	2	0.0003108	0.00070909	0.39583	0.78929
chr17	8281041	8281088	1	-0.125000	2	0.19487	1	0.875	1
chr17	9030482	9030492	1	0.143750	2	0.7209	0.46949	0.79375	0.65
chr17	11082509	11082554	1	0.153274	2	0.2345	0.46951	0.9375	0.78423
chr17	11435797	11435802	1	0.206250	2	0.010412	0.0060795	0.88125	0.675
chr17	11763986	11764025	1	-0.114583	2	0.19487	0.47158	0.84375	0.95833
chr17	12672730	12672738	1	-0.151190	2	0.16053	0.1772	0.11667	0.26786
chr17	12841591	12841606	1	0.111607	2	0.082984	1	1	0.88839
chr17	13180422	13180604	1	-0.121673	2	0.064957	0.15234	0.86444	0.98611
chr17	13191413	13191415	1	-0.131602	2	0.020668	0.042033	0.83422	0.96582
chr17	13191447	13191702	1	0.191717	2	0.037918	0.033859	0.88229	0.69057
chr17	13195367	13195369	1	0.149642	2	0.049883	0.15682	0.94792	0.79827
chr17	13206115	13206158	1	0.111686	2	0.2345	0.16721	0.80398	0.6923
chr17	13214071	13214299	1	-0.106723	4	0.097254	0.19669	0.83681	0.94353
chr17	13215352	13215499	1	0.103034	2	0.4418	0.55977	0.70045	0.59741
chr17	13219328	13219330	1	-0.106595	2	0.1049	0.14957	0.77008	0.87667
chr17	13225135	13225251	1	0.160744	2	0.049883	0.15124	0.8819	0.72116
chr17	13228111	13228374	1	-0.123004	2	0.27863	0.92412	0.64978	0.77278
chr17	13234371	13234373	1	0.132315	2	0.049883	0.03457	0.82785	0.69554
chr17	13235238	13235240	1	-0.178601	2	0.064957	0.14726	0.52381	0.70241
chr17	13238337	13238462	1	-0.125550	2	0.082984	0.039524	0.77028	0.89583
chr17	13241499	13241501	1	0.104903	2	0.2345	0.45951	0.8672	0.7623
chr17	13251285	13251552	1	-0.104349	3	0.1135	0.44481	0.78333	0.88768
chr17	13312151	13312323	1	-0.125514	2	0.16053	0.49066	0.7108	0.83631
chr17	13316305	13316307	1	0.148467	2	0.037918	0.034764	0.88285	0.73439
chr17	13326054	13326280	1	-0.137910	2	0.2345	0.16576	0.67222	0.81013
chr17	13334131	13334208	1	-0.187703	2	0.1049	0.16622	0.60099	0.78869
chr17	13345660	13345738	1	-0.174330	2	0.082984	0.039946	0.70671	0.88104
chr17	13342899	13342960	1	0.121875	2	0.037918	0.035267	0.9625	0.84063
chr17	13349220	13349283	1	-0.171875	2	0.1049	0.20339	0.65342	0.8253
chr17	13351243	13351245	1	0.109375	2	0.049883	0.1479	0.96071	0.85134
chr17	13353394	13353403	1	0.157461	2	0.082984	0.15842	0.95106	0.7936
chr17	13362400	13362402	1	0.129960	2	0.028127	1	1	0.87004
chr17	13365450	13365462	1	0.110606	2	0.19487	0.46135	0.97727	0.86667
chr17	13368865	13368890	1	-0.101732	4	0.20005	0.68267	0.8744	0.97614
chr17	13373265	13373289	1	0.175514	2	0.0018648	0.0062204	0.98214	0.80663
chr17	13397555	13397829	1	0.113759	4	0.028819	0.032358	0.92539	0.81163
chr17	13399271	13399336	1	0.137061	2	0.010412	0.037	0.89722	0.76016
chr17	13406850	13407031	1	0.103007	2	0.1049	0.16636	0.96364	0.86063
chr17	13424215	13424362	1	0.193039	2	0.1049	0.16095	0.95202	0.75898
chr17	13543804	13543890	1	0.167915	2	0.037918	0.03659	0.36571	0.19779
chr17	13547386	13547388	1	-0.122344	2	0.049883	0.037364	0.62777	0.75011
chr17	13548666	13548668	1	-0.126826	2	0.16053	0.5106	0.46774	0.59457
chr17	13549220	13549222	1	-0.238688	2	0.028127	0.15108	0.47559	0.71428
chr17	13550005	13550112	1	0.131802	2	0.13038	0.14867	0.9349	0.80309
chr17	13550461	13550502	1	0.346136	2	0.0001554	6.018e-05	0.48585	0.13971
chr17	15500518	15500551	1	0.126860	4	0.18713	0.40245	0.23229	0.10543
chr17	15718977	15718992	1	-0.125000	2	0.19487	1	0.875	1
chr17	15737687	15737694	1	-0.114583	2	0.19487	1	0.88542	1
chr17	22321782	22321801	1	-0.133333	2	0.13038	0.15108	0.84583	0.97917
chr17	23698865	23698909	1	0.171875	2	0.082984	1	1	0.82812
chr17	24223119	24223136	1	0.105556	2	0.38228	1	1	0.89444
chr17	24584790	24584832	1	0.172917	2	0.27863	0.90417	0.94375	0.77083
chr17	25699887	25699906	1	-0.234848	2	0.082984	0.20109	0.64015	0.875
chr17	26432018	26432047	1	0.107143	5	0.0068303	1	1	0.89286
chr17	27106970	27106976	1	0.106250	2	0.082984	1	1	0.89375
chr17	28096483	28096490	1	-0.521429	2	0.0001554	1	0	0.52143
chr17	28158831	28158858	1	0.191667	2	0.13038	0.51022	0.92708	0.73542
chr17	28934462	28934476	1	-0.231250	2	0.037918	0.037136	0.425	0.65625
chr17	29101237	29101353	1	0.108433	6	0.037289	0.017328	0.82519	0.71676
chr17	29842332	29842340	1	-0.204167	2	0.049883	0.16702	0.025	0.22917
chr17	29926116	29926125	1	0.225298	2	0.049883	0.16156	0.88304	0.65774
chr17	30157278	30157322	1	0.181250	2	0.028127	1	1	0.81875
chr17	30871189	30871202	1	-0.120486	2	0.38228	0.15372	0.46875	0.58924
chr17	31281495	31281648	1	0.197917	2	0.16053	0.48213	0.95833	0.76042
chr17	31887150	31887193	1	0.120238	2	0.082984	1	1	0.87976
chr17	32026456	32026492	1	-0.103423	2	0.4418	0.47178	0.8631	0.96652
chr17	32416042	32416087	1	0.114583	4	0.07044	1	1	0.88542
chr17	32483141	32483175	1	0.368750	3	0.002914	0.0051522	0.53333	0.16458
chr17	34598557	34598573	1	0.181944	3	0.017271	0.070009	0.86111	0.67917
chr17	35080189	35080210	1	0.135417	2	0.13038	0.15068	0.96875	0.83333
chr17	35420831	35421070	1	-0.135863	2	0.32821	0.56306	0.47247	0.60833
chr17	35440052	35440474	0.0074006	0.369413	13	7.3127e-11	6.6539e-08	0.84715	0.47773
chr17	35445942	35445963	1	0.161029	2	0.049883	0.034597	0.91538	0.75436
chr17	35445963	35445971	1	0.151042	2	0.16053	0.46186	0.97917	0.82812
chr17	35446021	35446028	1	-0.175000	2	0.028127	0.037629	0.78125	0.95625
chr17	35941718	35941751	1	-0.227674	2	0.1049	0.055026	0.41394	0.64161
chr17	36075839	36075948	1	-0.170899	3	0.028421	0.12389	0.65602	0.82692
chr17	36226825	36226828	1	-0.119048	2	0.064957	0.15075	0.86012	0.97917
chr17	36657346	36657512	1	0.120833	2	0.38228	0.51881	0.76667	0.64583
chr17	40834000	40834008	1	0.122024	2	0.19487	0.46317	0.95833	0.83631
chr17	41882447	41882474	1	-0.180952	2	0.014763	0.0070782	0.78333	0.96429
chr17	44066064	44066126	1	-0.212500	2	0.27863	0.2002	0.375	0.5875
chr17	44778223	44778229	1	0.125000	2	0.19487	0.16007	0.90625	0.78125
chr17	46013663	46013785	1	0.128825	9	0.0036647	0.0059804	0.84443	0.71561
chr17	46265889	46265896	1	-0.260417	2	0.010412	0.0060659	0.70833	0.96875
chr17	46266028	46266040	1	0.281250	2	0.082984	0.1837	0.34375	0.0625
chr17	46346362	46346423	1	-0.169653	2	0.037918	0.17803	0.75743	0.92708
chr17	46621630	46621638	1	-0.155258	3	0.0018298	0.00019075	0.76488	0.92014
chr17	46875833	46875871	1	0.216071	2	0.037918	0.043108	0.975	0.75893
chr17	47794443	47794481	1	0.209226	2	0.037918	0.042342	0.98214	0.77292
chr17	47973553	47973609	1	0.124074	3	0.67066	0.80416	0.78241	0.65833
chr17	49458557	49458583	1	-0.135417	2	0.1049	0.15057	0.79792	0.93333
chr17	49761700	49761713	1	-0.138645	2	0.2345	0.152	0.70064	0.83929
chr17	50292436	50292452	1	0.191071	2	0.049883	0.018909	0.87187	0.6808
chr17	51729717	51729736	1	0.129464	2	0.19487	1	1	0.87054
chr17	55358578	55358593	1	0.125000	2	0.38228	1	1	0.875
chr17	55956206	55956224	1	0.220238	4	0.028819	0.085119	0.97917	0.75893
chr17	39843598	39843600	1	0.176408	2	0.0001554	0.0012905	0.47017	0.29376
chr17	56606007	56606026	1	0.115625	2	0.19487	0.15318	0.95937	0.84375
chr17	59298181	59298212	1	-0.380456	3	3.3282e-05	0.00018505	0.53413	0.91458
chr17	62654483	62654502	1	0.114583	2	0.16053	0.47676	0.96875	0.85417
chr17	66512795	66512823	1	-0.161756	4	0.028819	0.19643	0.090625	0.25238
chr17	68921669	68921703	1	0.143056	2	0.50536	0.94099	0.70556	0.5625
chr17	70089759	70089806	1	0.153477	2	0.1049	0.18102	0.90208	0.74861
chr17	70794514	70794532	1	0.292262	2	0.020668	0.045416	0.89435	0.60208
chr17	71089425	71089522	1	-0.180556	3	0.068361	0.12002	0.75139	0.93194
chr17	72095255	72095271	1	-0.133333	2	0.19487	1	0.86667	1
chr17	75437426	75437436	1	0.138988	2	0.19487	0.044938	0.35774	0.21875
chr17	78246597	78246626	1	0.107440	2	0.4418	0.50944	0.78958	0.68214
chr17	79178533	79178570	1	-0.110417	2	0.64538	0.91719	0.8125	0.92292
chr17	83045647	83045817	1	-0.114583	2	0.32821	0.47064	0.86756	0.98214
chr17	84270164	84270180	1	-0.104167	2	0.2345	0.48472	0.84375	0.94792
chr17	84596534	84596577	1	0.143750	4	0.021504	0.032428	0.93021	0.78646
chr17	85059801	85059808	1	0.131250	2	0.049883	0.15459	0.98214	0.85089
chr17	85135200	85135237	1	-0.122917	2	0.16053	0.47742	0.84583	0.96875
chr17	85534814	85534824	1	-0.125000	2	0.13038	0.1512	0.85417	0.97917
chr17	87227763	87227775	1	-0.122024	2	0.16053	0.46842	0.85714	0.97917
chr17	87490629	87490637	1	0.160714	2	0.19487	1	1	0.83929
chr17	88404901	88404930	1	0.150000	2	0.028127	1	0.15	0
chr17	88600695	88600706	1	0.115575	2	0.32821	0.46809	0.48512	0.36954
chr17	88750030	88750072	1	0.144643	3	0.0036366	1	1	0.85536
chr17	88894438	88894450	1	0.150000	2	0.19487	0.47235	0.95833	0.80833
chr18	3004806	3004869	1	0.126537	2	0.2345	0.53527	0.51	0.38346
chr18	3008923	3008935	1	-0.118219	4	0.0032849	0.0031973	0.8202	0.93842
chr18	3012252	3012254	1	0.164950	2	0.064957	0.15691	0.7895	0.62455
chr18	3017775	3017911	1	-0.127579	2	0.16053	0.46945	0.67798	0.80556
chr18	3039540	3039543	1	-0.122545	2	0.19487	0.47485	0.83839	0.96094
chr18	3040981	3041279	1	-0.124405	2	0.2345	0.46365	0.6875	0.8119
chr18	3066224	3066241	1	-0.165625	2	0.27863	0.51438	0.62083	0.78646
chr18	4076550	4076554	1	0.115179	2	0.57374	0.94355	0.84018	0.725
chr18	6703037	6703088	1	0.120536	2	0.38228	0.91818	0.79762	0.67708
chr18	6940186	6940232	1	0.143750	2	0.2345	0.17089	0.9375	0.79375
chr18	11538702	11538867	1	0.139881	2	0.082984	1	1	0.86012
chr18	13888863	13888909	1	-0.114286	2	0.4418	0.92465	0.71071	0.825
chr18	14417314	14417343	1	0.118750	2	0.13038	0.15168	0.97917	0.86042
chr18	14782370	14782398	1	-0.404167	2	0.004662	0.0059654	0.041667	0.44583
chr18	17241649	17241681	1	-0.333333	2	0.020668	0.0067324	0.60417	0.9375
chr18	23739346	23739445	1	0.145833	2	0.082984	1	1	0.85417
chr18	24402067	24402193	1	-0.116667	2	0.32821	0.28481	0.35417	0.47083
chr18	24671738	24671741	1	-0.129167	2	0.064957	0.15209	0.84583	0.975
chr18	30973457	30973546	1	-0.141910	2	0.13038	0.15519	0.84673	0.98864
chr18	32817904	32817915	1	-0.409375	2	0.010412	0.041919	0.43958	0.84896
chr18	33162580	33162606	1	-0.199405	2	0.028127	1	0.8006	1
chr18	33236179	33236190	1	0.149306	2	0.27863	0.50161	0.73958	0.59028
chr18	34863321	34863336	1	0.291220	2	0.0010878	0.00079288	0.975	0.68378
chr18	35493754	35493795	1	0.101389	3	0.10053	0.19847	0.97222	0.87083
chr18	37112550	37112634	1	0.237996	2	0.082984	0.15261	0.84464	0.60665
chr18	37711270	37711288	1	-0.104167	2	0.19487	1	0.89583	1
chr18	38350545	38350559	1	-0.187500	2	0.16053	0.14955	0.55	0.7375
chr18	38795838	38795848	1	0.104167	2	0.4418	0.90419	0.42083	0.31667
chr18	39392229	39392259	1	0.131250	2	0.082984	0.14689	0.95417	0.82292
chr18	43146637	43146658	1	-0.150298	2	0.006993	1	0.8497	1
chr18	44410229	44410253	1	0.301736	2	0.010412	0.0066916	0.89757	0.59583
chr18	45631302	45631338	1	0.152083	2	0.082984	0.16904	0.91875	0.76667
chr18	47881816	47881850	1	-0.114583	2	0.19487	1	0.88542	1
chr18	48169160	48169186	1	0.114583	2	0.27863	0.4573	0.9375	0.82292
chr18	53424684	53424734	1	0.273016	3	0.00065603	0.0023369	0.81587	0.54286
chr18	53424835	53424900	1	0.189385	2	0.16053	0.46875	0.91319	0.72381
chr18	53524486	53524600	1	0.139881	2	0.27863	0.47262	0.66667	0.52679
chr18	53877844	53877858	1	-0.443750	2	0.010412	0.042958	0.275	0.71875
chr18	55133427	55133430	1	-0.178571	2	0.16053	0.51709	0.64583	0.8244
chr18	56572685	56572695	1	0.210417	2	0.006993	1	0.21042	0
chr18	56721266	56721307	1	0.142708	2	0.049883	0.15668	0.95	0.80729
chr18	56760618	56760629	1	0.294940	2	0.028127	0.035717	0.49286	0.19792
chr18	59232543	59232556	1	0.114583	2	0.19487	1	1	0.88542
chr18	60783188	60783271	1	0.298611	3	0.0055596	0.0052579	0.74167	0.44306
chr18	60910061	60910309	1	0.109921	3	0.078024	1	1	0.89008
chr18	60913712	60913781	1	0.108333	2	0.082984	1	1	0.89167
chr18	61498792	61498853	1	0.159821	2	0.19487	0.1912	0.87798	0.71815
chr18	62046938	62047016	1	0.252083	2	0.064957	0.036785	0.59583	0.34375
chr18	62177653	62177666	1	-0.599405	2	0.0003108	0.00091809	0.24226	0.84167
chr18	62732888	62732893	1	-0.114583	2	0.19487	1	0.88542	1
chr18	62838712	62838739	1	0.160417	2	0.006993	1	1	0.83958
chr18	63387577	63387603	1	0.122917	2	0.32821	0.49621	0.7	0.57708
chr18	64500446	64500456	1	-0.110417	2	0.2345	0.46969	0.82292	0.93333
chr18	64672243	64672270	1	-0.166667	2	0.2345	0.54765	0.6625	0.82917
chr18	65836510	65836513	1	0.151190	2	0.082984	1	1	0.84881
chr18	66269556	66269576	1	0.250000	2	0.028127	0.0074356	0.45833	0.20833
chr18	66475953	66476221	1	0.386161	2	0.014763	0.0074337	0.92262	0.53646
chr18	66807212	66807257	1	-0.121429	3	0.14317	0.19781	0.53194	0.65337
chr18	68264627	68264655	1	0.125000	4	0.32713	0.68221	0.98958	0.86458
chr18	68692262	68692305	1	0.163584	4	0.026172	0.086009	0.49869	0.3351
chr18	69085058	69085067	1	-0.100000	2	0.38228	1	0	0.1
chr18	69387596	69387631	1	0.188839	2	0.1049	0.17047	0.80833	0.61949
chr18	70628534	70628540	1	0.150000	2	0.028127	1	1	0.85
chr18	72772108	72772133	1	-0.155469	3	0.038721	0.11897	0.81861	0.97407
chr18	73111383	73111481	1	0.122659	2	0.38228	0.95155	0.59241	0.46975
chr18	75372257	75372312	1	-0.157639	2	0.32821	0.51488	0.33542	0.49306
chr18	76145822	76145846	1	-0.218601	2	0.049883	0.15355	0.53646	0.75506
chr18	76145847	76145853	1	-0.151042	2	0.028127	0.034201	0.72396	0.875
chr18	77192639	77192641	1	0.130208	2	0.082984	1	1	0.86979
chr18	77835232	77835237	1	0.127976	2	0.13038	0.16022	0.98214	0.85417
chr18	78237262	78237275	1	0.104167	3	0.15997	1	1	0.89583
chr18	80176154	80176190	1	-0.133013	2	0.13038	0.15543	0.80449	0.9375
chr18	80197993	80198018	1	0.140774	2	0.006993	1	1	0.85923
chr18	80990858	80990876	1	0.100000	2	0.16053	0.51039	0.125	0.025
chr18	81148815	81148829	1	0.177083	2	0.028127	1	1	0.82292
chr18	82164927	82165155	1	0.145536	2	0.19487	0.16515	0.82054	0.675
chr18	82167610	82167649	1	-0.132166	2	0.1049	0.15836	0.62197	0.75414
chr18	82167976	82168126	1	0.110011	2	0.50536	0.16037	0.67708	0.56707
chr18	82168787	82169057	1	-0.256548	2	0.049883	0.18745	0.47054	0.72708
chr18	82535251	82535262	1	-0.289583	2	0.049883	0.15193	0.28333	0.57292
chr18	84070911	84070922	1	0.196478	2	0.082984	0.19174	0.89167	0.69519
chr18	84089518	84089549	1	0.255159	3	0.024184	0.071975	0.68194	0.42679
chr18	85325225	85325229	1	0.106399	2	0.50536	0.91713	0.96354	0.85714
chr18	86957938	86957988	1	0.105208	2	0.27863	0.29557	0.88021	0.775
chr18	88341920	88342132	1	-0.104167	2	0.16053	0.47502	0.86458	0.96875
chr18	89143928	89143945	1	0.193750	2	0.010412	0.0063744	0.975	0.78125
chr18	89265395	89265422	1	0.108333	2	0.16053	0.46287	0.96875	0.86042
chr19	3155769	3155811	1	0.113889	3	0.051865	0.19469	0.98611	0.87222
chr19	3533424	3533430	1	-0.146429	2	0.32821	0.16614	0.70833	0.85476
chr19	4112820	4112844	1	0.175000	2	0.19487	1	1	0.825
chr19	4426120	4426124	1	-0.131250	2	0.13038	0.16946	0.78542	0.91667
chr19	4478067	4478093	1	0.134722	3	0.028421	0.021442	0.2875	0.15278
chr19	4570428	4570435	1	-0.200000	2	0.13038	0.49533	0.775	0.975
chr19	4741525	4741603	1	-0.106101	2	0.2345	0.5008	0.7875	0.8936
chr19	4787893	4787909	1	0.119048	2	0.19487	1	1	0.88095
chr19	4787910	4787916	1	-0.118750	2	0.082984	1	0.88125	1
chr19	5306921	5306924	1	0.182418	2	0.16053	0.51467	0.85565	0.67324
chr19	5436231	5436277	1	0.111310	2	0.13038	0.15817	0.98214	0.87083
chr19	5636348	5636592	1	-0.252593	6	0.0010435	0.0067327	0.43705	0.68965
chr19	5716447	5716453	1	0.207440	2	0.004662	0.0059587	0.96875	0.76131
chr19	5979419	5979467	1	-0.114286	2	0.16053	0.45983	0.825	0.93929
chr19	6370114	6370153	1	-0.301852	3	0.010045	0.0054608	0.61389	0.91574
chr19	6405846	6405923	1	0.102679	2	0.19487	1	1	0.89732
chr19	6855483	6855552	1	0.377976	4	0.00019057	0.00041034	0.85938	0.4814
chr19	7317860	7317929	1	-0.134997	2	0.38228	0.51379	0.71131	0.84631
chr19	8871070	8871073	1	-0.120833	2	0.4418	0.4604	0.36042	0.48125
chr19	10100598	10100603	1	0.270833	2	0.028127	1	0.27083	0
chr19	10578061	10578065	1	-0.217361	2	0.037918	0.0058196	0.19167	0.40903
chr19	10604339	10604426	1	0.123016	3	0.033241	1	1	0.87698
chr19	10940345	10940358	1	0.172024	2	0.32821	0.15258	0.66667	0.49464
chr19	10940360	10940503	1	0.104266	2	0.64538	0.49958	0.39583	0.29157
chr19	11741435	11741441	1	0.112500	2	0.082984	1	1	0.8875
chr19	16462631	16462694	1	0.116071	2	0.028127	1	1	0.88393
chr19	18212966	18213026	1	0.158631	2	0.13038	0.16203	0.97917	0.82054
chr19	21066737	21066915	1	0.105655	2	0.32821	0.92682	0.9375	0.83185
chr19	26508448	26508526	1	-0.114583	2	0.16053	0.46121	0.85417	0.96875
chr19	27553627	27553647	1	0.129266	2	0.2345	0.47749	0.91944	0.79018
chr19	28425377	28425395	1	0.168254	2	0.2345	0.90922	0.52083	0.35258
chr19	29807052	29807067	1	-0.237500	2	0.082984	0.16167	0.52917	0.76667
chr19	30427240	30427267	1	0.167113	2	0.32821	0.47837	0.63438	0.46726
chr19	30514641	30514670	1	0.103571	2	0.082984	1	1	0.89643
chr19	31891117	31891243	1	-0.114583	2	0.19487	1	0.88542	1
chr19	32411949	32412067	1	0.127083	4	0.012866	0.032361	0.9875	0.86042
chr19	32604337	32604451	1	0.293750	2	0.1049	0.16652	0.75	0.45625
chr19	33684138	33684276	1	-0.108333	2	0.19487	1	0.89167	1
chr19	34585672	34585679	1	-0.168304	2	0.27863	0.52343	0.62812	0.79643
chr19	34753395	34753468	1	0.207887	2	0.049883	0.034574	0.79643	0.58854
chr19	36822071	36822099	1	0.122470	2	0.13038	0.16352	0.98438	0.8619
chr19	36928716	36928719	1	0.156250	2	0.082984	1	1	0.84375
chr19	37054264	37054274	1	-0.104663	2	0.064957	0.15376	0.8745	0.97917
chr19	37192935	37192949	1	-0.179613	2	0.082984	0.17418	0.69122	0.87083
chr19	39263378	39263431	1	0.129848	2	0.0018648	0.00093687	0.98257	0.85272
chr19	39259898	39260069	1	-0.145875	2	0.010412	0.04098	0.78154	0.92741
chr19	39353513	39353515	1	-0.130584	2	0.32821	0.45774	0.63024	0.76083
chr19	39354844	39354925	1	-0.160461	2	0.064957	0.15263	0.78397	0.94443
chr19	40147007	40147054	1	0.215833	5	0.0022382	0.0054868	0.97333	0.7575
chr19	41416161	41416187	1	0.101389	2	0.082984	1	1	0.89861
chr19	41639675	41639687	1	0.128125	2	0.020668	0.035767	0.975	0.84687
chr19	41983362	41983403	1	0.239583	2	0.1049	0.5029	0.90208	0.6625
chr19	42433217	42433236	1	-0.197917	2	0.049883	0.14671	0.50625	0.70417
chr19	44074499	44074507	1	-0.118056	2	0.19487	1	0.88194	1
chr19	44230382	44230388	1	-0.316667	2	0.049883	0.14888	0.45417	0.77083
chr19	44449311	44449358	1	0.155208	2	0.13038	0.15185	0.98438	0.82917
chr19	44517447	44517476	1	0.166667	2	0.1049	0.14852	0.91667	0.75
chr19	45067560	45067600	1	0.126637	2	0.38228	0.9185	0.87143	0.74479
chr19	45579047	45579202	1	0.118750	2	0.19487	0.47019	0.95833	0.83958
chr19	46208466	46208490	1	0.101096	4	0.034808	1	1	0.8989
chr19	46454814	46454823	1	0.108333	2	0.19487	1	0.10833	0
chr19	46578422	46578444	1	-0.125813	2	0.1049	0.14965	0.74919	0.875
chr19	46617758	46617771	1	0.101190	2	0.38228	0.91262	0.95833	0.85714
chr19	46868279	46868296	1	0.145833	2	0.19487	1	1	0.85417
chr19	47297308	47297315	1	0.297917	2	0.049883	0.14812	0.75833	0.46042
chr19	47620654	47620712	1	0.117535	4	0.014294	0.032451	0.99219	0.87465
chr19	47694599	47694661	1	-0.212946	4	0.04577	0.39819	0.45833	0.67128
chr19	47972387	47972402	1	-0.102679	2	0.50536	0.90902	0.84375	0.94643
chr19	51157216	51157473	1	0.110417	2	0.32821	0.91348	0.93333	0.82292
chr19	52724124	52724243	1	0.117560	2	0.1049	0.052486	0.91964	0.80208
chr19	52836788	52836883	1	-0.109226	2	0.27863	0.50583	0.79792	0.90714
chr19	53039557	53039572	1	0.135417	2	0.082984	1	1	0.86458
chr19	53394692	53394697	1	-0.177083	2	0.13038	0.15161	0.03125	0.20833
chr19	53626834	53626866	1	-0.125000	2	0.19487	1	0.875	1
chr19	56152660	56152672	1	-0.260516	2	0.006993	0.0062198	0.65417	0.91468
chr19	56465227	56465232	1	0.106250	2	0.19487	1	1	0.89375
chr19	56757602	56757611	1	0.114583	2	0.19487	1	1	0.88542
chr19	56776815	56776829	1	-0.116964	2	0.13038	0.03693	0.62887	0.74583
chr19	56806003	56806044	1	0.109375	2	0.27863	0.46725	0.98438	0.875
chr19	56848299	56848336	1	-0.107282	2	0.16053	0.14854	0.48091	0.58819
chr2	4153661	4153691	1	-0.137500	2	0.13038	0.15909	0.072917	0.21042
chr2	7609077	7609088	1	0.125000	2	0.19487	1	1	0.875
chr2	11100080	11100085	1	0.197917	2	0.1049	0.15189	0.9375	0.73958
chr2	11336408	11336414	1	0.145833	2	0.082984	1	0.14583	0
chr2	11446301	11446303	1	0.102083	2	0.2345	0.45655	0.94792	0.84583
chr2	11717662	11717683	1	0.157440	2	0.028127	1	1	0.84256
chr2	13207809	13207918	1	0.108333	2	0.19487	1	1	0.89167
chr2	13335745	13335764	1	0.198958	2	0.049883	0.16453	0.975	0.77604
chr2	14040425	14040435	1	0.100694	2	0.19487	1	1	0.89931
chr2	15481812	15481854	1	0.159722	2	0.028127	1	1	0.84028
chr2	17852791	17852900	1	0.289881	2	0.0001554	0.00076882	0.975	0.68512
chr2	18442181	18442185	1	-0.244048	2	0.13038	0.038664	0.47917	0.72321
chr2	18627593	18627598	1	0.128110	2	0.16053	0.27484	0.24493	0.11682
chr2	20643676	20643696	1	0.128423	2	0.049883	0.037347	0.9375	0.80908
chr2	22305108	22305135	1	0.114583	2	0.19487	1	1	0.88542
chr2	22651979	22651985	1	0.151042	2	0.082984	0.15016	0.95312	0.80208
chr2	23543925	23543996	1	0.111111	2	0.27863	0.46373	0.98611	0.875
chr2	25152369	25152406	1	0.118750	2	0.082984	1	1	0.88125
chr2	27496527	27496542	1	0.177083	2	0.16053	0.14673	0.875	0.69792
chr2	27588233	27588249	1	0.116667	2	0.38228	0.48849	0.69792	0.58125
chr2	28493190	28493215	1	0.111310	2	0.13038	0.15222	0.98214	0.87083
chr2	29255007	29255026	1	0.214583	2	0.082984	0.042373	0.83125	0.61667
chr2	29856800	29856806	1	0.346131	2	0.014763	0.005636	0.82083	0.4747
chr2	29856808	29856817	1	-0.270536	2	0.082984	0.17461	0.39167	0.6622
chr2	30178810	30178860	1	-0.149653	4	0.082973	0.19778	0.24618	0.39583
chr2	31741625	31741629	1	0.103125	2	0.19487	0.48024	0.96875	0.86562
chr2	31813140	31813148	1	0.159722	2	0.014763	0.041359	0.97917	0.81944
chr2	32741676	32741708	1	0.254167	5	0.014912	0.058793	0.86	0.60583
chr2	33681743	33681747	1	0.143452	2	0.16053	0.14715	0.79821	0.65476
chr2	33681763	33681841	1	-0.109226	2	0.27863	0.48764	0.76458	0.87381
chr2	33715684	33715717	1	0.111458	4	0.18713	0.39661	0.97396	0.8625
chr2	33985062	33985081	1	0.156250	2	0.16053	0.47147	0.96875	0.8125
chr2	34937982	34938021	1	-0.133333	3	0.26567	0.19486	0.5375	0.67083
chr2	35033244	35033248	1	-0.181250	2	0.082984	0.1578	0.76875	0.95
chr2	35751072	35751116	1	0.302083	2	0.0010878	0.00084578	0.96875	0.66667
chr2	37648328	37648351	1	0.109375	2	0.082984	1	1	0.89062
chr2	38512854	38512858	1	0.369620	2	0.0029526	0.0057292	0.75595	0.38633
chr2	38923840	38923870	1	0.280357	2	0.020668	0.0069971	0.64643	0.36607
chr2	39856567	39856591	1	0.125000	2	0.19487	1	1	0.875
chr2	45002488	45002491	1	0.104167	2	0.19487	1	1	0.89583
chr2	45017386	45017664	1	-0.158532	3	0.078024	0.19774	0.75734	0.91587
chr2	45032462	45032464	1	0.122718	2	0.064957	0.034391	0.94444	0.82173
chr2	45158311	45158320	1	0.130952	3	0.033241	1	1	0.86905
chr2	46598423	46598538	1	0.123674	2	0.13038	0.15624	0.975	0.85133
chr2	52779844	52779889	1	0.199405	2	0.064957	0.042227	0.77857	0.57917
chr2	58194735	58194747	1	-0.147619	2	0.13038	0.15039	0.76042	0.90804
chr2	59310620	59310669	1	0.104167	2	0.19487	1	1	0.89583
chr2	59878702	59878753	1	-0.244643	2	0.082984	0.17783	0.55417	0.79881
chr2	60448858	60448878	1	0.162500	2	0.082984	1	1	0.8375
chr2	62031784	62031793	1	0.150000	2	0.19487	1	1	0.85
chr2	62408420	62408435	1	0.316617	2	0.004662	0.0056227	0.88318	0.56657
chr2	65170748	65170826	1	-0.423611	3	0.00020117	0.00017307	0.17639	0.6
chr2	65342679	65342700	1	-0.160606	2	0.13038	0.18905	0.30625	0.46686
chr2	65527518	65527526	1	0.180853	2	0.037918	0.017613	0.4631	0.28224
chr2	65550664	65550678	1	-0.618750	2	0.0003108	0.0013117	0.22917	0.84792
chr2	68829735	68829744	1	-0.576190	2	0.0001554	0.0001301	0.11458	0.69077
chr2	71164916	71164949	1	0.136161	2	0.082984	1	1	0.86384
chr2	73003579	73003602	1	-0.317708	2	0.010412	0.0061813	0.015625	0.33333
chr2	73050088	73050204	1	-0.103355	2	0.4418	0.51548	0.70833	0.81169
chr2	73522359	73522409	1	0.119048	2	0.19487	0.46127	0.95833	0.83929
chr2	73794279	73794297	1	0.104167	2	0.19487	1	1	0.89583
chr2	73867886	73868017	1	0.128378	14	0.0024782	0.029787	0.54263	0.41425
chr2	75152390	75152395	1	0.164583	2	0.049883	0.035939	0.91667	0.75208
chr2	75669797	75670116	1	0.226858	3	0.028421	0.021957	0.93393	0.70707
chr2	75757623	75757632	1	0.227679	2	0.16053	0.20776	0.73601	0.50833
chr2	78907057	78907166	1	0.179167	2	0.082984	0.033822	0.91667	0.7375
chr2	83200613	83200647	1	-0.271278	2	0.049883	0.042891	0.59829	0.86957
chr2	85030143	85030167	1	-0.381696	2	0.010412	0.0067454	0.10045	0.48214
chr2	88243542	88243545	1	-0.120265	2	0.27863	0.51934	0.75	0.87027
chr2	89415103	89415110	1	0.139583	2	0.1049	0.1586	0.92708	0.7875
chr2	92555709	92555712	1	0.133333	2	0.082984	1	1	0.86667
chr2	93064842	93064857	1	-0.148958	2	0.082984	1	0.85104	1
chr2	93801478	93801552	1	-0.104167	2	0.19487	1	0.89583	1
chr2	94182957	94182972	1	-0.121875	2	0.2345	0.043427	0.77083	0.89271
chr2	94466100	94466127	1	-0.123611	2	0.64538	0.46696	0.32083	0.44444
chr2	102048911	102048915	1	0.104167	2	0.19487	1	1	0.89583
chr2	102654575	102654646	1	0.233333	2	0.037918	0.038178	0.97917	0.74583
chr2	102663649	102663658	1	0.113095	2	0.27863	0.50501	0.875	0.7619
chr2	103019193	103019205	1	-0.428125	2	0.004662	0.0065173	0.18229	0.61042
chr2	104134037	104134107	1	-0.117708	2	0.50536	0.93918	0.60938	0.72708
chr2	105139468	105139486	1	0.145833	2	0.2345	0.9019	0.88542	0.73958
chr2	105400070	105400104	1	0.156944	3	0.26567	0.45736	0.75417	0.59722
chr2	105690799	105690803	1	0.224702	2	0.082984	0.17693	0.78125	0.55655
chr2	111180411	111180427	1	-0.130556	3	0.033241	1	0.86944	1
chr2	112904237	112904259	1	0.108631	2	0.082984	1	1	0.89137
chr2	114018159	114018183	1	-0.195089	2	0.1049	0.086521	0.65908	0.85417
chr2	115784318	115784374	1	-0.114583	2	0.27863	0.46497	0.86458	0.97917
chr2	116606046	116606103	1	0.136607	2	0.006993	1	1	0.86339
chr2	118011656	118011746	1	0.126042	2	0.57374	0.94234	0.50833	0.38229
chr2	118040434	118040463	1	0.131250	2	0.082984	1	1	0.86875
chr2	118122882	118122903	1	0.109722	3	0.078024	1	1	0.89028
chr2	118701912	118702072	1	0.215179	3	0.038721	0.19343	0.8374	0.62222
chr2	119237040	119237059	1	0.385185	3	0.0001028	0.0051442	0.54028	0.15509
chr2	119257789	119257793	1	0.152778	2	0.4418	0.46226	0.44444	0.29167
chr2	119305693	119305710	1	0.114583	2	0.16053	0.15591	0.96875	0.85417
chr2	120122327	120122330	1	0.175000	2	0.16053	0.14795	0.76875	0.59375
chr2	122327706	122327728	1	0.103961	2	0.19487	0.46308	0.91875	0.81479
chr2	122388204	122388247	1	-0.104167	2	0.19487	1	0.89583	1
chr2	125033349	125033353	1	-0.216667	2	0.064957	0.1556	0.74167	0.95833
chr2	125342423	125342433	1	0.135417	2	0.19487	1	1	0.86458
chr2	126361412	126361421	1	-0.188988	2	0.1049	0.45837	0.3125	0.50149
chr2	128046817	128046844	1	0.136905	2	0.4418	0.277	0.58036	0.44345
chr2	128850456	128850467	1	0.137649	2	0.13038	0.15842	0.98438	0.84673
chr2	130813929	130813949	1	-0.125000	2	0.38228	1	0.875	1
chr2	131531290	131531360	1	0.116815	2	0.082984	1	1	0.88318
chr2	132836984	132837014	1	-0.163393	2	0.037918	0.037625	0.81875	0.98214
chr2	140505332	140505346	1	0.111111	2	0.13038	0.15068	0.98611	0.875
chr2	140585250	140585258	1	0.104167	2	0.27863	0.46441	0.97917	0.875
chr2	142268695	142268705	1	0.125000	2	0.32821	0.91407	0.84375	0.71875
chr2	146634723	146634791	1	0.108333	2	0.16053	0.46121	0.975	0.86667
chr2	147740921	147740925	1	0.125000	2	0.082984	1	1	0.875
chr2	150746011	150746017	1	0.127083	2	0.4418	0.51681	0.46875	0.34167
chr2	151947242	151947263	1	0.164583	2	0.082984	1	1	0.83542
chr2	152687006	152687077	0.11377	0.270387	4	7.292e-06	1.0229e-06	0.98438	0.71399
chr2	152821173	152821186	1	0.411458	2	0.0001554	1	1	0.58854
chr2	154572183	154572195	1	0.254464	2	0.0010878	1	1	0.74554
chr2	155947153	155947169	1	0.218750	2	0.049883	0.037465	0.91875	0.7
chr2	156367880	156367932	1	0.148611	3	0.12769	0.4431	0.97917	0.83056
chr2	157274563	157274583	1	0.100694	2	0.50536	0.90651	0.95486	0.85417
chr2	157342075	157342091	1	0.108730	3	0.17818	0.19288	0.77083	0.6621
chr2	158338852	158338866	1	-0.198611	2	0.049883	0.046937	0.66458	0.86319
chr2	158707319	158707333	1	-0.143155	2	0.16053	0.041743	0.50268	0.64583
chr2	163295917	163295922	1	0.116964	2	0.27863	0.46299	0.98214	0.86518
chr2	163342279	163342287	1	0.104167	2	0.38228	0.90488	0.95833	0.85417
chr2	165499078	165499124	1	0.137500	2	0.38228	0.94058	0.48125	0.34375
chr2	165622698	165622720	1	-0.211905	2	0.2345	0.52563	0.53125	0.74315
chr2	165641846	165641922	1	-0.135417	2	0.19487	0.46427	0.82292	0.95833
chr2	165877745	165877832	1	0.103571	2	0.16053	0.46634	0.97917	0.8756
chr2	166258361	166258381	1	0.116071	2	0.19487	0.1694	0.78125	0.66518
chr2	166323741	166323750	1	-0.234127	2	0.028127	0.033763	0.43254	0.66667
chr2	166661709	166661712	1	0.257440	2	0.014763	0.036445	0.96875	0.71131
chr2	167118904	167118914	1	0.104167	3	0.15997	1	1	0.89583
chr2	167565903	167565906	1	0.289583	2	0.049883	0.16404	0.58333	0.29375
chr2	168151047	168151057	1	0.316964	2	0.010412	0.0057262	0.66667	0.3497
chr2	168598734	168598737	1	-0.125000	2	0.38228	1	0.875	1
chr2	168764286	168764297	1	-0.177083	2	0.082984	0.15007	0.18229	0.35938
chr2	169337966	169337980	1	-0.146875	2	0.064957	0.037956	0.8125	0.95937
chr2	169621397	169621442	1	0.172619	3	0.028421	0.022499	0.20595	0.033333
chr2	169854653	169854669	1	-0.102083	2	0.2345	0.49323	0.75833	0.86042
chr2	169987289	169987309	1	0.195833	2	0.2345	0.038899	0.725	0.52917
chr2	170075625	170075635	1	0.104167	2	0.19487	1	1	0.89583
chr2	170268370	170268382	1	0.247321	2	0.006993	0.039256	0.89137	0.64405
chr2	171627798	171627804	1	0.112500	2	0.028127	1	1	0.8875
chr2	172073298	172073404	1	-0.114583	2	0.50536	0.31272	0.43958	0.55417
chr2	172644082	172644099	1	-0.179167	2	0.16053	0.45637	0.18125	0.36042
chr2	173117482	173117548	1	-0.543006	2	0.0001554	0.00073047	0.17932	0.72232
chr2	173287133	173287140	1	-0.117560	2	0.79845	0.91504	0.83333	0.95089
chr2	173460306	173460447	1	0.189583	2	0.037918	0.16024	0.8936	0.70402
chr2	173722640	173722665	1	0.143750	2	0.028127	1	1	0.85625
chr2	174929281	174929294	1	-0.218006	2	0.028127	1	0.78199	1
chr2	177076050	177076108	1	-0.113690	2	0.4418	0.16221	0.37708	0.49077
chr2	179963778	179963836	1	0.136905	2	0.082984	1	1	0.8631
chr2	180761582	180761838	1	-0.125000	2	0.2345	0.18798	0.55446	0.67946
chr3	5902965	5903129	1	-0.147024	2	0.064957	0.041863	0.81012	0.95714
chr3	6406179	6406199	1	-0.202083	2	0.028127	1	0.79792	1
chr3	5860794	5860804	1	0.129557	3	0.033241	0.070579	0.36866	0.23911
chr3	5860810	5860815	1	0.204434	2	0.014763	0.0064757	0.57166	0.36722
chr3	14892537	14892548	1	-0.517361	2	0.0006216	0.0065201	0.28125	0.79861
chr3	15461438	15461566	1	-0.141809	2	0.2345	0.47231	0.37091	0.51272
chr3	15582709	15582957	1	-0.102927	2	0.19487	0.15657	0.86756	0.97049
chr3	16959786	16959801	1	0.134524	2	0.010412	0.0057866	0.91964	0.78512
chr3	17421856	17421992	1	-0.138011	2	0.020668	0.15879	0.67902	0.81703
chr3	23274547	23274564	1	0.100870	2	0.19487	0.1693	0.88333	0.78246
chr3	31308597	31308600	1	0.114583	2	0.13038	0.15085	0.97917	0.86458
chr3	32481284	32481299	1	-0.120833	2	0.38228	0.14846	0.77083	0.89167
chr3	36284148	36284151	1	0.156548	2	0.028127	0.16217	0.94375	0.7872
chr3	38648426	38648456	1	-0.104167	2	0.16053	0.46125	0.87083	0.975
chr3	51789634	51789721	1	0.228274	2	0.16053	0.4599	0.86667	0.63839
chr3	51995546	51995573	1	-0.130556	3	0.033241	1	0.86944	1
chr3	52467515	52467530	1	0.124107	2	0.028127	1	1	0.87589
chr3	52638864	52638868	1	0.117560	2	0.27863	0.46866	0.98214	0.86458
chr3	52783424	52783501	1	0.200595	2	0.27863	0.90562	0.64643	0.44583
chr3	52872154	52872174	1	-0.208036	2	0.1049	0.52254	0.29167	0.4997
chr3	53097780	53097786	1	0.195685	2	0.32821	0.54773	0.66146	0.46577
chr3	55516783	55516802	1	-0.126339	2	0.19487	0.49217	0.42158	0.54792
chr3	60520026	60520049	1	-0.422917	2	0.006993	0.0066948	0.45387	0.87679
chr3	62159054	62159065	1	-0.190400	2	0.082984	0.035631	0.42408	0.61448
chr3	62159211	62159226	1	0.307146	2	0.0029526	0.034855	0.49306	0.18591
chr3	64085296	64085309	1	-0.141667	2	0.13038	0.15614	0.85	0.99167
chr3	64343306	64343371	1	-0.140625	2	0.16053	0.16071	0.74687	0.8875
chr3	68954745	68954754	1	-0.367212	2	0.0003108	0.00093245	0.046875	0.41409
chr3	72176314	72176364	1	-0.174702	2	0.1049	0.16345	0.70625	0.88095
chr3	78956896	78956957	1	0.173864	2	0.006993	1	1	0.82614
chr3	80802065	80802075	1	0.104167	2	0.50536	0.91246	0.17708	0.072917
chr3	83054895	83054900	1	0.174702	2	0.082984	0.037075	0.48125	0.30655
chr3	84594476	84594717	1	0.122143	5	0.016064	0.038148	0.97571	0.85357
chr3	84744338	84744342	1	0.125000	2	0.19487	1	1	0.875
chr3	85679893	85680184	1	-0.125000	2	0.19487	1	0.875	1
chr3	85917519	85917538	1	-0.189484	3	0.1135	0.19568	0.79861	0.9881
chr3	87539289	87539308	1	0.160417	2	0.38228	0.52538	0.375	0.21458
chr3	89761175	89761182	1	0.105114	2	0.2345	0.46505	0.95417	0.84905
chr3	89832492	89832507	1	0.117857	2	0.082984	0.16584	0.90804	0.79018
chr3	94227665	94227718	1	0.104167	2	0.57374	0.91087	0.95833	0.85417
chr3	95159631	95159634	1	0.134375	2	0.19487	0.078298	0.38438	0.25
chr3	95433595	95433877	1	-0.184524	2	0.32821	0.51569	0.65179	0.83631
chr3	95763089	95763306	1	0.166667	3	0.44283	0.47234	0.87222	0.70556
chr3	96306733	96306742	1	-0.313988	2	0.014763	0.0075841	0.26042	0.5744
chr3	96562261	96562505	1	-0.108333	2	0.38228	0.53714	0.37083	0.47917
chr3	96931268	96931330	1	0.142708	2	0.2345	0.082117	0.85074	0.70804
chr3	97338554	97338684	1	0.104018	2	0.27863	0.52555	0.79152	0.6875
chr3	97422981	97423050	1	-0.122024	2	0.19487	0.46122	0.83631	0.95833
chr3	98336390	98336410	1	-0.289881	2	0.049883	0.16031	0.37679	0.66667
chr3	99459696	99459737	1	0.157440	2	0.4418	0.91063	0.42083	0.26339
chr3	101236509	101236512	1	0.153125	2	0.19487	0.15773	0.27604	0.12292
chr3	101529412	101529468	1	0.233333	2	0.037918	0.033877	0.90833	0.675
chr3	101823583	101823598	1	0.118750	2	0.13038	0.15919	0.97917	0.86042
chr3	102685333	102685336	1	0.285417	2	0.014763	0.0057891	0.96875	0.68333
chr3	103171849	103171853	1	-0.104167	2	0.19487	1	0	0.10417
chr3	104445759	104445768	1	-0.104464	2	0.16053	0.47119	0.81845	0.92292
chr3	104729228	104729254	1	-0.192163	2	0.064957	0.15689	0.73492	0.92708
chr3	105272217	105272243	1	0.105357	2	0.64538	0.90534	0.83333	0.72798
chr3	105439638	105439662	1	0.104167	2	0.19487	1	1	0.89583
chr3	105977670	105977696	1	0.318750	2	0.064957	0.16456	0.77083	0.45208
chr3	106138770	106138792	1	0.111143	2	0.19487	0.46738	0.88773	0.77659
chr3	106139173	106139234	1	0.109446	2	0.19487	0.45512	0.7407	0.63125
chr3	106139429	106139435	1	-0.143697	2	0.082984	0.16569	0.75694	0.90064
chr3	106142216	106142246	1	-0.295627	2	0.037918	0.16889	0.58919	0.88482
chr3	106157668	106157911	1	0.181641	2	0.006993	0.0057765	0.95486	0.77322
chr3	106180210	106180301	1	0.154167	2	0.13038	0.19277	0.90417	0.75
chr3	106187494	106187498	1	0.202778	2	0.020668	0.035381	0.975	0.77222
chr3	106201719	106201731	1	-0.141395	2	0.064957	0.034197	0.54749	0.68889
chr3	106205979	106205981	1	0.106146	2	0.32821	0.46142	0.94975	0.8436
chr3	106207356	106207430	1	0.152567	2	0.16053	0.17424	0.79474	0.64217
chr3	106207597	106207625	1	0.115476	2	0.028127	0.035215	0.98214	0.86667
chr3	106223381	106223413	1	0.232165	2	0.082984	0.18345	0.70885	0.47668
chr3	106235090	106235296	1	0.139583	2	0.082984	0.17912	0.95625	0.81667
chr3	106237442	106237444	1	0.155759	2	0.082984	0.035231	0.70997	0.55421
chr3	106273981	106274008	1	-0.175942	2	0.32821	0.21665	0.69593	0.87187
chr3	106278313	106278498	1	0.105159	2	0.27863	0.18069	0.90278	0.79762
chr3	106293549	106293716	1	-0.170657	2	0.19487	0.043014	0.64435	0.815
chr3	106297566	106297568	1	-0.268676	2	0.010412	0.006587	0.44263	0.71131
chr3	106285420	106285423	1	0.161816	3	0.033241	0.020768	0.91233	0.75052
chr3	106285472	106285489	1	0.170432	2	0.037918	0.035566	0.88239	0.71195
chr3	106300112	106300362	1	0.153026	2	0.010412	0.0066537	0.98958	0.83656
chr3	107424763	107424777	1	0.239583	2	0.0029526	0.0059903	0.9375	0.69792
chr3	108904043	108904062	1	-0.125000	2	0.082984	1	0.875	1
chr3	114021552	114021564	1	0.169444	3	0.00085794	1	1	0.83056
chr3	114074814	114074918	1	-0.135417	2	0.082984	1	0.86458	1
chr3	116158101	116158111	1	-0.122024	2	0.082984	1	0.87798	1
chr3	116222017	116222031	1	0.139583	2	0.2345	0.27881	0.87708	0.7375
chr3	117732238	117732240	1	-0.187500	2	0.082984	0.14727	0.70833	0.89583
chr3	120472789	120472902	1	-0.121726	2	0.037918	0.035369	0.86042	0.98214
chr3	120917567	120917577	1	0.123413	2	0.028127	0.037931	0.95139	0.82798
chr3	123061816	123061824	1	0.112500	2	0.19487	0.47843	0.95833	0.84583
chr3	123677532	123677559	1	0.152108	2	0.16053	0.1513	0.84933	0.69722
chr3	127030923	127030967	1	-0.390774	2	0.0029526	0.007952	0.44554	0.83631
chr3	127180330	127180411	1	0.156944	2	0.1049	0.15734	0.94792	0.79097
chr3	127707485	127707549	1	0.122917	2	0.037918	0.040091	0.95714	0.83423
chr3	130430217	130430230	1	-0.152778	2	0.38228	0.1468	0.75	0.90278
chr3	132263163	132263169	1	0.104167	2	0.19487	1	1	0.89583
chr3	133211162	133211179	1	0.107143	2	0.57374	0.90456	0.98214	0.875
chr3	133545533	133545540	1	0.281250	2	0.006993	1	1	0.71875
chr3	134677061	134677112	1	-0.116815	2	0.082984	1	0.88318	1
chr3	135029965	135030051	1	-0.102083	2	0.19487	0.14841	0.81458	0.91667
chr3	135089149	135089175	1	-0.111928	2	0.1049	0.45681	0.84137	0.9533
chr3	135848873	135848910	1	0.118056	3	0.078024	1	1	0.88194
chr3	137743179	137743200	1	0.120602	3	0.038721	0.070631	0.97917	0.85856
chr3	137976172	137976209	1	-0.200000	2	0.064957	0.033878	0.56458	0.76458
chr3	138414146	138414167	1	-0.201389	3	0.012094	1	0.79861	1
chr3	138518128	138518145	1	0.204167	2	0.049883	0.03604	0.98214	0.77798
chr3	138836734	138836744	1	0.139881	2	0.028127	1	1	0.86012
chr3	138886870	138886896	1	-0.101190	2	0.19487	1	0.89881	1
chr3	139310493	139310511	1	0.115774	2	0.082984	1	1	0.88423
chr3	142496065	142496172	1	-0.243452	2	0.13038	0.18035	0.55417	0.79762
chr3	144200494	144200522	1	-0.101190	2	0.19487	1	0.89881	1
chr3	144657310	144657387	1	0.183558	2	0.037918	0.04905	0.81186	0.6283
chr3	144749693	144749737	1	0.185913	4	0.0029068	0.001647	0.90417	0.71825
chr3	144749741	144749812	1	0.259987	3	0.010045	0.069272	0.8123	0.55231
chr3	145431728	145431792	1	0.317308	2	0.014763	0.035259	0.83958	0.52228
chr3	146328365	146328382	1	0.167560	2	0.19487	0.47008	0.425	0.25744
chr3	146328449	146328482	1	0.134970	2	0.2345	0.14744	0.35417	0.2192
chr3	149112669	149112690	1	-0.156548	2	0.037918	0.035324	0.81845	0.975
chr3	149357949	149358053	1	0.168899	2	0.028127	0.036491	0.95833	0.78943
chr3	152247982	152247988	1	-0.120833	2	0.16053	0.46915	0.85417	0.975
chr3	156083413	156083536	1	0.133333	2	0.19487	0.16812	0.94375	0.81042
chr4	3080878	3081013	1	0.106101	2	0.32821	0.47833	0.77455	0.66845
chr4	3086739	3086741	1	0.138487	2	0.27863	0.47749	0.5466	0.40812
chr4	3086885	3086887	1	-0.210954	2	0.010412	0.036059	0.62383	0.83479
chr4	3224138	3224140	1	0.108889	2	0.16053	0.15183	0.516	0.40711
chr4	3225664	3225666	1	-0.138865	2	0.19487	0.036607	0.68242	0.82128
chr4	3237643	3237718	1	0.102066	2	0.2345	0.14859	0.45957	0.3575
chr4	3241263	3241265	1	0.117168	2	0.049883	0.15598	0.82631	0.70915
chr4	3241479	3241481	1	-0.150300	2	0.13038	0.1513	0.72982	0.88012
chr4	3241527	3241559	1	0.131889	2	0.2345	0.45585	0.81806	0.68617
chr4	3243717	3243742	1	-0.144792	2	0.27863	0.56127	0.63854	0.78333
chr4	3247553	3247555	1	-0.169641	2	0.064957	0.14909	0.55019	0.71983
chr4	3252815	3252817	1	-0.100726	2	0.049883	0.034788	0.73299	0.83371
chr4	3391823	3391836	1	-0.280208	2	0.037918	0.042494	0.61667	0.89687
chr4	4069937	4070003	1	-0.139583	2	0.082984	1	0.86042	1
chr4	6779919	6779929	1	0.139583	2	0.082984	1	1	0.86042
chr4	8239467	8239494	1	0.183482	2	0.1049	0.16303	0.81845	0.63497
chr4	9386981	9386985	1	0.105114	2	0.028127	1	1	0.89489
chr4	11008369	11008384	1	0.202083	2	0.2345	0.16954	0.51042	0.30833
chr4	15915466	15915560	1	0.139583	2	0.1049	0.1731	0.95833	0.81875
chr4	15916608	15916623	1	-0.121887	2	0.049883	0.03535	0.83239	0.95427
chr4	15916627	15916652	1	0.143964	2	0.2345	0.18588	0.65946	0.51549
chr4	15944926	15944933	1	0.168750	2	0.1049	0.15653	0.2625	0.09375
chr4	25034279	25034343	1	-0.130357	2	0.50536	0.49967	0.73006	0.86042
chr4	27225029	27225036	1	-0.104167	3	0.15997	1	0.89583	1
chr4	28222077	28222153	1	-0.157738	2	0.064957	0.17613	0.76935	0.92708
chr4	31425149	31425160	1	0.172024	2	0.16053	0.16181	0.60952	0.4375
chr4	31965060	31965072	1	0.129167	2	0.16053	0.46446	0.53958	0.41042
chr4	32042282	32042298	1	0.132440	2	0.16053	0.47025	0.96875	0.83631
chr4	32133166	32133217	1	0.113542	2	0.082984	1	1	0.88646
chr4	32606524	32606553	1	0.245833	2	0.1049	0.46589	0.81458	0.56875
chr4	33007089	33007160	1	0.131548	7	0.026951	0.10719	0.90918	0.77764
chr4	35927009	35927013	1	-0.104167	2	0.19487	1	0.89583	1
chr4	37517695	37517726	1	0.166667	2	0.028127	1	1	0.83333
chr4	38908226	38908240	1	-0.140675	2	0.50536	0.93387	0.6121	0.75278
chr4	39694280	39694411	1	0.118750	2	0.082984	1	1	0.88125
chr4	40764506	40764612	1	0.104167	2	0.19487	0.15726	0.94792	0.84375
chr4	41540725	41540748	1	0.104167	2	0.38228	0.9074	0.96875	0.86458
chr4	44259860	44259865	1	-0.184524	2	0.028127	1	0.81548	1
chr4	46529749	46529781	1	-0.147917	2	0.028127	1	0.85208	1
chr4	47272850	47272900	1	0.170833	2	0.028127	1	1	0.82917
chr4	47819060	47819075	1	-0.155903	2	0.0018648	0.00090044	0.81458	0.97049
chr4	48042214	48042255	1	0.125000	2	0.50536	0.75396	0.83333	0.70833
chr4	48249450	48249484	1	-0.159970	2	0.2345	0.55231	0.51562	0.6756
chr4	52702653	52702785	1	0.251786	2	0.082984	0.18399	0.93929	0.6875
chr4	53344931	53344980	1	-0.307391	2	0.064957	0.046467	0.34241	0.6498
chr4	53566457	53566467	1	0.275000	2	0.1049	0.044419	0.55	0.275
chr4	53746133	53746154	1	-0.125000	2	0.38228	1	0.875	1
chr4	53804546	53804548	1	0.158795	2	0.082984	0.036123	0.46743	0.30863
chr4	53878730	53878744	1	-0.148295	2	0.19487	0.1774	0.64545	0.79375
chr4	54575584	54575619	1	0.100992	3	0.078024	1	1	0.89901
chr4	57163197	57163478	1	0.176786	2	0.19487	0.51808	0.93333	0.75655
chr4	58330991	58331088	1	0.142361	2	0.32821	0.46821	0.86042	0.71806
chr4	58961817	58961839	1	0.106548	2	0.16053	0.15404	0.84464	0.7381
chr4	60047610	60047617	1	0.132008	2	0.028127	1	1	0.86799
chr4	61571652	61571710	1	0.168525	2	0.38228	0.55051	0.81364	0.64511
chr4	61685485	61685497	1	0.190373	2	0.2345	0.22289	0.77981	0.58943
chr4	61812121	61812123	1	-0.109912	2	0.028127	0.037627	0.82847	0.93838
chr4	61821742	61821933	1	-0.103283	2	0.082984	0.15523	0.87172	0.975
chr4	61828984	61829268	1	-0.213542	2	0.19487	0.55704	0.64167	0.85521
chr4	61844054	61844653	1	-0.105355	4	0.076498	0.085199	0.8023	0.90766
chr4	61845703	61845705	1	-0.176732	2	0.13038	0.16125	0.7494	0.92614
chr4	61852255	61852269	1	-0.116369	2	0.082984	0.46505	0.48854	0.60491
chr4	62684125	62684176	1	-0.273810	2	0.028127	0.17044	0.59375	0.86756
chr4	63334251	63334256	1	-0.104167	2	0.57374	0.90384	0.875	0.97917
chr4	63498241	63498399	1	0.254464	2	0.049883	0.033823	0.36696	0.1125
chr4	65402873	65402898	1	-0.268254	2	0.049883	0.034697	0.37917	0.64742
chr4	65980965	65980998	1	-0.108333	2	0.19487	1	0.89167	1
chr4	69271543	69271585	1	-0.172917	2	0.16053	0.14722	0.72917	0.90208
chr4	70963334	70963402	1	-0.270833	2	0.020668	0.033826	0.66667	0.9375
chr4	71527747	71527813	1	-0.116815	2	0.1049	0.15412	0.85193	0.96875
chr4	78513553	78513560	1	-0.110417	2	0.082984	1	0.88958	1
chr4	82432002	82432005	1	0.123214	2	0.50536	0.90036	0.69167	0.56845
chr4	82543669	82543693	1	0.116071	2	0.38228	1	1	0.88393
chr4	82560446	82560455	1	-0.104167	2	0.13038	0.16304	0.80417	0.90833
chr4	85641125	85641164	1	0.151687	2	0.32821	0.51785	0.58294	0.43125
chr4	85641190	85641197	1	0.178472	2	0.32821	0.14778	0.73681	0.55833
chr4	89254942	89255024	1	0.148958	2	0.16053	0.46149	0.96875	0.81979
chr4	90320765	90320897	1	0.134375	2	0.38228	0.57903	0.65	0.51562
chr4	91349351	91349371	1	-0.108333	2	0.38228	1	0.89167	1
chr4	95206100	95206137	1	0.187500	2	0.1049	0.15556	0.875	0.6875
chr4	95770513	95770527	1	0.170833	2	0.028127	1	1	0.82917
chr4	98049632	98049637	1	0.125000	2	0.19487	1	1	0.875
chr4	99503828	99503836	1	-0.114583	2	0.19487	1	0.88542	1
chr4	99972247	99972290	1	0.125000	2	0.19487	1	1	0.875
chr4	100256664	100256713	1	-0.171429	2	0.2345	0.46617	0.66964	0.84107
chr4	100335776	100335829	1	-0.246801	4	0.0037073	0.0008231	0.27292	0.51972
chr4	100945851	100945882	1	0.118750	2	0.082984	1	1	0.88125
chr4	101373291	101373531	1	-0.125000	2	0.32821	0.90606	0.83333	0.95833
chr4	101656362	101656375	1	0.462500	2	0.020668	0.042969	0.7875	0.325
chr4	101803936	101803957	1	-0.274187	2	0.0010878	0.010586	0.61919	0.89337
chr4	105169330	105169336	1	0.162500	2	0.2345	0.48681	0.5	0.3375
chr4	105407389	105407439	1	0.112500	2	0.049883	0.043921	0.98214	0.86964
chr4	106336815	106336824	1	-0.112103	2	0.50536	0.47641	0.58929	0.70139
chr4	107587531	107587547	1	-0.138542	2	0.037918	0.035473	0.84583	0.98438
chr4	107683972	107683977	1	0.222917	2	0.064957	0.15095	0.96875	0.74583
chr4	107828252	107828255	1	0.150000	2	0.38228	1	1	0.85
chr4	108164723	108164776	1	0.129167	2	0.27863	0.54538	0.79375	0.66458
chr4	108581899	108582127	1	-0.115575	2	0.028127	1	0.88442	1
chr4	110186868	110186876	1	0.200000	2	0.006993	1	1	0.8
chr4	110261681	110261695	1	0.366071	2	0.004662	0.037513	0.69583	0.32976
chr4	111408423	111408477	1	0.226190	2	0.16053	0.51055	0.89583	0.66964
chr4	113830459	113830539	1	-0.150000	2	0.16053	0.47348	0.77708	0.92708
chr4	115787316	115787369	1	-0.118750	2	0.082984	1	0.88125	1
chr4	116070192	116070271	1	-0.225000	2	0.27863	0.20308	0.67708	0.90208
chr4	116227913	116227938	1	0.147917	2	0.049883	0.038525	0.98214	0.83423
chr4	117312579	117312589	1	0.390476	2	0.0001554	0.00012173	0.91875	0.52827
chr4	117427946	117427958	1	-0.416667	3	0.0001028	0.00018951	0.027778	0.44444
chr4	117705872	117705891	1	-0.102083	2	0.57374	0.90944	0.34792	0.45
chr4	118547187	118547210	1	0.177285	2	0.32821	0.20029	0.80804	0.63075
chr4	120105631	120105647	1	0.161210	2	0.13038	0.16011	0.96875	0.80754
chr4	120238650	120238678	1	0.116071	2	0.19487	1	1	0.88393
chr4	121023005	121023032	1	0.111607	2	0.082984	1	1	0.88839
chr4	121378686	121378799	1	-0.120833	2	0.13038	0.15068	0.85417	0.975
chr4	121976504	121976506	1	-0.112892	2	0.16053	0.46189	0.73417	0.84706
chr4	121978198	121978279	1	-0.197890	2	0.028127	0.010026	0.51562	0.71351
chr4	122010292	122010301	1	-0.168403	2	0.1049	0.14857	0.77604	0.94444
chr4	122020504	122020541	1	-0.136111	2	0.57374	0.90308	0.85	0.98611
chr4	122023324	122023331	1	-0.104464	2	0.082984	1	0.89554	1
chr4	122024925	122024927	1	0.151416	2	0.064957	0.16078	0.89653	0.74511
chr4	122024946	122024983	1	-0.145467	2	0.27863	0.20755	0.73274	0.87821
chr4	122034619	122034652	1	0.127679	2	0.064957	0.15176	0.96875	0.84107
chr4	122040355	122040474	1	-0.125000	2	0.32821	0.46668	0.75	0.875
chr4	122627396	122627470	1	0.195833	2	0.082984	0.18156	0.7256	0.52976
chr4	123916398	123916411	1	0.177083	2	0.27863	0.9207	0.88542	0.70833
chr4	124485134	124485137	1	0.170833	2	0.13038	0.14886	0.5375	0.36667
chr4	126153105	126153123	1	0.413095	3	3.3282e-05	2.6915e-05	0.94087	0.52778
chr4	126739585	126739594	1	-0.120089	2	0.13038	0.45626	0.70908	0.82917
chr4	127178282	127178294	1	0.108333	2	0.19487	1	1	0.89167
chr4	127237403	127237410	1	0.187500	2	0.13038	0.15947	0.97917	0.79167
chr4	129381068	129381124	1	0.121429	2	0.27863	0.48435	0.92708	0.80565
chr4	129491960	129491970	1	-0.258929	2	0.037918	0.040829	0.22917	0.4881
chr4	130956945	130956959	1	-0.162500	2	0.2345	0.27322	0.54792	0.71042
chr4	131095463	131095749	1	0.177083	2	0.049883	0.15108	0.96875	0.79167
chr4	132056565	132056570	1	0.113839	2	0.13038	0.15072	0.98438	0.87054
chr4	132220782	132220918	1	0.251389	3	0.051865	0.025861	0.66667	0.41528
chr4	132421261	132421272	1	0.136111	3	0.14317	0.19541	0.79306	0.65694
chr4	135283371	135283556	1	0.104167	2	0.38228	1	1	0.89583
chr4	135847690	135847707	1	-0.457522	2	0.0001554	0.00076824	0.44792	0.90544
chr4	136225355	136225359	1	-0.101190	2	0.19487	1	0.89881	1
chr4	136947181	136947250	1	-0.112202	2	0.13038	0.14854	0.83423	0.94643
chr4	137023777	137023820	1	-0.133333	2	0.13038	0.15382	0.77917	0.9125
chr4	137268741	137268751	1	0.100694	2	0.082984	0.15553	0.975	0.87431
chr4	138695473	138695560	1	0.149107	2	0.064957	0.034455	0.95714	0.80804
chr4	139072981	139072987	1	0.166667	2	0.19487	1	1	0.83333
chr4	139114124	139114128	1	0.125000	2	0.38228	1	1	0.875
chr4	139241876	139241884	1	-0.181250	2	0.13038	0.47133	0.74583	0.92708
chr4	139832375	139832380	1	0.177083	2	0.028127	1	0.17708	0
chr4	140225429	140225445	1	-0.153274	2	0.13038	0.15048	0.76637	0.91964
chr4	140305241	140305386	1	0.129861	2	0.2345	0.50466	0.91667	0.78681
chr4	140662362	140662365	1	0.145833	2	0.87848	0.68935	0.34375	0.19792
chr4	140759339	140759361	1	0.497073	2	0.0018648	0.00086234	0.91548	0.4184
chr4	141210094	141210102	1	-0.270833	2	0.037918	0.034099	0.54167	0.8125
chr4	141296740	141296771	1	0.145833	2	0.049883	0.039238	0.94583	0.8
chr4	141381325	141381376	1	0.123264	2	0.27863	0.52654	0.72917	0.6059
chr4	145404332	145404355	1	-0.172403	2	0.16053	0.50154	0.71652	0.88892
chr4	145437182	145437387	1	-0.262500	2	0.006993	0.036152	0.21875	0.48125
chr4	145440340	145440451	1	0.113854	2	0.16053	0.50516	0.94602	0.83217
chr4	145443964	145444116	1	-0.138137	2	0.27863	0.17638	0.6195	0.75764
chr4	145463648	145463654	1	-0.107639	2	0.4418	0.52442	0.59028	0.69792
chr4	145515009	145515091	1	0.232729	2	0.13038	0.21503	0.67105	0.43832
chr4	145517931	145517946	1	0.154167	2	0.1049	0.16542	0.94375	0.78958
chr4	145561299	145561348	1	-0.219296	2	0.0003108	0.0057143	0.36235	0.58164
chr4	145578830	145578860	1	-0.123336	2	0.1049	0.15137	0.5155	0.63884
chr4	145579444	145579495	1	0.144716	2	0.049883	0.15571	0.92197	0.77725
chr4	145674208	145674445	1	-0.108454	2	0.16053	0.16975	0.5113	0.61975
chr4	145686274	145686276	1	-0.129735	2	0.16053	0.1507	0.37582	0.50556
chr4	145683847	145684026	1	-0.163936	2	0.16053	0.57328	0.66575	0.82969
chr4	145688433	145688435	1	0.263068	2	0.0018648	0.007076	0.85804	0.59497
chr4	145744465	145744510	1	0.109619	2	0.064957	0.037186	0.97301	0.86339
chr4	145745134	145745141	1	0.103439	3	0.15997	0.44468	0.13122	0.027778
chr4	145838871	145838977	1	-0.105655	2	0.16053	0.16697	0.81786	0.92351
chr4	145849236	145849268	1	-0.123377	2	0.014763	0.035978	0.82543	0.94881
chr4	145850733	145850735	1	-0.167992	2	0.082984	0.1475	0.46458	0.63258
chr4	145851621	145851633	1	0.126096	2	0.32821	0.46309	0.68775	0.56165
chr4	145837014	145837133	1	0.145702	21	6.588e-05	0.0059357	0.65148	0.50578
chr4	145837141	145837143	1	-0.185987	2	0.037918	0.039765	0.44155	0.62753
chr4	145837152	145837154	1	0.201974	2	0.014763	0.037509	0.75178	0.5498
chr4	145837190	145837193	1	0.168745	2	0.1049	0.15118	0.49954	0.3308
chr4	145837333	145837349	1	0.162159	2	0.082984	0.20838	0.85968	0.69752
chr4	145837366	145837389	1	0.152197	3	0.059657	0.20233	0.68777	0.53557
chr4	145837436	145837439	1	0.114882	2	0.1049	0.14685	0.66974	0.55486
chr4	146050763	146050995	1	0.143029	2	0.082984	0.14845	0.89615	0.75312
chr4	146057757	146057987	1	-0.107905	2	0.38228	0.70393	0.66466	0.77257
chr4	146067084	146067087	1	0.235069	2	0.004662	0.00080632	0.53125	0.29618
chr4	146067104	146067118	1	0.120701	3	0.21892	0.44312	0.65208	0.53138
chr4	146067815	146067841	1	0.117411	2	0.19487	0.30889	0.27292	0.15551
chr4	146067852	146067859	1	-0.148273	2	0.16053	0.034454	0.28472	0.433
chr4	146067878	146067924	1	0.130035	4	0.04577	0.010826	0.57245	0.44241
chr4	146153808	146153823	1	0.104762	2	0.4418	0.91269	0.875	0.77024
chr4	146166026	146166036	1	-0.137264	2	0.16053	0.49588	0.77947	0.91673
chr4	146174133	146174135	1	-0.103211	2	0.037918	0.15065	0.63318	0.73639
chr4	146174869	146174874	1	-0.104662	2	0.27863	0.58705	0.49211	0.59678
chr4	146176718	146176791	1	0.182154	2	0.037918	0.048354	0.80252	0.62037
chr4	146178331	146178333	1	0.143971	2	0.049883	0.038412	0.76042	0.61645
chr4	146236186	146236252	1	-0.144709	2	0.082984	0.16193	0.59389	0.73859
chr4	146427328	146427330	1	-0.120252	2	0.27863	0.16573	0.56133	0.68158
chr4	146430980	146430982	1	-0.128698	2	0.16053	0.15566	0.65188	0.78057
chr4	146447318	146447425	1	0.119502	2	0.38228	0.94352	0.71548	0.59597
chr4	146454714	146454716	1	-0.189021	2	0.020668	0.15327	0.67631	0.86533
chr4	146454907	146454909	1	-0.100910	2	0.2345	0.17996	0.63599	0.7369
chr4	146457364	146457366	1	-0.178295	2	0.064957	0.14939	0.67447	0.85277
chr4	146457490	146457492	1	-0.102692	2	0.037918	0.033819	0.77749	0.88018
chr4	146457587	146457589	1	0.124851	2	0.13038	0.4638	0.77597	0.65112
chr4	146460216	146460311	1	-0.252162	2	0.006993	0.03764	0.37596	0.62813
chr4	146460762	146460764	1	-0.149519	2	0.028127	0.035267	0.33173	0.48125
chr4	146469580	146469776	1	-0.112351	2	0.57374	0.92228	0.74479	0.85714
chr4	146478423	146478678	1	-0.151338	2	0.1049	0.14695	0.6227	0.77404
chr4	146480907	146480909	1	0.121637	2	0.082984	0.018601	0.51349	0.39185
chr4	146481807	146481970	1	-0.102852	2	0.2345	0.53138	0.75301	0.85586
chr4	146484667	146484669	1	-0.137859	2	0.037918	0.042334	0.79908	0.93694
chr4	146482725	146482727	1	-0.128207	2	0.028127	0.15254	0.72763	0.85584
chr4	146485704	146485717	1	-0.129575	2	0.028127	0.044539	0.76273	0.89231
chr4	146483703	146483715	1	0.126859	2	0.19487	0.18343	0.53561	0.40875
chr4	146484127	146484129	1	-0.120314	2	0.020668	0.036917	0.74487	0.86519
chr4	146474948	146474987	1	0.191691	4	0.0052874	0.0032211	0.85565	0.66396
chr4	146475009	146475144	1	-0.107887	4	0.15209	0.28562	0.69613	0.80402
chr4	146475146	146475288	1	0.155385	5	0.034866	0.087403	0.64958	0.4942
chr4	146475293	146475296	1	-0.145942	2	0.13038	0.14958	0.58512	0.73106
chr4	146490238	146490240	1	-0.112987	2	0.014763	0.035301	0.73111	0.84409
chr4	146488579	146488598	1	0.102416	2	0.16053	0.14953	0.94315	0.84074
chr4	146488672	146488843	1	0.129294	2	0.32821	0.22744	0.53945	0.41015
chr4	146489105	146489107	1	-0.118031	2	0.1049	0.15648	0.7561	0.87413
chr4	146500776	146500931	1	0.102346	2	0.19487	0.1888	0.84679	0.74444
chr4	146501932	146501934	1	-0.102201	2	0.028127	0.036366	0.87002	0.97222
chr4	146497777	146497934	1	-0.122407	4	0.24266	0.68234	0.73356	0.85597
chr4	146502421	146502434	1	0.106055	2	0.13038	0.033882	0.96717	0.86111
chr4	146502561	146502724	1	-0.108613	2	0.028127	0.036974	0.87194	0.98056
chr4	146515434	146515469	1	0.120040	2	0.064957	0.19654	0.94568	0.82564
chr4	146518820	146518822	1	0.128815	2	0.16053	0.037027	0.88328	0.75446
chr4	146514883	146514920	1	0.196893	2	0.004662	0.00084964	0.83546	0.63856
chr4	146517462	146517464	1	0.101935	2	0.32821	0.4665	0.8936	0.79167
chr4	146523236	146523305	1	-0.111921	2	0.037918	0.038936	0.82641	0.93833
chr4	146530881	146530883	1	-0.163120	2	0.020668	0.037879	0.37341	0.53653
chr4	146718578	146718787	1	0.131423	2	0.037918	0.039421	0.87515	0.74373
chr4	146743259	146743298	1	0.111869	2	0.32821	0.45833	0.5875	0.47563
chr4	146750309	146750380	1	-0.115278	3	0.15997	0.19924	0.81263	0.92791
chr4	147083852	147083854	1	0.150230	2	0.049883	0.037746	0.52009	0.36986
chr4	147104247	147104259	1	0.113591	2	0.38228	0.51576	0.46667	0.35308
chr4	147086942	147086959	1	0.176648	2	0.19487	0.53496	0.89183	0.71518
chr4	147086989	147087001	1	0.108551	2	0.64538	0.94582	0.64789	0.53934
chr4	147087021	147087042	1	0.262832	2	0.020668	0.036056	0.4321	0.16926
chr4	147112452	147112454	1	-0.178140	2	0.037918	0.035274	0.40019	0.57833
chr4	147125435	147125442	1	0.134546	2	0.13038	0.15566	0.43467	0.30013
chr4	147131596	147131847	1	0.104464	3	0.088734	0.20447	0.93046	0.82599
chr4	147124824	147124826	1	0.147072	2	0.1049	0.14742	0.38691	0.23983
chr4	147133656	147133762	1	-0.109474	2	0.1049	0.47218	0.55063	0.6601
chr4	147132787	147132789	1	0.118607	2	0.1049	0.034719	0.48511	0.36651
chr4	147132817	147132834	1	0.151144	3	0.0068117	0.07016	0.67935	0.52821
chr4	147132834	147132853	1	0.254722	2	0.0018648	0.00093302	0.88109	0.62637
chr4	147141978	147141980	1	0.175078	2	0.049883	0.15566	0.54839	0.37331
chr4	147187817	147187820	1	-0.108978	2	0.50536	0.90914	0.60804	0.71701
chr4	147196266	147196268	1	0.174139	2	0.010412	0.037098	0.68751	0.51337
chr4	147232277	147232287	1	-0.109157	2	0.006993	0.0056915	0.87	0.97916
chr4	147233719	147233721	1	-0.161227	2	0.064957	0.15874	0.32326	0.48449
chr4	147236840	147236842	1	-0.192863	2	0.0029526	0.0062746	0.41771	0.61057
chr4	147219455	147219459	1	-0.162191	2	0.16053	0.14917	0.71979	0.88198
chr4	147219486	147219499	1	-0.136904	3	0.012094	0.0050286	0.7401	0.87701
chr4	147219578	147219584	1	-0.119792	2	0.2345	0.4955	0.53993	0.65972
chr4	147219584	147219586	1	0.100893	2	0.38228	0.30004	0.71181	0.61091
chr4	147219788	147219791	1	-0.183739	2	0.13038	0.16393	0.67221	0.85595
chr4	147254444	147254446	1	0.107707	2	0.064957	0.15791	0.93896	0.83125
chr4	147255392	147255394	1	-0.239103	2	0.0001554	0.00073292	0.17481	0.41391
chr4	147258716	147258755	1	0.202724	2	0.028127	0.1584	0.84602	0.6433
chr4	147266300	147266302	1	-0.114645	2	0.2345	0.45555	0.54274	0.65739
chr4	147266468	147266470	1	-0.105366	2	0.064957	0.1499	0.84761	0.95298
chr4	147268735	147268737	1	0.147657	2	0.014763	0.035543	0.52335	0.37569
chr4	147273639	147273705	1	0.131381	2	0.049883	0.039174	0.88572	0.75434
chr4	147271592	147271594	1	-0.271759	2	0.028127	0.15044	0.45863	0.73039
chr4	147275224	147275244	1	-0.167064	5	0.00065366	0.0017891	0.61077	0.77784
chr4	147275254	147275256	1	0.105070	2	0.19487	0.45749	0.73269	0.62762
chr4	147275306	147275310	1	-0.134491	2	0.27863	0.5175	0.46774	0.60223
chr4	147275424	147275433	1	0.119609	2	0.1049	0.14828	0.22515	0.10554
chr4	147285391	147285488	1	-0.102843	2	0.19487	0.16599	0.79286	0.8957
chr4	147275952	147275985	1	0.163823	6	0.035448	0.11618	0.40906	0.24524
chr4	147275998	147276002	1	-0.113857	2	0.19487	0.45703	0.37086	0.48472
chr4	147276071	147276078	1	-0.123016	2	0.27863	0.15699	0.51161	0.63462
chr4	147303142	147303144	1	-0.101328	2	0.049883	0.15052	0.87008	0.97141
chr4	147325974	147326055	1	0.104987	2	0.2345	0.14843	0.63542	0.53043
chr4	147332868	147332954	1	0.110101	3	0.014493	0.005091	0.8881	0.778
chr4	147334377	147334379	1	0.148139	2	0.049883	0.14964	0.82599	0.67785
chr4	147338367	147338416	1	-0.120569	2	0.27863	0.55024	0.69518	0.81575
chr4	147343315	147343317	1	-0.109140	2	0.020668	0.033828	0.80631	0.91545
chr4	147346438	147346593	1	-0.141759	2	0.2345	0.52213	0.62544	0.7672
chr4	147347508	147347523	1	0.106092	2	0.27863	0.23138	0.87017	0.76408
chr4	147339989	147339994	1	0.219433	2	0.014763	0.0415	0.76678	0.54735
chr4	147341061	147341063	1	0.101349	2	0.38228	0.49447	0.73021	0.62886
chr4	147391203	147391388	1	0.177455	2	0.082984	0.042944	0.83891	0.66146
chr4	147421436	147421438	1	-0.130013	2	0.028127	0.1524	0.14248	0.27249
chr4	147420443	147420445	1	0.109727	2	0.049883	0.15134	0.74958	0.63986
chr4	147425207	147425209	1	-0.197704	2	0.064957	0.14689	0.43239	0.6301
chr4	147425659	147425661	1	-0.132479	2	0.32821	0.50962	0.42579	0.55827
chr4	147402020	147402149	1	0.144652	2	0.006993	0.046679	0.93366	0.78901
chr4	147438892	147439068	1	0.125248	2	0.19487	0.20994	0.49489	0.36965
chr4	147428991	147429051	1	-0.107842	2	0.028127	0.037717	0.45668	0.56452
chr4	147449780	147449859	1	0.249834	2	0.004662	0.034983	0.55241	0.30257
chr4	147449953	147450170	1	-0.163401	3	0.10053	0.20589	0.5115	0.6749
chr4	147472177	147472287	1	0.159123	2	0.13038	0.16106	0.52976	0.37064
chr4	147492418	147492615	1	0.179461	3	0.088734	0.072041	0.85724	0.67778
chr4	147497206	147497278	1	0.137840	2	0.064957	0.1589	0.74461	0.60677
chr4	147497540	147497542	1	-0.147482	2	0.082984	0.45568	0.67202	0.81951
chr4	147527087	147527293	1	-0.123446	2	0.13038	0.46357	0.46148	0.58493
chr4	147529084	147529231	1	0.132643	2	0.19487	0.17178	0.80625	0.67361
chr4	147552824	147553029	1	-0.133654	2	0.13038	0.15411	0.8125	0.94615
chr4	147561236	147561459	1	-0.132455	2	0.4418	0.56141	0.60833	0.74079
chr4	147568870	147568872	1	-0.103125	2	0.082984	1	0.89687	1
chr4	147586177	147586179	1	0.133087	2	0.16053	0.47957	0.55173	0.41864
chr4	147602454	147602456	1	-0.173413	2	0.082984	0.080055	0.65298	0.82639
chr4	147609038	147609135	1	0.148810	2	0.064957	0.035646	0.91964	0.77083
chr4	147729707	147729715	1	0.117767	2	0.014763	0.033796	0.97049	0.85272
chr4	147744367	147744391	1	0.143601	2	0.082984	0.14888	0.92708	0.78348
chr4	147747265	147747267	1	-0.128472	2	0.020668	0.040519	0.85069	0.97917
chr4	147757704	147757807	1	0.127455	2	0.049883	0.15812	0.98214	0.85469
chr4	147760178	147760209	1	-0.113258	2	0.064957	0.040856	0.82216	0.93542
chr4	147764645	147764871	1	0.102661	2	0.38228	0.93172	0.84375	0.74109
chr4	147770132	147770212	1	0.138866	2	0.082984	0.034015	0.90417	0.7653
chr4	147778650	147778788	1	-0.144792	2	0.1049	0.15597	0.80833	0.95312
chr4	147808888	147808990	1	0.118914	3	0.19781	0.19285	0.83161	0.71269
chr4	148345065	148345114	1	-0.143498	2	0.27863	0.47333	0.59643	0.73993
chr4	149893581	149893672	1	0.160417	2	0.064957	0.15412	0.96875	0.80833
chr4	150262399	150262420	1	-0.104167	2	0.38228	1	0.89583	1
chr4	150850207	150850267	1	-0.255159	3	0.033241	0.12	0.30317	0.55833
chr4	151041499	151041519	1	-0.105357	2	0.082984	1	0.89464	1
chr4	151257721	151257727	1	0.112500	2	0.19487	1	1	0.8875
chr4	151721353	151721372	1	-0.222917	2	0.037918	0.037705	0.75625	0.97917
chr4	151895046	151895062	1	-0.138636	2	0.79845	0.90011	0.8375	0.97614
chr4	152156962	152156974	1	0.102083	2	0.38228	0.45727	0.8125	0.71042
chr4	152533042	152533053	1	0.100000	2	0.38228	0.72224	0.90208	0.80208
chr4	152547041	152547057	1	0.110417	2	0.19487	0.16481	0.92917	0.81875
chr4	152795558	152795604	1	-0.106944	3	0.15997	1	0.89306	1
chr4	153263516	153263524	1	0.114583	2	0.13038	0.47325	0.90625	0.79167
chr4	154802191	154802202	1	-0.109127	3	0.15997	0.45474	0.027778	0.1369
chr4	156004997	156005006	1	-0.104167	2	0.19487	1	0.89583	1
chr4	156330291	156330298	1	0.131770	2	0.38228	0.89972	0.48909	0.35732
chr4	156336920	156337027	1	0.101518	2	0.38228	0.45459	0.74882	0.6473
chr5	3013246	3013342	1	0.105231	2	0.57374	0.9426	0.675	0.56977
chr5	3193640	3193648	1	-0.381250	2	0.0003108	0.00071991	0.49167	0.87292
chr5	3351764	3351784	1	-0.111111	3	0.15997	1	0.88889	1
chr5	3689898	3689905	1	0.204861	2	0.19487	0.158	0.96528	0.76042
chr5	4268254	4268291	1	0.178571	2	0.037918	0.035663	0.7625	0.58393
chr5	4564060	4564260	1	-0.127679	2	0.50536	0.54879	0.62232	0.75
chr5	4915669	4915705	1	0.160417	2	0.082984	1	1	0.83958
chr5	4950301	4950321	1	-0.305060	2	0.020668	0.0068744	0.59375	0.89881
chr5	8711421	8711473	1	0.128770	3	0.14317	0.44721	0.97917	0.8504
chr5	9099929	9099932	1	0.162202	2	0.13038	0.1947	0.90179	0.73958
chr5	9226342	9226347	1	0.104167	2	0.19487	1	1	0.89583
chr5	14904045	14904345	1	-0.237442	2	0.037918	0.042291	0.66732	0.90476
chr5	14903537	14903539	1	-0.437004	2	0.0029526	0.0066073	0.28383	0.72083
chr5	14903626	14903628	1	0.141375	2	0.004662	0.0008712	0.27213	0.13076
chr5	14921911	14921914	1	0.110108	2	0.2345	0.16243	0.79205	0.68194
chr5	14924415	14924460	1	-0.257850	2	0.16053	0.21835	0.54597	0.80382
chr5	14927253	14927263	1	0.121186	4	0.00052556	0.0032601	0.14162	0.020433
chr5	14933577	14933783	1	-0.486606	3	0.0001028	0.00043298	0.17278	0.65939
chr5	14940538	14940540	1	0.133403	2	0.020668	0.0058428	0.73416	0.60076
chr5	14943504	14943536	1	-0.390179	2	0.006993	0.00776	0.5119	0.90208
chr5	14947487	14947489	1	-0.254727	2	0.0018648	0.0063496	0.51421	0.76893
chr5	14951234	14951236	1	-0.256034	2	0.064957	0.034152	0.3773	0.63333
chr5	14952068	14952070	1	-0.182480	2	0.006993	0.0060208	0.68866	0.87114
chr5	14952268	14952372	1	0.120996	2	0.064957	0.034402	0.196	0.075
chr5	14957216	14957218	1	-0.111093	2	0.028127	0.14999	0.70185	0.81294
chr5	14954384	14954386	1	-0.165329	2	0.0029526	0.0070563	0.62225	0.78758
chr5	14954462	14954464	1	-0.141731	2	0.50536	0.55756	0.49834	0.64007
chr5	14961040	14961584	1	-0.129612	8	0.0095575	0.018554	0.70919	0.8388
chr5	14964034	14964186	1	0.147277	6	0.0036448	0.01127	0.72108	0.5738
chr5	14977581	14977588	1	0.123416	2	0.19487	0.19323	0.90867	0.78526
chr5	14973475	14973492	1	-0.201860	2	0.19487	0.22511	0.44256	0.64442
chr5	14973620	14973622	1	-0.272842	2	0.0003108	0.00090338	0.42937	0.70221
chr5	14983112	14983216	1	-0.111746	2	0.037918	0.0062892	0.7945	0.90625
chr5	14994209	14994456	1	-0.125382	4	0.0059361	0.019122	0.7806	0.90599
chr5	14998255	14998273	1	-0.102531	2	0.082984	0.15029	0.76285	0.86538
chr5	15000019	15000043	1	-0.357932	2	0.0001554	0.00089944	0.60243	0.96036
chr5	15003725	15003727	1	0.215178	2	0.064957	0.059796	0.92178	0.7066
chr5	15005992	15005994	1	-0.108363	2	0.028127	0.034417	0.83985	0.94821
chr5	15009036	15009148	1	-0.215089	3	0.0011146	0.0055613	0.65339	0.86848
chr5	15011717	15011720	1	-0.468264	2	0.0001554	5.8043e-05	0.3859	0.85417
chr5	15006719	15006721	1	-0.179327	2	0.0001554	0.00086843	0.77894	0.95827
chr5	15007593	15007886	1	0.132678	2	0.020668	0.0059512	0.84618	0.7135
chr5	15008037	15008039	1	-0.236210	2	0.0006216	0.00067766	0.70268	0.93889
chr5	15015873	15016023	1	-0.104762	2	0.4418	0.18497	0.67411	0.77887
chr5	15019888	15019890	1	-0.131575	2	0.27863	0.20943	0.41009	0.54167
chr5	15020854	15020974	1	-0.157896	2	0.19487	0.51007	0.5862	0.7441
chr5	15021307	15021309	1	-0.186013	2	0.0006216	0.0057735	0.70006	0.88607
chr5	15021777	15022037	1	-0.183632	2	0.004662	0.041214	0.70478	0.88841
chr5	15024793	15024795	1	0.190119	2	0.010412	0.035872	0.94859	0.75847
chr5	15032237	15032254	1	-0.167840	2	0.037918	0.041914	0.74883	0.91667
chr5	15033962	15033964	1	-0.209796	2	0.082984	0.038703	0.37949	0.58929
chr5	15022881	15022883	1	-0.327429	2	0.0010878	0.00076796	0.54707	0.8745
chr5	15023377	15023379	1	-0.212621	2	0.0006216	0.00085082	0.74224	0.95486
chr5	15037445	15037508	1	-0.169592	2	0.0029526	0.0085892	0.71811	0.8877
chr5	15039736	15039789	1	-0.145312	2	0.1049	0.037842	0.69427	0.83958
chr5	15041274	15041335	1	-0.187733	3	3.3282e-05	0.0001984	0.076764	0.2645
chr5	15044509	15044617	1	-0.113317	2	0.020668	0.1516	0.82991	0.94323
chr5	15051078	15051081	1	-0.181618	2	0.014763	0.047154	0.73058	0.9122
chr5	15043335	15043836	1	-0.131368	8	0.0024091	0.0038549	0.64826	0.77963
chr5	15043938	15043940	1	-0.128686	2	0.049883	0.15585	0.59231	0.721
chr5	15045268	15045368	1	-0.171128	3	0.014493	0.07539	0.68224	0.85337
chr5	15053890	15053922	1	-0.167169	2	0.1049	0.18652	0.68771	0.85488
chr5	15463663	15463770	1	-0.110160	2	0.19487	0.056418	0.52631	0.63647
chr5	15465035	15465037	1	-0.108777	2	0.010412	0.005954	0.85486	0.96364
chr5	15467966	15467981	1	0.138376	4	0.015861	0.01928	0.4953	0.35693
chr5	15466530	15466654	1	0.313054	3	0.0023164	0.0061707	0.76603	0.45298
chr5	15470217	15470219	1	0.146230	2	0.0018648	0.0076129	0.91723	0.771
chr5	15461618	15461648	1	-0.106774	2	0.064957	0.23419	0.78509	0.89187
chr5	15462371	15462597	1	-0.167610	5	0.0026772	0.0054828	0.72431	0.89192
chr5	15462687	15462689	1	0.166013	2	0.006993	0.007426	0.56155	0.39554
chr5	15462733	15462779	1	-0.171717	2	0.1049	0.16886	0.33037	0.50208
chr5	15462811	15462815	1	-0.175461	2	0.037918	0.17506	0.63763	0.8131
chr5	15468624	15468820	1	0.161140	2	0.32821	0.16021	0.82677	0.66563
chr5	15468838	15468840	1	-0.136211	2	0.064957	0.039889	0.68136	0.81757
chr5	15468885	15468887	1	-0.219872	2	0.010412	0.0057102	0.44541	0.66528
chr5	15483077	15483079	1	-0.160665	2	0.19487	0.16687	0.5221	0.68277
chr5	15485039	15485533	1	-0.120755	5	0.061978	0.08828	0.46517	0.58592
chr5	15487087	15487091	1	-0.177363	2	0.014763	0.0069168	0.72194	0.89931
chr5	15483672	15483736	1	-0.214673	2	0.004662	0.044138	0.65512	0.86979
chr5	15507726	15507769	1	-0.174220	2	0.010412	0.035693	0.74258	0.9168
chr5	15509498	15509552	1	-0.117186	2	0.020668	0.044685	0.64147	0.75866
chr5	15506666	15506678	1	0.114583	2	0.1049	0.14865	0.95417	0.83958
chr5	15506978	15506992	1	0.115259	2	0.38228	0.46576	0.80068	0.68542
chr5	15507030	15507034	1	0.339475	2	0.020668	0.009384	0.55198	0.2125
chr5	15508272	15508274	1	0.121494	2	0.082984	0.03888	0.23718	0.11569
chr5	15508402	15508428	1	-0.176306	2	0.13038	0.22941	0.43411	0.61042
chr5	15517641	15517643	1	0.175332	2	0.006993	0.0065697	0.63188	0.45655
chr5	15514107	15514109	1	-0.354466	2	0.0018648	0.00068821	0.58601	0.94048
chr5	15514603	15514605	1	-0.240025	2	0.0006216	0.00077856	0.70343	0.94345
chr5	15514982	15515030	1	-0.133345	2	0.020668	0.035385	0.84582	0.97917
chr5	15526543	15526586	1	-0.161364	2	0.27863	0.55254	0.46468	0.62604
chr5	15530551	15530766	1	-0.116258	5	0.00096647	0.00052867	0.81003	0.92629
chr5	15538727	15538729	1	-0.132031	2	0.082984	0.040381	0.78464	0.91667
chr5	15541688	15541741	1	-0.240142	2	0.028127	0.16635	0.58069	0.82083
chr5	15552366	15552376	1	-0.111140	2	0.028127	0.034872	0.84323	0.95437
chr5	15553637	15553639	1	0.117916	2	0.19487	0.041242	0.85304	0.73512
chr5	15553728	15553730	1	-0.124851	2	0.028127	0.0057853	0.41116	0.53601
chr5	15554493	15554495	1	-0.137883	2	0.020668	0.042615	0.69575	0.83363
chr5	15577565	15577644	1	-0.131689	2	0.1049	0.17502	0.76712	0.89881
chr5	15587598	15587610	1	-0.112897	2	0.32821	0.15909	0.65675	0.76964
chr5	15588639	15588685	1	0.253057	2	0.1049	0.043682	0.56556	0.3125
chr5	15588836	15588860	1	0.133807	2	0.020668	0.0063004	0.89886	0.76505
chr5	15594945	15595287	1	-0.147842	4	0.012866	0.010876	0.67567	0.82351
chr5	15600524	15600528	1	0.125224	2	0.2345	0.14716	0.514	0.38877
chr5	15601571	15601647	1	-0.122672	2	0.2345	0.22868	0.43439	0.55707
chr5	15603807	15603853	1	-0.273978	2	0.0001554	0.0011155	0.35682	0.6308
chr5	15606000	15606002	1	-0.178147	2	0.13038	0.1755	0.60608	0.78423
chr5	15608355	15608358	1	0.102212	2	0.79845	0.15346	0.88129	0.77908
chr5	15606641	15606692	1	-0.184536	2	0.082984	0.16545	0.35654	0.54107
chr5	15606922	15606924	1	-0.207222	2	0.004662	0.00074943	0.71917	0.92639
chr5	15616240	15616414	1	-0.136545	2	0.014763	0.0059632	0.83221	0.96875
chr5	15632316	15632465	1	-0.248962	2	0.049883	0.20137	0.49248	0.74144
chr5	15631475	15631533	1	-0.208333	2	0.037918	0.036835	0.77083	0.97917
chr5	15642321	15642323	1	-0.193050	2	0.020668	0.0086617	0.74445	0.9375
chr5	15630271	15630273	1	0.117036	2	0.19487	0.47277	0.26704	0.15
chr5	15630279	15630352	1	0.182831	2	0.020668	0.0098162	0.28715	0.10432
chr5	15630879	15631067	1	0.113114	2	0.037918	0.036417	0.66516	0.55205
chr5	15644428	15644671	1	-0.146117	2	0.010412	0.0061296	0.83282	0.97894
chr5	15645080	15645268	1	-0.181944	3	0.0018298	0.0054974	0.80139	0.98333
chr5	15645972	15645974	1	0.116121	2	0.16053	0.14898	0.31195	0.19583
chr5	15659126	15659140	1	0.106316	2	0.50536	0.51519	0.64277	0.53646
chr5	15661516	15661579	1	-0.187298	2	0.049883	0.15248	0.62331	0.81061
chr5	15671116	15671118	1	-0.442245	2	0.004662	0.00069368	0.16192	0.60417
chr5	15677715	15678769	1	-0.111032	11	0.00019121	5.1736e-05	0.76786	0.87889
chr5	15680578	15680580	1	-0.184502	2	0.010412	0.005604	0.29852	0.48302
chr5	15680642	15680647	1	-0.299265	4	0.00060427	0.00090955	0.43665	0.73591
chr5	15680708	15680710	1	0.230849	2	0.0010878	0.006881	0.86223	0.63138
chr5	15681821	15681823	1	0.221404	2	0.006993	0.035394	0.71432	0.49292
chr5	15681873	15681903	1	0.188832	2	0.0001554	0.00090133	0.75168	0.56285
chr5	15687360	15687406	1	-0.128967	6	0.028839	0.040173	0.75853	0.8875
chr5	15688559	15688561	1	0.159156	2	0.1049	0.17269	0.71422	0.55506
chr5	15688582	15688610	1	-0.189311	2	0.006993	0.037955	0.7095	0.89881
chr5	15689587	15689759	1	-0.111600	6	0.050128	0.084828	0.38278	0.49438
chr5	15700594	15700611	1	-0.159007	2	0.13038	0.21659	0.64967	0.80868
chr5	15702390	15702458	1	-0.183833	2	0.0018648	0.00090909	0.78839	0.97222
chr5	15702855	15702859	1	-0.143087	2	0.049883	0.042939	0.74479	0.88788
chr5	15702887	15702901	1	0.209525	2	0.037918	0.045607	0.87096	0.66143
chr5	15702985	15702987	1	0.143476	2	0.028127	0.0056579	0.33998	0.1965
chr5	15703085	15703087	1	0.105986	2	0.0018648	0.0008093	0.13575	0.029762
chr5	15835398	15835401	1	0.166667	2	0.32821	0.90321	0.97917	0.8125
chr5	16145541	16145552	1	0.114583	2	0.38228	0.90313	0.95833	0.84375
chr5	17467893	17467943	1	-0.154697	2	0.049883	0.041291	0.73211	0.88681
chr5	18436577	18436587	1	-0.162500	2	0.19487	0.4559	0.10833	0.27083
chr5	26006953	26006955	1	0.135577	2	0.16053	0.45505	0.72622	0.59064
chr5	26007696	26007855	1	-0.144196	2	0.32821	0.52324	0.4131	0.55729
chr5	26034937	26034956	1	-0.117289	2	0.27863	0.51122	0.7454	0.86269
chr5	28000659	28000678	1	0.107887	2	0.13038	0.15345	0.94643	0.83854
chr5	29945917	29945972	1	0.154861	3	0.012094	1	1	0.84514
chr5	32115620	32115626	1	-0.104167	2	0.19487	1	0.89583	1
chr5	32132106	32132121	1	0.115625	2	0.16053	0.46787	0.975	0.85938
chr5	32739320	32739333	1	-0.213367	2	0.0003108	0.0014113	0.67277	0.88614
chr5	32739344	32739487	1	-0.103075	2	0.27863	0.179	0.73254	0.83561
chr5	33571196	33571213	1	-0.154167	2	0.064957	0.15736	0.82083	0.975
chr5	33683087	33683121	1	0.162500	2	0.1049	0.16366	0.42292	0.26042
chr5	34692133	34692153	1	0.104167	2	0.38228	1	1	0.89583
chr5	35318613	35318681	1	0.154167	2	0.19487	0.47794	0.95833	0.80417
chr5	35919945	35919964	1	0.108333	2	0.13038	0.15295	0.98611	0.87778
chr5	36898063	36898070	1	-0.106250	2	0.2345	0.45748	0.81042	0.91667
chr5	37826579	37826599	1	0.131250	2	0.4418	0.9241	0.26458	0.13333
chr5	38493962	38493982	1	0.106250	2	0.4418	0.46456	0.72917	0.62292
chr5	40672582	40672687	1	-0.197917	2	0.13038	0.16968	0.70625	0.90417
chr5	44046494	44046582	1	-0.135417	2	0.19487	0.46176	0.77083	0.90625
chr5	46878930	46878978	1	0.113394	2	0.049883	0.039015	0.84638	0.73299
chr5	49623491	49623498	1	-0.105208	2	0.19487	0.15213	0.85417	0.95937
chr5	50138422	50138435	1	0.106061	2	0.082984	1	1	0.89394
chr5	52570298	52570337	1	0.196429	2	0.020668	0.041653	0.93333	0.7369
chr5	52837632	52837644	1	0.125000	2	0.19487	0.14956	0.89583	0.77083
chr5	52861272	52861433	1	0.114583	2	0.19487	1	1	0.88542
chr5	53509609	53509631	1	0.262054	2	0.0029526	0.0067055	0.88333	0.62128
chr5	57898753	57898766	1	0.114583	2	0.19487	1	1	0.88542
chr5	58825982	58826044	1	-0.172619	2	0.79845	0.92512	0.71875	0.89137
chr5	64478274	64478299	1	-0.113194	3	0.14317	0.19312	0.76181	0.875
chr5	65037106	65037120	1	0.111111	2	0.082984	1	1	0.88889
chr5	65108666	65108686	1	-0.170833	3	0.14317	0.45768	0.69444	0.86528
chr5	65169954	65170000	1	-0.104861	2	0.082984	1	0.89514	1
chr5	65536499	65536506	1	-0.183333	2	0.064957	0.042418	0.26042	0.44375
chr5	66069317	66069353	1	-0.134821	2	0.19487	0.48318	0.18601	0.32083
chr5	66895951	66895955	1	0.218750	2	0.082984	0.14789	0.60625	0.3875
chr5	66976280	66976286	1	-0.151245	2	0.064957	0.15725	0.78923	0.94048
chr5	67669482	67669500	1	-0.560417	2	0.010412	0.0059591	0.41875	0.97917
chr5	70863012	70863020	1	0.114583	2	0.19487	0.51525	0.95833	0.84375
chr5	73380934	73380942	1	0.260417	2	0.082984	0.17789	0.77083	0.51042
chr5	73818518	73818534	1	0.134821	2	0.38228	0.53735	0.83125	0.69643
chr5	74151175	74151186	1	0.158333	3	0.028421	0.070035	0.97917	0.82083
chr5	74433269	74433316	1	-0.450000	2	0.0006216	0.00080498	0.041667	0.49167
chr5	74931752	74931769	1	0.106250	2	0.19487	0.48056	0.95833	0.85208
chr5	75216945	75217101	1	0.411458	2	0.0029526	0.0071422	0.78333	0.37188
chr5	75450161	75450172	1	0.152083	2	0.064957	0.14945	0.83958	0.6875
chr5	75591222	75591237	1	-0.106250	2	0.2345	0.47515	0.83125	0.9375
chr5	75852910	75852953	1	0.216964	2	0.19487	0.19349	0.63333	0.41637
chr5	76858058	76858064	1	0.225694	2	0.16053	0.19671	0.80729	0.5816
chr5	77735335	77735358	1	-0.119048	2	0.2345	0.46355	0.8247	0.94375
chr5	77868084	77868157	1	0.119792	2	0.082984	0.17728	0.96875	0.84896
chr5	79468088	79468138	1	0.129789	2	0.32821	0.57839	0.78693	0.65714
chr5	86803820	86803835	1	-0.208333	2	0.064957	0.14822	0.30833	0.51667
chr5	88994203	88994224	1	-0.148065	2	0.037918	0.037686	0.83631	0.98438
chr5	89839728	89839757	1	-0.425000	2	0.0018648	0.010982	0.15625	0.58125
chr5	92278551	92278646	1	-0.177083	2	0.064957	0.036839	0.43542	0.6125
chr5	92398597	92398613	1	0.151042	2	0.27863	0.52287	0.73611	0.58507
chr5	92599198	92599205	1	-0.116667	2	0.19487	0.46159	0.84167	0.95833
chr5	93624081	93624358	1	-0.219900	2	0.028127	0.042232	0.7426	0.9625
chr5	93651419	93651428	1	-0.224053	2	0.037918	0.037053	0.76458	0.98864
chr5	93661135	93661286	1	0.106250	2	0.4418	0.93932	0.81458	0.70833
chr5	93662482	93662654	1	-0.111905	2	0.32821	0.46675	0.725	0.8369
chr5	94197093	94197125	1	-0.224107	2	0.006993	0.039308	0.66756	0.89167
chr5	94254501	94254554	1	-0.125000	2	0.028127	0.034807	0.83929	0.96429
chr5	94286846	94286859	1	-0.164583	2	0.19487	1	0.83542	1
chr5	94366586	94366592	1	-0.127976	2	0.037918	0.035481	0.85417	0.98214
chr5	94388109	94388118	1	-0.140278	2	0.19487	0.14885	0.825	0.96528
chr5	94396460	94396726	1	-0.200000	2	0.2345	0.47434	0.75	0.95
chr5	94464577	94464601	1	-0.235753	2	0.064957	0.47717	0.34728	0.58304
chr5	94716643	94716713	1	-0.181832	2	0.064957	0.043004	0.73436	0.91619
chr5	94713883	94713890	1	0.198214	2	0.037918	0.035211	0.975	0.77679
chr5	94721232	94721339	1	0.111359	2	0.50536	0.93253	0.85193	0.74058
chr5	94806688	94806734	1	0.162500	2	0.082984	0.16546	0.95417	0.79167
chr5	95053799	95053801	1	0.169078	2	0.16053	0.31047	0.75516	0.58608
chr5	95231962	95232289	1	-0.108300	3	0.044902	0.19371	0.86276	0.97106
chr5	95248687	95248689	1	0.258528	2	0.020668	0.043532	0.65625	0.39772
chr5	95249045	95249102	1	-0.119815	2	0.13038	0.14929	0.72812	0.84794
chr5	95807928	95808071	1	0.119048	2	0.082984	1	1	0.88095
chr5	95958574	95958583	1	-0.158333	2	0.082984	1	0.84167	1
chr5	96056915	96056918	1	-0.331845	2	0.006993	1	0.66815	1
chr5	98889977	98889988	1	0.185417	2	0.028127	1	1	0.81458
chr5	99670442	99670451	1	-0.111012	2	0.57374	0.46538	0.5244	0.63542
chr5	100078450	100078686	1	0.229167	2	0.028127	1	1	0.77083
chr5	100535909	100536001	1	0.140278	3	0.051865	0.070417	0.98611	0.84583
chr5	100709108	100709113	1	-0.177083	2	0.014763	0.039285	0.77708	0.95417
chr5	101676239	101676250	1	-0.106250	2	0.19487	0.14917	0.8625	0.96875
chr5	101772889	101772896	1	-0.121726	2	0.27863	0.46918	0.86042	0.98214
chr5	102221596	102221629	1	-0.151190	2	0.082984	0.15668	0.80714	0.95833
chr5	102262123	102262141	1	0.212500	2	0.13038	0.46119	0.79792	0.58542
chr5	103155954	103156014	1	0.104167	2	0.16053	0.46638	0.975	0.87083
chr5	104860042	104860076	1	0.202778	3	0.051865	0.19382	0.51032	0.30754
chr5	105441069	105441285	1	0.290179	2	0.0029526	0.006552	0.9375	0.64732
chr5	105846154	105846175	1	0.101687	2	0.19487	0.51061	0.92708	0.8254
chr5	106163910	106163921	1	-0.101190	2	0.13038	0.15098	0.88631	0.9875
chr5	106238938	106238952	1	-0.108333	2	0.19487	1	0.89167	1
chr5	106376941	106377002	1	-0.133333	2	0.049883	0.1708	0.84583	0.97917
chr5	107521967	107521993	1	-0.193849	3	0.010045	0.0056829	0.15476	0.34861
chr5	109171945	109172020	1	-0.113636	2	0.4418	0.48825	0.81042	0.92405
chr5	109391498	109391732	1	0.218750	2	0.064957	0.16939	0.975	0.75625
chr5	109548536	109548582	1	-0.312500	2	0.064957	0.0404	0.52083	0.83333
chr5	110419767	110419789	1	0.101190	2	0.19487	1	1	0.89881
chr5	110582864	110582900	1	0.170833	3	0.088734	0.20749	0.85556	0.68472
chr5	111408869	111408925	1	0.215833	5	0.0074072	0.02404	0.86917	0.65333
chr5	111968283	111968289	1	-0.217262	2	0.049883	0.15755	0.75149	0.96875
chr5	112053136	112053139	1	0.152083	2	0.2345	0.47362	0.93333	0.78125
chr5	112163572	112163580	1	-0.225000	2	0.16053	0.17881	0.18125	0.40625
chr5	112665001	112665050	1	-0.141667	2	0.082984	1	0.85833	1
chr5	113063427	113063497	1	0.137500	2	0.082984	1	1	0.8625
chr5	114804805	114804831	1	0.116071	2	0.19487	0.46419	0.82292	0.70685
chr5	115207648	115207656	1	0.168155	2	0.2345	0.15167	0.69792	0.52976
chr5	115552179	115552246	1	0.114583	4	0.13167	1	1	0.88542
chr5	115735821	115735823	1	0.147917	2	0.13038	0.15225	0.78125	0.63333
chr5	115757426	115757464	1	0.200893	2	0.27863	0.45508	0.92708	0.72619
chr5	116040421	116040425	1	0.204167	2	0.13038	0.17148	0.77083	0.56667
chr5	116167261	116167264	1	0.145833	2	0.4418	0.47807	0.9375	0.79167
chr5	116588555	116588646	1	0.211012	2	0.19487	0.092258	0.72173	0.51071
chr5	118514675	118514683	1	-0.135417	2	0.38228	0.45702	0.35833	0.49375
chr5	118528710	118528749	1	0.124851	2	0.32821	0.45573	0.92485	0.8
chr5	119022687	119022696	1	0.125000	2	0.32821	0.90313	0.96875	0.84375
chr5	119235541	119235546	1	-0.191667	2	0.13038	0.159	0.7875	0.97917
chr5	119290595	119290600	1	-0.159722	2	0.049883	0.15784	0.8125	0.97222
chr5	119543126	119543157	1	-0.110417	2	0.082984	0.038185	0.83958	0.95
chr5	119668312	119668341	1	0.135417	2	0.19487	0.47337	0.17708	0.041667
chr5	120083010	120083084	1	0.120833	4	0.07044	1	1	0.87917
chr5	120267268	120267274	1	-0.114583	2	0.19487	1	0.88542	1
chr5	120837576	120837586	1	0.125000	2	0.32821	0.46589	0.3125	0.1875
chr5	120995358	120995365	1	-0.123214	2	0.13038	0.16516	0.77679	0.9
chr5	122540471	122540487	1	0.160516	3	0.0036366	1	1	0.83948
chr5	123464125	123464246	1	0.102431	4	0.17484	0.19756	0.97743	0.875
chr5	123646194	123646205	1	0.120188	2	0.57374	0.28101	0.70352	0.58333
chr5	124493882	124493927	1	-0.120238	2	0.19487	1	0.87976	1
chr5	124607884	124607900	1	0.156250	2	0.19487	0.48287	0.96875	0.8125
chr5	124621725	124621747	1	-0.244444	2	0.082984	0.18652	0.48958	0.73403
chr5	124762977	124762988	1	0.131250	2	0.082984	1	1	0.86875
chr5	127691748	127691801	1	-0.156944	2	0.13038	0.18049	0.81806	0.975
chr5	129030819	129030823	1	-0.104167	2	0.19487	1	0.89583	1
chr5	129053152	129053215	1	0.180853	2	0.19487	0.47841	0.71905	0.53819
chr5	129053234	129053237	1	0.118750	2	0.2345	0.50164	0.625	0.50625
chr5	129493689	129493700	1	-0.100893	2	0.2345	0.4706	0.81875	0.91964
chr5	130853266	130853277	1	-0.127381	2	0.16053	0.45951	0.46042	0.5878
chr5	131081389	131081450	1	0.293155	2	0.020668	0.036484	0.79167	0.49851
chr5	131536556	131536720	1	-0.126042	2	0.13038	0.16858	0.24896	0.375
chr5	132842193	132842318	1	-0.109375	2	0.082984	0.15412	0.86562	0.975
chr5	134269819	134269824	1	-0.223106	2	0.1049	0.15012	0.66667	0.88977
chr5	134482711	134482727	1	0.118750	2	0.32821	0.50878	0.7625	0.64375
chr5	135094594	135094754	1	-0.133333	2	0.13038	0.15962	0.79375	0.92708
chr5	135756432	135756442	1	-0.150000	2	0.037918	0.036387	0.82917	0.97917
chr5	136354877	136354910	1	-0.129960	3	0.24152	0.46929	0.76587	0.89583
chr5	137180183	137180255	1	-0.108665	2	0.4418	0.94689	0.39807	0.50673
chr5	138528130	138528213	1	0.135913	2	0.037918	0.0065793	0.89583	0.75992
chr5	138881743	138881795	1	0.106944	3	0.033241	1	1	0.89306
chr5	139918780	139918833	1	-0.220833	2	0.020668	0.0061515	0.62292	0.84375
chr5	140378926	140378935	1	-0.125000	2	0.38228	1	0.875	1
chr5	140510569	140510589	1	-0.107077	3	0.12769	0.44393	0.86019	0.96726
chr5	141076173	141076185	1	-0.114583	2	0.082984	1	0.88542	1
chr5	142325798	142325881	1	0.135417	2	0.082984	1	1	0.86458
chr5	142625414	142625500	1	-0.134280	2	0.16053	0.48505	0.78447	0.91875
chr5	143447007	143447104	1	0.126190	2	0.082984	1	1	0.87381
chr5	144766914	144766932	1	0.137202	2	0.38228	0.2944	0.6622	0.525
chr5	145377427	145377461	1	-0.100694	2	0.27863	0.46704	0.88542	0.98611
chr5	145569407	145569437	1	-0.122817	2	0.32821	0.49195	0.72321	0.84603
chr5	145602165	145602446	1	0.229079	2	0.037918	0.0069982	0.8691	0.64002
chr5	145624240	145624285	1	-0.176257	3	0.19781	0.12729	0.37278	0.54904
chr5	145630518	145630752	1	0.177644	2	0.27863	0.55666	0.58315	0.40551
chr5	145650337	145650569	1	-0.103571	2	0.13038	0.14778	0.69345	0.79702
chr5	145654887	145654895	1	-0.160119	2	0.13038	0.18988	0.6349	0.79502
chr5	145659249	145659296	1	-0.149835	3	0.044902	0.12531	0.76488	0.91472
chr5	145662271	145662307	1	-0.180452	2	0.082984	0.14799	0.79256	0.97301
chr5	145676196	145676299	1	0.100893	2	0.32821	0.51448	0.87798	0.77708
chr5	145679649	145679679	1	0.110863	2	0.57374	0.45521	0.81473	0.70387
chr5	145681290	145681347	1	-0.227366	2	0.16053	0.16048	0.47273	0.7001
chr5	145680264	145680341	1	-0.112302	2	0.16053	0.46091	0.70526	0.81756
chr5	145682369	145682572	1	0.133424	2	0.57374	0.93228	0.88261	0.74919
chr5	145686948	145686952	1	0.126736	2	0.028127	1	1	0.87326
chr5	145690724	145690815	1	0.102232	2	0.2345	0.45632	0.95312	0.85089
chr5	145742805	145742981	1	-0.193750	2	0.028127	1	0.80625	1
chr5	145759593	145759869	1	-0.263194	2	0.16053	0.52394	0.63115	0.89435
chr5	145929980	145930012	1	0.161841	2	0.16053	0.15701	0.91964	0.7578
chr5	146260982	146260996	1	0.169900	2	0.13038	0.53053	0.70522	0.53532
chr5	146261014	146261018	1	0.133114	2	0.006993	0.00086854	0.3006	0.16748
chr5	146422739	146422802	1	-0.106101	4	0.1051	0.085134	0.82396	0.93006
chr5	146908628	146908633	1	0.125000	2	0.2345	0.47685	0.91667	0.79167
chr5	147236241	147236249	1	-0.219643	2	0.010412	0.0060696	0.7625	0.98214
chr5	147428334	147428338	1	0.104167	2	0.19487	1	1	0.89583
chr5	147539795	147539804	1	-0.202083	2	0.006993	1	0.79792	1
chr5	147606112	147606133	1	0.112500	2	0.19487	1	1	0.8875
chr5	148553834	148553838	1	0.153571	2	0.028127	1	1	0.84643
chr5	149286188	149286198	1	-0.137500	2	0.1049	0.16165	0.60833	0.74583
chr5	149427460	149427493	1	0.124306	3	0.17818	0.19976	0.93125	0.80694
chr5	149646757	149646845	1	-0.176042	2	0.2345	0.18436	0.31146	0.4875
chr5	151089251	151089265	1	0.135417	2	0.19487	0.15749	0.82292	0.6875
chr6	3143485	3143487	1	-0.117631	2	0.13038	0.46677	0.72857	0.84621
chr6	3199610	3199657	1	0.175000	2	0.082984	1	1	0.825
chr6	3182597	3182743	1	-0.144928	7	0.023736	0.14442	0.36276	0.50768
chr6	3182750	3182870	1	-0.259936	2	0.049883	0.036548	0.16667	0.4266
chr6	3183280	3183327	1	0.173485	4	0.014294	0.032361	0.52122	0.34773
chr6	3183454	3183642	1	-0.102802	2	0.4418	0.72751	0.53615	0.63895
chr6	3184012	3184312	1	0.118381	3	0.19781	0.21217	0.44511	0.32673
chr6	3201150	3201156	1	-0.147222	2	0.19487	0.4585	0.73125	0.87847
chr6	3201158	3201161	1	-0.357986	2	0.0018648	0.0056104	0.49271	0.85069
chr6	3201166	3201284	1	-0.124346	23	0.00020762	0.0043538	0.43788	0.56223
chr6	4092378	4092413	1	0.335417	2	0.0018648	0.0056391	0.91667	0.58125
chr6	5382400	5382417	1	0.101190	2	0.50536	0.72967	0.48958	0.38839
chr6	5930330	5930333	1	0.104167	2	0.19487	1	1	0.89583
chr6	9563724	9563743	1	0.110417	2	0.1049	0.15666	0.95833	0.84792
chr6	12259756	12259776	1	0.145833	2	0.082984	1	1	0.85417
chr6	13036194	13036252	1	0.181250	2	0.037918	0.035224	0.97917	0.79792
chr6	15803636	15803672	1	-0.103968	2	0.27863	0.45983	0.375	0.47897
chr6	16921750	16921775	1	0.107440	2	0.4418	0.55442	0.66667	0.55923
chr6	18817116	18817171	1	-0.158333	2	0.1049	0.16996	0.7375	0.89583
chr6	21774659	21774708	1	0.269792	2	0.006993	1	1	0.73021
chr6	21806986	21806998	1	0.138393	2	0.037918	0.035783	0.98214	0.84375
chr6	22290808	22290822	1	0.270833	2	0.049883	0.16317	0.90625	0.63542
chr6	28491030	28491057	1	-0.195833	2	0.2345	0.17433	0.24792	0.44375
chr6	30738180	30738306	0.00014357	-0.225625	20	4.2855e-14	1.2908e-09	0.61836	0.84399
chr6	31045698	31045736	1	0.105903	2	0.082984	1	1	0.8941
chr6	31362995	31362999	1	-0.158333	2	0.082984	1	0.84167	1
chr6	31825215	31825230	1	-0.123214	2	0.028127	0.038416	0.85179	0.975
chr6	32716442	32716478	1	-0.117063	3	0.31859	0.45553	0.79167	0.90873
chr6	34869438	34869460	1	0.191667	2	0.2345	0.48985	0.53333	0.34167
chr6	36673460	36673495	1	0.104167	2	0.13038	0.16704	0.95833	0.85417
chr6	37181853	37181883	1	0.114583	2	0.27863	0.9273	0.92708	0.8125
chr6	38365291	38365328	1	0.285962	2	0.0018648	0.0061841	0.98214	0.69618
chr6	38550446	38550459	1	-0.381967	2	0.0029526	0.034193	0.088542	0.47051
chr6	39613418	39613424	1	0.154167	2	0.082984	1	1	0.84583
chr6	40097163	40097202	1	0.127083	2	0.32821	0.45813	0.90417	0.77708
chr6	42293419	42293427	1	-0.217361	3	0.068361	0.20418	0.44444	0.66181
chr6	42563638	42563663	1	0.177679	2	0.13038	0.15237	0.80625	0.62857
chr6	47277822	47277869	1	-0.214583	2	0.028127	1	0	0.21458
chr6	47324319	47324327	1	0.102381	2	0.1049	0.15101	0.95833	0.85595
chr6	47653093	47653166	1	0.148287	5	9.1555e-06	1.6359e-05	0.90391	0.75562
chr6	47659943	47659951	1	0.158532	2	0.2345	0.47803	0.44167	0.28313
chr6	47663266	47663298	1	0.102539	2	0.16053	0.15944	0.91788	0.81534
chr6	47675852	47675860	1	0.111869	2	0.2345	0.21914	0.70246	0.59059
chr6	47743990	47744008	1	0.168475	2	0.006993	0.0065887	0.93899	0.77051
chr6	47747989	47748003	1	0.169836	2	0.0001554	0.00010212	0.97374	0.80391
chr6	47748325	47748486	1	0.100749	15	0.036242	0.179	0.58032	0.47957
chr6	47757998	47758014	1	0.101190	3	0.58988	0.795	0.125	0.02381
chr6	47761942	47761944	1	0.130985	2	0.0029526	0.0060512	0.98611	0.85513
chr6	47761961	47761963	1	0.106793	2	0.014763	0.15675	0.94881	0.84202
chr6	47759589	47759591	1	0.150255	2	0.0010878	0.00093125	0.93962	0.78937
chr6	47771424	47771438	1	0.148459	2	0.082984	1	1	0.85154
chr6	47771976	47771984	1	0.184325	2	0.064957	0.036185	0.79444	0.61012
chr6	47778074	47778116	1	0.128066	4	0.00010362	0.00039905	0.90999	0.78193
chr6	48291668	48291709	1	0.118842	2	0.037918	0.035289	0.26428	0.14544
chr6	48291873	48291958	1	-0.129167	2	0.064957	0.16277	0.8125	0.94167
chr6	48293703	48293746	1	0.136806	2	0.037918	0.03542	0.98611	0.84931
chr6	49824751	49824754	1	0.202976	2	0.064957	0.17711	0.87708	0.67411
chr6	51789713	51789744	1	-0.106250	2	0.32821	0.90629	0.8625	0.96875
chr6	52076230	52076254	1	-0.650694	2	0.0001554	6.0405e-05	0.14931	0.8
chr6	52254739	52254751	1	0.200000	2	0.037918	0.041544	0.22083	0.020833
chr6	53389507	53389582	1	-0.129167	2	0.4418	0.5531	0.55833	0.6875
chr6	53882695	53882701	1	0.116071	2	0.082984	1	1	0.88393
chr6	54151689	54151710	1	-0.440476	2	0.010412	0.041712	0.22619	0.66667
chr6	55257447	55257545	1	0.140476	2	0.32821	0.48506	0.92798	0.7875
chr6	57230456	57230487	1	-0.170833	2	0.16053	0.48322	0.7875	0.95833
chr6	57256428	57256493	1	0.135417	2	0.16053	0.5041	0.96875	0.83333
chr6	58592740	58592831	1	-0.132589	2	0.57374	0.7063	0.45174	0.58433
chr6	58601997	58601999	1	-0.203837	2	0.028127	0.035129	0.31791	0.52175
chr6	58695262	58695481	1	0.104167	2	0.19487	1	1	0.89583
chr6	67085961	67085965	1	0.108947	2	0.049883	0.038702	0.96111	0.85216
chr6	67673494	67673507	1	-0.151984	2	0.1049	0.16589	0.7626	0.91458
chr6	67691464	67691480	1	0.203084	2	0.082984	0.14694	0.484	0.28091
chr6	70946523	70946537	1	-0.127778	2	0.037918	0.034984	0.10833	0.23611
chr6	78153145	78153247	1	-0.168561	2	0.19487	0.48107	0.73769	0.90625
chr6	79433339	79433426	1	0.132143	2	0.4418	0.55548	0.75714	0.625
chr6	83017769	83017814	1	0.102778	3	0.033241	1	1	0.89722
chr6	83315916	83315950	1	0.114583	2	0.2345	0.48283	0.87708	0.7625
chr6	84385809	84385875	1	0.199702	2	0.049883	0.039006	0.79345	0.59375
chr6	85387163	85387166	1	0.267560	2	0.082984	0.15988	0.94048	0.67292
chr6	85735833	85735852	1	0.139637	2	0.028127	0.040692	0.975	0.83536
chr6	86155145	86155391	1	-0.166667	2	0.082984	1	0.83333	1
chr6	86587844	86587857	1	0.142857	2	0.19487	1	1	0.85714
chr6	86641983	86641995	1	-0.168750	2	0.082984	0.14814	0.78125	0.95
chr6	87223238	87223241	1	0.104167	2	0.38228	0.91549	0.9375	0.83333
chr6	89959252	89959315	1	-0.112500	2	0.16053	0.46427	0.85625	0.96875
chr6	90233045	90233068	1	0.118750	2	0.32821	0.45731	0.42292	0.30417
chr6	90309401	90309413	1	-0.115377	3	0.078024	0.19923	0.84712	0.9625
chr6	90309425	90309427	1	-0.176042	2	0.082984	1	0.82396	1
chr6	90309473	90309478	1	-0.132143	2	0.13038	0.078023	0.725	0.85714
chr6	92962647	92962675	1	0.120833	2	0.4418	0.90156	0.93333	0.8125
chr6	93678888	93678982	1	0.197917	4	0.010382	0.019021	0.94375	0.74583
chr6	94693234	94693238	1	0.104167	2	0.19487	1	1	0.89583
chr6	97044785	97044878	1	0.176786	2	0.1049	0.17262	0.83542	0.65863
chr6	97180085	97180087	1	0.221875	2	0.082984	0.081735	0.77708	0.55521
chr6	97353715	97353765	1	-0.153869	3	0.038721	0.072002	0.093155	0.24702
chr6	97856731	97856741	1	0.137351	2	0.4418	0.89992	0.78423	0.64688
chr6	97995626	97995641	1	0.156250	2	0.16053	0.035246	0.46458	0.30833
chr6	98333690	98333795	1	0.130208	2	0.19487	1	1	0.86979
chr6	99524283	99524318	1	-0.146528	2	0.049883	0.039626	0.79792	0.94444
chr6	100205268	100205361	1	0.113095	2	0.4418	0.92628	0.84226	0.72917
chr6	100888070	100888076	1	0.112500	2	0.082984	1	1	0.8875
chr6	102599419	102599427	1	-0.133333	2	0.27863	0.48849	0.81667	0.95
chr6	102769688	102769692	1	-0.109694	2	0.13038	0.15228	0.81698	0.92667
chr6	103729246	103729257	1	-0.122917	2	0.19487	1	0.87708	1
chr6	107892292	107892316	1	-0.233333	2	0.006993	1	0.76667	1
chr6	110627047	110627051	1	-0.114583	2	0.19487	1	0.88542	1
chr6	112551473	112551512	1	0.145833	2	0.27863	0.49138	0.92708	0.78125
chr6	113209695	113209699	1	-0.131250	2	0.082984	0.15861	0.8125	0.94375
chr6	115854474	115854569	1	0.216518	2	0.037918	0.044813	0.98214	0.76562
chr6	116173797	116173889	1	0.198512	10	3.0925e-05	0.00088057	0.94583	0.74732
chr6	116195802	116195807	1	-0.131250	2	0.19487	0.15138	0.82708	0.95833
chr6	116195823	116195833	1	0.162500	2	0.064957	0.033906	0.88125	0.71875
chr6	116750838	116750897	1	-0.143750	2	0.13038	0.15415	0.77292	0.91667
chr6	117997101	117997108	1	0.161111	3	0.15997	0.45396	0.84444	0.68333
chr6	119418778	119418789	1	-0.114583	2	0.19487	1	0.88542	1
chr6	120904203	120904231	1	0.233929	3	0.0018298	0.0051433	0.9881	0.75417
chr6	121472861	121472864	1	-0.166667	2	0.037918	0.036619	0.070833	0.2375
chr6	122610002	122610013	1	0.271875	2	0.020668	0.0056099	0.78333	0.51146
chr6	122708570	122708605	1	0.166667	2	0.13038	0.1594	0.86458	0.69792
chr6	124320511	124320571	1	-0.556250	2	0.0001554	6.4674e-05	0.29479	0.85104
chr6	124694735	124694779	1	-0.181250	2	0.028127	1	0.81875	1
chr6	124780175	124780189	1	0.257440	2	0.1049	0.18291	0.66667	0.40923
chr6	125124303	125124308	1	0.135417	2	0.1049	0.45891	0.96429	0.82887
chr6	127157989	127158005	1	0.120833	2	0.4418	0.95072	0.59375	0.47292
chr6	128581101	128581125	1	-0.112500	2	0.049883	0.15459	0.86667	0.97917
chr6	129326727	129326765	1	-0.315625	2	0.010412	0.034351	0.36771	0.68333
chr6	129367128	129367173	1	0.112500	2	0.19487	1	1	0.8875
chr6	134870946	134870951	1	-0.145833	2	0.082984	1	0.85417	1
chr6	135433813	135433825	1	0.107639	2	0.27863	0.91752	0.33056	0.22292
chr6	135629281	135629332	1	0.122917	2	0.13038	0.51562	0.94375	0.82083
chr6	136682250	136682253	1	-0.114583	2	0.19487	1	0.88542	1
chr6	137368183	137368205	1	0.108631	2	0.19487	0.15636	0.95833	0.8497
chr6	138055684	138055718	1	0.289583	2	0.028127	0.035105	0.69792	0.40833
chr6	138594521	138594537	1	-0.154762	2	0.19487	0.48435	0.79167	0.94643
chr6	139730722	139730726	1	0.127083	2	0.32821	0.46307	0.8125	0.68542
chr6	140691256	140691266	1	0.156994	2	0.049883	0.17992	0.97917	0.82217
chr6	140694400	140694423	1	-0.104167	2	0.19487	1	0.89583	1
chr6	142788790	142788799	1	0.175000	2	0.13038	0.45548	0.93333	0.75833
chr6	142893124	142893155	1	-0.177083	2	0.028127	1	0.82292	1
chr6	142986895	142986914	1	-0.104167	2	0.32821	0.91221	0.83333	0.9375
chr6	143157528	143157545	1	0.111806	2	0.028127	1	1	0.88819
chr6	143960324	143960346	1	0.175000	2	0.006993	1	1	0.825
chr6	144299052	144299076	1	0.134821	2	0.4418	0.46893	0.67857	0.54375
chr6	144322251	144322264	1	0.108333	2	0.082984	1	1	0.89167
chr6	144409701	144409760	1	-0.120238	2	0.16053	0.48883	0.59524	0.71548
chr6	144454165	144454357	1	0.108631	3	0.14317	0.1954	0.92431	0.81567
chr6	145431703	145431759	1	0.110863	4	0.15209	0.08584	0.49628	0.38542
chr6	146762575	146762655	1	-0.254762	2	0.082984	0.18146	0.28274	0.5375
chr6	147975032	147975066	1	0.173363	2	0.27863	0.49407	0.91667	0.7433
chr7	3349428	3349436	1	-0.108333	2	0.19487	1	0.89167	1
chr7	3997919	3998165	1	0.103869	2	0.2345	0.50846	0.92262	0.81875
chr7	4472225	4472229	1	-0.116667	2	0.4418	0.45884	0.70833	0.825
chr7	4994703	4994723	1	0.218750	2	0.020668	0.039234	0.9375	0.71875
chr7	8386954	8387004	1	-0.133333	2	0.19487	0.27779	0.75833	0.89167
chr7	10415187	10415190	1	0.165179	2	0.19487	0.45954	0.89583	0.73065
chr7	11606520	11606533	1	-0.181471	2	0.27863	0.23555	0.66818	0.84965
chr7	12010546	12010611	1	-0.124868	2	0.38228	0.21917	0.7046	0.82946
chr7	13083200	13083279	1	-0.332143	2	0.0010878	0.00074978	0.65	0.98214
chr7	13168986	13169007	1	-0.234921	2	0.049883	0.0057014	0.61508	0.85
chr7	15284523	15284784	1	-0.115675	2	0.064957	0.03773	0.78958	0.90526
chr7	15358107	15358129	1	-0.107292	2	0.32821	0.48635	0.79792	0.90521
chr7	15397759	15397853	1	-0.196205	2	0.19487	0.16932	0.64063	0.83683
chr7	15797734	15797956	1	-0.113095	4	0.07044	0.19672	0.87128	0.98438
chr7	15925205	15925222	1	-0.223512	2	0.16053	0.15856	0.43125	0.65476
chr7	16810973	16810978	1	0.166667	3	0.033241	1	1	0.83333
chr7	19162512	19162527	1	-0.132738	2	0.57374	0.1544	0.69375	0.82649
chr7	19279172	19279176	1	-0.108631	2	0.082984	1	0	0.10863
chr7	19286974	19286990	1	0.208333	2	0.020668	0.034411	0.95	0.74167
chr7	19293554	19293562	1	-0.218750	2	0.014763	0.0061271	0.75	0.96875
chr7	19369948	19369958	1	-0.112500	2	0.19487	1	0	0.1125
chr7	19453002	19453144	1	0.158333	2	0.19487	0.50752	0.89583	0.7375
chr7	21119547	21119574	1	-0.160714	2	0.32821	0.45833	0.76637	0.92708
chr7	22552204	22552217	1	-0.225262	2	0.028127	0.038924	0.61496	0.84022
chr7	22792711	22792727	1	-0.129167	2	0.049883	0.15275	0.7875	0.91667
chr7	22798051	22798053	1	-0.152381	2	0.1049	0.45858	0.29583	0.44821
chr7	22841827	22841928	1	-0.275087	2	0.082984	0.16317	0.55581	0.8309
chr7	24106257	24106261	1	-0.170635	2	0.38228	0.5532	0.61905	0.78968
chr7	25273237	25273252	1	0.100099	3	0.033241	1	1	0.8999
chr7	25633278	25633342	1	-0.131399	4	0.1416	0.28408	0.77746	0.90885
chr7	26816098	26816156	1	-0.107143	2	0.1049	0.16593	0.8125	0.91964
chr7	27010303	27010327	1	-0.128125	2	0.13038	0.15182	0.8125	0.94063
chr7	28252040	28252050	1	-0.110417	2	0.32821	0.90766	0.85833	0.96875
chr7	29633635	29633712	1	-0.101382	2	0.082984	0.14898	0.64522	0.74661
chr7	29875313	29875352	1	0.100000	3	0.10053	0.19397	0.97222	0.87222
chr7	29967799	29967803	1	0.125000	2	0.38228	1	1	0.875
chr7	30357234	30357238	1	-0.104167	2	0.13038	0.47222	0.875	0.97917
chr7	30601301	30601325	1	-0.111111	2	0.27863	0.46441	0.875	0.98611
chr7	30857492	30857523	1	-0.112500	2	0.19487	1	0.8875	1
chr7	30860785	30860851	1	0.122500	5	0.011	0.024514	0.99	0.8675
chr7	31244925	31244931	1	0.101190	2	0.19487	1	1	0.89881
chr7	34800418	34800432	1	-0.235417	2	0.19487	0.039303	0.44375	0.67917
chr7	35483625	35483630	1	0.130556	2	0.082984	0.45654	0.8875	0.75694
chr7	36366658	36366678	1	0.116667	2	0.028127	0.035294	0.975	0.85833
chr7	37008465	37008503	1	-0.115476	2	0.2345	0.46039	0.83542	0.95089
chr7	38461409	38461415	1	-0.171875	2	0.037918	0.036857	0.81771	0.98958
chr7	38465467	38465590	1	0.103030	2	0.38228	0.93649	0.76042	0.65739
chr7	38495883	38495893	1	-0.269196	2	0.064957	0.20114	0.65372	0.92292
chr7	39144064	39144209	1	-0.190358	2	0.020668	0.0061514	0.51042	0.70077
chr7	42820794	42820808	1	0.117560	2	0.2345	0.155	0.77708	0.65952
chr7	43125287	43125493	1	-0.119995	2	0.1049	0.15796	0.71288	0.83287
chr7	43158676	43158939	1	-0.101654	2	0.1049	0.16415	0.86373	0.96538
chr7	43177883	43178088	1	-0.213889	2	0.13038	0.2111	0.60278	0.81667
chr7	43193352	43193469	1	-0.110714	2	0.064957	0.17165	0.84762	0.95833
chr7	43196908	43196992	1	0.177113	2	0.004662	0.0061039	0.90947	0.73236
chr7	44782073	44782087	1	0.108631	2	0.082984	1	1	0.89137
chr7	45347441	45347502	1	-0.137004	3	0.059657	0.071232	0.79355	0.93056
chr7	45409165	45409177	1	-0.136111	2	0.19487	0.15759	0.825	0.96111
chr7	45632572	45632578	1	0.129735	2	0.13038	0.17181	0.85417	0.72443
chr7	45708302	45708336	1	0.162500	2	0.32821	0.53454	0.26042	0.097917
chr7	46934842	46934847	1	-0.137500	2	0.38228	0.49733	0.46667	0.60417
chr7	47911937	47912103	1	0.144231	2	0.32821	0.90319	0.95833	0.8141
chr7	48880176	48880190	1	-0.244097	2	0.028127	0.0077624	0.62917	0.87326
chr7	57013180	57013322	1	-0.122917	2	0.32821	0.51474	0.73542	0.85833
chr7	57023516	57023586	1	0.100884	2	0.16053	0.15143	0.93561	0.83472
chr7	58070835	58070840	1	0.108333	2	0.13038	0.16276	0.97917	0.87083
chr7	59768610	59768612	1	0.106399	2	0.037918	0.034398	0.83989	0.73349
chr7	59797427	59797695	1	0.148602	2	0.19487	0.19629	0.84811	0.6995
chr7	64049708	64049727	1	0.139236	2	0.064957	0.038409	0.97049	0.83125
chr7	66442080	66442096	1	0.248512	2	0.1049	0.16881	0.91964	0.67113
chr7	68078838	68078877	1	0.129464	2	0.32821	0.91305	0.96875	0.83929
chr7	68106965	68106988	1	0.111111	2	0.27863	0.46727	0.91319	0.80208
chr7	68160034	68160082	1	-0.129167	2	0.38228	0.933	0.49256	0.62173
chr7	68640054	68640060	1	-0.116667	2	0.19487	1	0.88333	1
chr7	72227491	72227510	1	0.141667	2	0.27863	0.49066	0.975	0.83333
chr7	73290287	73290528	1	0.106944	2	0.27863	0.4818	0.97917	0.87222
chr7	73791941	73791953	1	0.148512	2	0.32821	0.48843	0.88393	0.73542
chr7	74001292	74001307	1	0.156250	2	0.1049	0.15393	0.95833	0.80208
chr7	75003801	75003954	1	-0.174928	2	0.13038	0.47381	0.69759	0.87252
chr7	75392046	75392072	1	0.122817	3	0.028421	0.070159	0.94444	0.82163
chr7	75412195	75412251	1	0.122917	2	0.19487	1	1	0.87708
chr7	78426732	78426793	1	0.118254	2	0.38228	0.31094	0.83095	0.7127
chr7	78637216	78637224	1	0.162946	2	0.27863	0.51336	0.81399	0.65104
chr7	78719644	78719661	1	0.248512	2	0.014763	0.0071323	0.90625	0.65774
chr7	79275015	79275086	1	-0.154167	2	0.27863	0.46121	0.83333	0.9875
chr7	79296888	79296895	1	0.104167	2	0.19487	1	1	0.89583
chr7	79450419	79450429	1	-0.187500	2	0.028127	0.15307	0.6875	0.875
chr7	79858140	79858157	1	-0.152083	2	0.1049	0.15034	0.10833	0.26042
chr7	80308209	80308275	1	-0.137351	2	0.1049	0.036744	0.80833	0.94568
chr7	80652822	80652834	1	-0.154167	2	0.082984	1	0	0.15417
chr7	80652839	80652850	1	0.165179	2	0.38228	0.92711	0.3625	0.19732
chr7	80680475	80680488	1	0.166667	2	0.13038	0.15068	0.1875	0.020833
chr7	81125320	81125330	1	-0.145833	2	0.38228	0.90215	0.77083	0.91667
chr7	83443661	83443705	1	-0.100041	2	0.38228	0.49677	0.76042	0.86046
chr7	83722338	83722355	1	0.135417	2	0.19487	1	1	0.86458
chr7	86486739	86486863	1	-0.255208	2	0.064957	0.16364	0.71131	0.96652
chr7	87129846	87129856	1	-0.141667	2	0.16053	0.17315	0.79167	0.93333
chr7	88260007	88260035	1	0.197173	2	0.020668	0.034298	0.9375	0.74033
chr7	88297782	88297866	1	-0.169792	2	0.13038	0.15107	0.81458	0.98438
chr7	88820457	88820480	1	0.108333	2	0.19487	1	1	0.89167
chr7	91522139	91522357	1	0.114583	2	0.19487	0.46141	0.95833	0.84375
chr7	93348278	93348372	1	0.197917	2	0.049883	0.15849	0.90208	0.70417
chr7	98759786	98759862	1	0.156944	3	0.14317	0.19857	0.94167	0.78472
chr7	98895943	98896046	1	0.166667	2	0.064957	0.15163	0.975	0.80833
chr7	99264271	99264297	1	-0.104167	2	0.4418	0.93121	0.73958	0.84375
chr7	99505258	99505266	1	-0.108333	2	0.19487	1	0.89167	1
chr7	104768538	104768575	1	-0.162202	2	0.082984	0.16256	0.76696	0.92917
chr7	106270902	106271132	1	0.121916	2	0.13038	0.54366	0.8737	0.75179
chr7	106711600	106711632	1	0.173859	2	0.1049	0.46163	0.52282	0.34896
chr7	109426054	109426267	1	0.131250	2	0.27863	0.45523	0.87083	0.73958
chr7	109484055	109484107	1	0.123214	2	0.27863	0.90373	0.90208	0.77887
chr7	111968178	111968199	1	-0.121429	2	0.27863	0.49135	0.71042	0.83185
chr7	112194227	112194325	1	-0.113194	3	0.37769	0.30302	0.72222	0.83542
chr7	112663556	112663587	1	0.305556	3	0.012094	0.069303	0.78194	0.47639
chr7	115763771	115763817	1	0.128274	2	0.19487	0.49765	0.90208	0.77381
chr7	116310241	116310257	1	-0.219345	2	0.049883	0.16574	0.39435	0.61369
chr7	117153501	117153506	1	-0.104167	2	0.38228	1	0.89583	1
chr7	118291909	118291911	1	0.159681	2	0.010412	0.0071832	0.94792	0.78824
chr7	119975701	119975746	1	0.204167	2	0.049883	0.16238	0.925	0.72083
chr7	122484194	122484225	1	-0.160417	2	0.037918	0.040398	0.81875	0.97917
chr7	125474861	125474896	1	-0.114583	2	0.19487	1	0.88542	1
chr7	125586602	125586607	1	-0.140625	2	0.19487	1	0.85938	1
chr7	126019947	126020163	1	0.122255	3	0.12769	0.19469	0.81597	0.69372
chr7	126786204	126786227	1	-0.113542	2	0.1049	0.15507	0.84896	0.9625
chr7	126875768	126875810	1	0.112500	2	0.19487	1	1	0.8875
chr7	126978267	126978285	1	-0.135417	2	0.57374	0.47362	0.80208	0.9375
chr7	127195284	127195335	1	-0.131448	2	0.19487	0.48087	0.18601	0.31746
chr7	128010146	128010149	1	0.166667	2	0.2345	0.083603	0.7875	0.62083
chr7	128435164	128435181	1	-0.111111	3	0.29134	1	0.88889	1
chr7	128687932	128687950	1	-0.163542	2	0.13038	0.14772	0.45833	0.62187
chr7	130574639	130574644	1	-0.127273	2	0.1049	0.16159	0.81875	0.94602
chr7	130767082	130767087	1	0.132143	2	0.19487	0.1547	0.95714	0.825
chr7	130835703	130835714	1	0.182738	2	0.049883	0.15281	0.975	0.79226
chr7	133390253	133390296	1	0.110119	2	0.32821	0.49055	0.875	0.76488
chr7	134347545	134347582	1	0.123065	2	0.13038	0.47641	0.85625	0.73318
chr7	134959841	134959853	1	0.156250	2	0.27863	0.50494	0.88125	0.725
chr7	135632863	135632874	1	0.114583	2	0.19487	1	1	0.88542
chr7	135765105	135765115	1	-0.102644	2	0.19487	0.27904	0.30048	0.40313
chr7	136114603	136114619	1	0.166667	2	0.27863	0.4887	0.97917	0.8125
chr7	136270573	136270578	1	-0.204613	2	0.13038	0.16621	0.77976	0.98438
chr7	138058036	138058053	1	0.229167	2	0.16053	0.50158	0.71875	0.48958
chr7	140674044	140674054	1	-0.104167	2	0.16053	0.14811	0.8125	0.91667
chr7	141638503	141638739	1	0.125921	2	0.082984	0.17611	0.91741	0.79149
chr7	142472283	142472287	1	-0.120833	2	0.2345	0.45884	0.67708	0.79792
chr7	142582189	142582201	1	0.245833	2	0.028127	0.15619	0.65625	0.41042
chr7	142641775	142641778	1	0.108333	2	0.19487	0.47936	0.95833	0.85
chr7	143295259	143295296	1	0.117599	5	0.19415	0.024526	0.6601	0.5425
chr7	144801323	144801338	1	0.172619	2	0.19487	0.14719	0.76637	0.59375
chr7	144828419	144828428	1	-0.146677	2	0.38228	0.47638	0.57991	0.72659
chr7	144925247	144925282	1	0.105019	2	0.082984	1	1	0.89498
chr8	3260683	3260702	1	0.275000	2	0.037918	0.036151	0.3375	0.0625
chr8	9177082	9177087	1	-0.401488	2	0.014763	0.035301	0.50476	0.90625
chr8	10212416	10212422	1	0.204167	2	0.049883	0.047782	0.77083	0.56667
chr8	10713756	10713776	1	-0.177588	2	0.1049	0.034763	0.66824	0.84583
chr8	10962527	10962562	1	0.135417	2	0.082984	1	1	0.86458
chr8	12139829	12139847	1	-0.328571	2	0.037918	0.046152	0.23333	0.5619
chr8	12366866	12366999	1	-0.297321	2	0.049883	0.17853	0.5131	0.81042
chr8	15152027	15152032	1	0.117560	2	0.19487	0.48464	0.96131	0.84375
chr8	15519808	15519858	1	0.122828	14	4.0091e-07	9.5928e-06	0.43753	0.3147
chr8	15519941	15519958	1	0.136791	5	2.1678e-05	0.00014129	0.40959	0.2728
chr8	15519958	15519967	1	0.117698	3	0.020489	0.039912	0.42789	0.31019
chr8	19532497	19532549	1	-0.150496	2	0.082984	0.033779	0.70437	0.85486
chr8	19685686	19685688	1	0.215853	2	0.049883	0.16209	0.86719	0.65134
chr8	19687465	19687512	1	-0.130952	2	0.57374	0.90379	0.66667	0.79762
chr8	19693727	19693839	1	0.145014	4	0.011565	0.033173	0.8956	0.75058
chr8	19693890	19694029	1	0.121875	2	0.010412	0.0063942	0.98958	0.86771
chr8	19701144	19701146	1	0.144392	2	0.020668	0.038508	0.58145	0.43705
chr8	19705683	19705796	1	0.165368	2	0.004662	0.00085693	0.82936	0.66399
chr8	19705906	19705917	1	0.122527	2	0.006993	0.036899	0.97253	0.85
chr8	19703421	19703423	1	-0.170847	2	0.006993	0.0061818	0.40905	0.5799
chr8	19703550	19703580	1	-0.132143	3	0.020489	0.12061	0.66536	0.7975
chr8	19725048	19725079	1	-0.115625	2	0.57374	0.94424	0.65104	0.76667
chr8	19777700	19777996	1	0.177471	2	0.010412	0.0067066	0.85138	0.67391
chr8	19778106	19778336	1	-0.105804	2	0.38228	0.49436	0.64048	0.74628
chr8	19779469	19779486	1	-0.148638	2	0.2345	0.55237	0.59673	0.74536
chr8	19791889	19791891	1	-0.115030	2	0.27863	0.038163	0.73914	0.85417
chr8	19784949	19785076	0.93233	-0.118251	22	1.3393e-08	8.3826e-06	0.17923	0.29748
chr8	20119556	20119779	1	-0.169007	2	0.0029526	0.0057885	0.72597	0.89498
chr8	20122705	20122711	1	-0.116316	2	0.064957	0.17646	0.084467	0.20078
chr8	20122721	20122739	1	-0.130558	5	0.0094094	0.088342	0.13131	0.26187
chr8	20122860	20122862	1	-0.103085	2	0.049883	0.034931	0.12794	0.23102
chr8	20298390	20298425	1	0.136001	2	0.049883	0.45732	0.84901	0.71301
chr8	20339310	20339312	1	-0.128604	2	0.27863	0.51937	0.55129	0.6799
chr8	20394790	20394792	1	-0.124474	2	0.27863	0.15202	0.68703	0.81151
chr8	20410641	20410785	1	0.169271	2	0.014763	0.039647	0.93646	0.76719
chr8	20424441	20424450	1	-0.145833	3	0.033241	1	0	0.14583
chr8	20530126	20530331	1	-0.167827	2	0.010412	0.0056649	0.76432	0.93215
chr8	20582813	20582815	1	0.108508	2	0.32821	0.53444	0.46701	0.35851
chr8	20557405	20557467	1	0.132995	2	0.38228	0.92082	0.79568	0.66269
chr8	20557915	20557922	1	0.131410	2	0.32821	0.54847	0.41667	0.28526
chr8	20557930	20557933	1	0.134902	2	0.082984	0.14997	0.66815	0.53325
chr8	20588316	20588614	1	-0.135946	2	0.16053	0.59383	0.44759	0.58353
chr8	20590760	20590774	1	-0.155324	2	0.64538	0.45762	0.49708	0.65241
chr8	20596231	20596233	1	-0.108766	2	0.1049	0.45968	0.75511	0.86388
chr8	20600227	20600229	1	-0.107060	2	0.004662	0.0059998	0.86974	0.9768
chr8	20610396	20610425	1	-0.117829	4	0.038182	0.085179	0.84467	0.9625
chr8	20612285	20612287	1	-0.101919	2	0.082984	0.15355	0.74553	0.84745
chr8	20824243	20824245	1	0.152219	2	0.13038	0.14784	0.80506	0.65284
chr8	22632072	22632137	1	0.132292	4	0.13167	1	1	0.86771
chr8	22759285	22759348	1	0.216766	3	0.078024	0.19742	0.95685	0.74008
chr8	23090487	23090550	1	0.114782	2	0.32821	0.45939	0.93353	0.81875
chr8	23304027	23304056	1	0.252083	2	0.064957	0.034138	0.77708	0.525
chr8	25027362	25027389	1	0.179167	2	0.020668	0.0064657	0.9125	0.73333
chr8	25078099	25078121	1	-0.102976	2	0.13038	0.16434	0.78125	0.88423
chr8	25294646	25294746	1	0.169508	2	0.19487	0.49426	0.9375	0.76799
chr8	27048027	27048085	1	0.100000	2	0.57374	0.90317	0.9875	0.8875
chr8	32121018	32121030	1	-0.131250	2	0.32821	0.90139	0.39583	0.52708
chr8	33652622	33652722	1	-0.142560	2	0.57374	0.94088	0.48542	0.62798
chr8	34152624	34152645	1	0.111607	2	0.19487	0.14843	0.91875	0.80714
chr8	34849875	34849882	1	-0.443939	2	0.0001554	6.0217e-05	0.5125	0.95644
chr8	35130710	35130721	1	-0.258730	2	0.13038	0.48568	0.525	0.78373
chr8	39278700	39278705	1	0.166667	2	0.082984	1	1	0.83333
chr8	44352087	44352217	1	-0.167952	2	0.13038	0.16311	0.82068	0.98864
chr8	44554285	44554392	1	0.130208	2	0.27863	0.46484	0.98438	0.85417
chr8	45283738	45283783	1	0.140625	2	0.13038	0.1507	0.97917	0.83854
chr8	47347670	47347675	1	-0.252083	2	0.014763	0.036102	0.31042	0.5625
chr8	47405852	47406053	1	-0.196875	2	0.27863	0.56501	0.49062	0.6875
chr8	48330672	48330694	1	-0.138021	2	0.57374	0.90323	0.85417	0.99219
chr8	49171084	49171226	1	-0.169792	2	0.2345	0.51897	0.73438	0.90417
chr8	50709131	50709147	1	-0.233333	2	0.082984	1	0.76667	1
chr8	51685448	51685451	1	-0.112500	2	0.19487	1	0.8875	1
chr8	55115936	55116058	1	-0.135374	2	0.082984	0.044943	0.74624	0.88161
chr8	55121337	55121629	1	-0.139132	2	0.1049	0.19804	0.70782	0.84695
chr8	55350566	55350572	1	0.140778	2	0.037918	0.034466	0.92641	0.78564
chr8	55360021	55360023	1	0.222157	2	0.082984	0.14754	0.88299	0.66083
chr8	55363985	55364031	1	-0.134966	2	0.19487	0.50686	0.65129	0.78625
chr8	55832833	55832867	1	-0.146429	2	0.13038	0.15074	0.65327	0.7997
chr8	60617013	60617241	1	-0.195833	2	0.27863	0.32545	0.29167	0.4875
chr8	61742459	61742480	1	0.141667	4	0.07044	1	1	0.85833
chr8	62298775	62298832	1	0.188095	2	0.27863	0.47903	0.90357	0.71548
chr8	62510381	62510388	1	-0.102083	2	0.2345	0.46978	0.84583	0.94792
chr8	64847986	64848024	1	0.150595	2	0.082984	0.1602	0.45179	0.30119
chr8	67131569	67131627	1	-0.125000	2	0.13038	0.15068	0.85417	0.97917
chr8	71146432	71146437	1	-0.192901	2	0.16053	0.53388	0.63289	0.82579
chr8	71149257	71149328	1	-0.151290	2	0.064957	0.18825	0.74142	0.89271
chr8	71480897	71480918	1	0.105655	2	0.2345	0.52573	0.9375	0.83185
chr8	71808017	71808052	1	0.118705	2	0.028127	0.04173	0.98214	0.86344
chr8	71812293	71812295	1	0.140879	2	0.014763	0.034872	0.88123	0.74035
chr8	71828505	71828513	1	0.105011	2	0.082984	0.1771	0.95714	0.85213
chr8	71842497	71842499	1	0.121901	2	0.049883	0.034241	0.91863	0.79673
chr8	71854480	71854659	1	0.168899	2	0.006993	0.0061026	0.98438	0.81548
chr8	71814168	71814218	1	0.110213	3	0.1135	0.2069	0.7101	0.59988
chr8	73250096	73250127	1	-0.169643	2	0.037918	0.035418	0.8125	0.98214
chr8	77186122	77186125	1	0.178125	2	0.16053	0.49643	0.975	0.79688
chr8	78333573	78333601	1	0.113542	2	0.13038	0.14981	0.92708	0.81354
chr8	78333602	78333865	1	-0.140625	2	0.19487	0.48417	0.81875	0.95937
chr8	80583858	80583913	1	0.188393	2	0.037918	0.036493	0.98214	0.79375
chr8	82928026	82928074	1	0.185417	2	0.13038	0.15827	0.9875	0.80208
chr8	83490685	83490820	1	-0.114583	2	0.19487	1	0.88542	1
chr8	83668645	83668671	1	0.184881	5	0.088352	0.088355	0.56208	0.3772
chr8	83721762	83721777	1	-0.243750	2	0.19487	0.52516	0.63125	0.875
chr8	84618754	84618793	1	0.200000	2	0.028127	0.04041	0.96875	0.76875
chr8	84742804	84742816	1	0.160714	2	0.082984	1	1	0.83929
chr8	86418313	86418414	1	-0.112500	2	0.19487	0.45933	0.68958	0.80208
chr8	86747083	86747250	1	0.179167	2	0.13038	0.46693	0.80833	0.62917
chr8	87600759	87600767	1	0.116071	3	0.14317	0.44556	0.97917	0.8631
chr8	89389380	89389413	1	0.226190	2	0.064957	0.1683	0.92708	0.70089
chr8	89570028	89570060	1	0.215774	2	0.082984	0.039889	0.90179	0.68601
chr8	90451358	90451362	1	0.145833	2	0.082984	1	1	0.85417
chr8	91188585	91188608	1	0.133333	2	0.19487	1	1	0.86667
chr8	91533696	91533780	1	0.104167	2	0.19487	0.46208	0.95833	0.85417
chr8	92114154	92114223	1	0.185863	4	0.17484	0.28878	0.6224	0.43653
chr8	92672844	92672863	1	0.120833	2	0.049883	0.03563	0.95833	0.8375
chr8	94773844	94774133	1	0.148958	2	0.028127	0.035382	0.96875	0.81979
chr8	99688963	99689176	1	-0.157143	2	0.27863	0.49054	0.71667	0.87381
chr8	99694430	99694446	1	0.227083	2	0.028127	1	1	0.77292
chr8	104067719	104067730	1	-0.239583	2	0.049883	0.03502	0.59375	0.83333
chr8	104387872	104387878	1	0.146825	2	0.010412	0.0061298	0.98611	0.83929
chr8	106340139	106340160	1	0.125000	2	0.38228	1	1	0.875
chr8	107292103	107292138	1	-0.227679	2	0.27863	0.54488	0.48214	0.70982
chr8	107628851	107628854	1	-0.162202	2	0.082984	0.4785	0.61905	0.78125
chr8	107923481	107923501	1	0.220536	2	0.064957	0.036872	0.46875	0.24821
chr8	108175357	108175372	1	-0.260119	2	0.010412	0.042166	0.67738	0.9375
chr8	108736488	108736492	1	0.184077	2	0.19487	0.45901	0.38512	0.20104
chr8	108950893	108950918	1	0.106667	5	0.030464	1	1	0.89333
chr8	109363262	109363373	1	0.108631	2	0.13038	0.47955	0.975	0.86637
chr8	110523320	110523354	1	0.136905	2	0.19487	0.46484	0.95833	0.82143
chr8	111033345	111033407	1	0.122917	2	0.38228	0.93309	0.8875	0.76458
chr8	114876782	114876785	1	0.186012	2	0.049883	0.14757	0.94643	0.76042
chr8	115249885	115249888	1	0.154167	2	0.13038	0.1486	0.79167	0.6375
chr8	115618117	115618127	1	-0.208333	2	0.16053	0.14958	0.25	0.45833
chr8	116980557	116980564	1	-0.197917	2	0.082984	0.035413	0.47917	0.67708
chr8	117009379	117009441	1	-0.126389	2	0.27863	0.46707	0.84583	0.97222
chr8	117278410	117278417	1	-0.149008	3	0.038721	0.069256	0.61111	0.76012
chr8	117569779	117569789	1	-0.332738	2	0.010412	0.0061926	0.4881	0.82083
chr8	119579346	119579398	1	0.207292	2	0.27863	0.17426	0.82083	0.61354
chr8	119612730	119612735	1	0.100694	2	0.32821	0.46105	0.84583	0.74514
chr8	119783782	119783787	1	0.284375	2	0.028127	0.047302	0.53958	0.25521
chr8	120267169	120267301	1	0.158482	4	0.015861	1	1	0.84152
chr8	120621875	120621877	1	-0.179167	2	0.1049	0.15097	0.625	0.80417
chr8	120731948	120732002	1	0.352500	5	9.8113e-05	0.00014189	0.88667	0.53417
chr8	120967509	120967513	1	0.238095	2	0.037918	0.033886	0.8631	0.625
chr8	121019058	121019089	1	0.135417	2	0.19487	1	1	0.86458
chr8	121146657	121146710	1	-0.114583	2	0.19487	1	0.88542	1
chr8	123600851	123600869	1	-0.116888	2	0.014763	0.0083388	0.8018	0.91869
chr8	123643333	123643342	1	-0.109375	2	0.2345	0.48587	0.76667	0.87604
chr8	125040304	125040355	1	0.111607	2	0.082984	1	1	0.88839
chr8	125388625	125388640	1	0.111174	2	0.16053	0.47172	0.94792	0.83674
chr8	127470665	127470668	1	-0.133333	2	0.19487	0.46291	0.825	0.95833
chr8	128933390	128933443	1	0.130208	2	0.19487	0.16338	0.89271	0.7625
chr9	3017368	3017559	1	0.105338	2	0.1049	0.1766	0.84141	0.73608
chr9	3011632	3011634	1	0.106605	2	0.006993	0.0058417	0.78003	0.67342
chr9	3011909	3011983	1	-0.166178	2	0.19487	0.54089	0.5191	0.68528
chr9	3014126	3014158	1	-0.120908	2	0.2345	0.58714	0.38304	0.50394
chr9	3003977	3004083	1	0.129091	2	0.1049	0.21519	0.69115	0.56206
chr9	3023973	3024099	1	0.115004	2	0.32821	0.59333	0.47331	0.3583
chr9	3027381	3027394	1	-0.109219	2	0.049883	0.14734	0.83175	0.94097
chr9	3027481	3027483	1	-0.100592	2	0.082984	0.17304	0.59774	0.69833
chr9	3029355	3029528	1	-0.134138	2	0.1049	0.098627	0.70212	0.83626
chr9	7522352	7522376	1	0.110112	2	0.38228	0.52352	0.84747	0.73736
chr9	8907387	8907415	1	-0.103125	2	0.64538	1	0.80833	0.91146
chr9	12117841	12117876	1	0.130357	2	0.27863	0.28348	0.9375	0.80714
chr9	13244950	13245024	1	-0.198214	2	0.037918	0.036736	0.77679	0.975
chr9	16311718	16311731	1	-0.175149	2	0.020668	0.0056333	0.58527	0.76042
chr9	21152513	21152620	1	-0.267262	2	0.049883	0.038551	0.19167	0.45893
chr9	21213276	21213346	1	0.107292	2	0.13038	0.47367	0.95833	0.85104
chr9	21960748	21960762	1	0.138889	3	0.24152	0.44558	0.97917	0.84028
chr9	21981447	21981450	1	0.216964	2	0.2345	0.1524	0.85863	0.64167
chr9	24502266	24502285	1	0.164583	2	0.082984	0.044859	0.33542	0.17083
chr9	27664370	27664375	1	0.101190	2	0.19487	1	1	0.89881
chr9	29596340	29596346	1	-0.177083	2	0.082984	1	0.82292	1
chr9	30595348	30595555	1	0.156250	2	0.16053	0.50216	0.95833	0.80208
chr9	38763899	38763947	1	0.153571	3	0.0036366	1	1	0.84643
chr9	38965064	38965069	1	0.260417	2	0.006993	1	1	0.73958
chr9	38965146	38965172	1	-0.145982	2	0.082984	0.1692	0.81756	0.96354
chr9	39956229	39956248	1	-0.141667	2	0.27863	0.48669	0.83333	0.975
chr9	40343447	40343482	1	-0.139732	2	0.32821	0.19395	0.58899	0.72872
chr9	40686914	40687078	1	0.192130	3	0.15997	0.075562	0.42778	0.23565
chr9	42326649	42326664	1	0.114015	2	0.50536	0.91482	0.6875	0.57348
chr9	43107203	43107310	1	-0.162500	3	0.34736	0.47583	0.40972	0.57222
chr9	43732843	43732880	1	0.239583	2	0.037918	0.14841	0.9375	0.69792
chr9	45092350	45092357	1	0.266964	2	0.082984	0.039599	0.64583	0.37887
chr9	46111141	46111326	1	-0.258929	2	0.028127	0.035069	0.27917	0.5381
chr9	46119337	46119382	1	-0.281250	2	0.006993	1	0	0.28125
chr9	46704060	46704127	1	-0.147024	2	0.38228	0.31122	0.12083	0.26786
chr9	47692898	47692920	1	0.114583	2	0.19487	1	1	0.88542
chr9	47908248	47908270	1	0.119444	2	0.037918	0.040398	0.98611	0.86667
chr9	48282782	48282800	1	0.166667	2	0.028127	1	1	0.83333
chr9	48449038	48449257	1	0.106250	2	0.4418	0.92617	0.86667	0.76042
chr9	48715572	48715595	1	0.155952	2	0.32821	0.54371	0.82262	0.66667
chr9	48768258	48768275	1	0.125000	2	0.19487	1	1	0.875
chr9	49009715	49009721	1	0.114583	2	0.082984	1	1	0.88542
chr9	49689020	49689086	1	-0.114583	2	0.38228	1	0.88542	1
chr9	50335888	50335904	1	0.101488	2	0.7209	0.46409	0.4872	0.38571
chr9	50468825	50468950	1	0.112500	3	0.078024	1	1	0.8875
chr9	50721417	50721444	1	0.235417	2	0.064957	0.04063	0.76042	0.525
chr9	51303234	51303248	1	0.218750	2	0.014763	0.035818	0.975	0.75625
chr9	51821855	51822037	1	0.134722	2	0.19487	0.47894	0.975	0.84028
chr9	53341715	53341734	1	0.198877	2	0.1049	0.17834	0.63259	0.43371
chr9	55485030	55485046	1	0.150298	2	0.27863	0.4866	0.86458	0.71429
chr9	56223591	56223615	1	0.125123	3	0.044902	0.1192	0.51027	0.38515
chr9	56223669	56223671	1	0.161804	2	0.1049	0.16536	0.50808	0.34628
chr9	56223725	56223738	1	0.123120	2	0.27863	0.15113	0.68068	0.55756
chr9	56223796	56223890	1	-0.201910	10	2.2967e-05	0.0005089	0.40062	0.60253
chr9	56874876	56874887	1	-0.150000	2	0.082984	1	0.85	1
chr9	57057292	57057311	1	0.112500	2	0.082984	1	1	0.8875
chr9	57534124	57534130	1	-0.120238	2	0.27863	0.46788	0.7506	0.87083
chr9	58805663	58805725	1	0.138839	2	0.32821	0.5079	0.71042	0.57158
chr9	58806475	58806544	1	0.274206	6	0.00049265	0.0009416	0.47183	0.19762
chr9	62810607	62810649	1	-0.125000	2	0.19487	1	0	0.125
chr9	64996329	64996385	1	0.133482	2	0.1049	0.15657	0.96875	0.83527
chr9	67504574	67504596	1	0.255871	2	0.028127	0.14999	0.57462	0.31875
chr9	68976589	68976752	1	-0.129464	2	0.028127	1	0.87054	1
chr9	69107386	69107411	1	-0.125000	2	0.082984	1	0.875	1
chr9	69482619	69482674	1	0.144697	2	0.064957	0.042917	0.88542	0.74072
chr9	70261297	70261352	1	0.196577	2	0.020668	0.035598	0.975	0.77842
chr9	70383905	70383958	1	0.108333	2	0.19487	1	1	0.89167
chr9	72392795	72392816	1	0.110417	2	0.2345	0.90645	0.86042	0.75
chr9	75581004	75581024	1	0.149306	2	0.27863	0.49962	0.86458	0.71528
chr9	78016672	78016683	1	0.286607	2	0.004662	0.0057095	0.95417	0.66756
chr9	79689979	79690005	1	0.202557	2	0.16053	0.50492	0.79527	0.59271
chr9	82869147	82869173	1	0.101190	2	0.19487	1	1	0.89881
chr9	84226874	84226921	1	0.111429	5	0.048307	0.18321	0.97333	0.8619
chr9	91564474	91564480	1	0.125000	2	0.38228	1	1	0.875
chr9	91902044	91902207	1	0.103472	2	0.27863	0.47362	0.94375	0.84028
chr9	95552203	95552243	1	0.281250	2	0.064957	0.16096	0.78958	0.50833
chr9	96527246	96527280	1	0.175595	3	0.078024	0.069208	0.70615	0.53056
chr9	96787401	96787460	1	-0.440476	2	0.0010878	0.0011962	0.017857	0.45833
chr9	96814193	96814196	1	0.156250	2	0.049883	0.039928	0.97917	0.82292
chr9	98772320	98772377	1	-0.103125	2	0.082984	1	0.89687	1
chr9	99632235	99632267	1	-0.142803	2	0.13038	0.078361	0.80417	0.94697
chr9	100192855	100192865	1	0.195833	2	0.27863	0.46222	0.9875	0.79167
chr9	102546494	102546504	1	-0.129762	2	0.27863	0.46264	0.69167	0.82143
chr9	102879600	102879605	1	-0.283333	2	0.010412	0.0061329	0.18542	0.46875
chr9	103169268	103169403	1	-0.109365	5	0.017293	0.038583	0.86349	0.97286
chr9	103302718	103302760	1	0.162500	2	0.1049	0.036986	0.92292	0.76042
chr9	103310030	103310059	1	0.118750	2	0.082984	1	1	0.88125
chr9	104224052	104224257	1	0.131597	3	0.033241	0.069326	0.97917	0.84757
chr9	104588337	104588347	1	-0.174702	2	0.028127	0.035095	0.74196	0.91667
chr9	105085537	105085540	1	-0.108333	2	0.64538	0.7071	0.80833	0.91667
chr9	105841746	105841799	1	0.105159	2	0.32821	0.48243	0.83333	0.72817
chr9	106149690	106149761	1	0.436458	2	0.0018648	0.0081182	0.47813	0.041667
chr9	106624160	106624165	1	0.187500	2	0.082984	0.15909	0.82292	0.63542
chr9	107283193	107283214	1	0.259127	3	0.010045	0.069359	0.79861	0.53948
chr9	107887621	107887630	1	-0.389583	2	0.028127	0.16283	0.27083	0.66042
chr9	108137680	108137687	1	-0.193750	2	0.006993	0.0058842	0.20208	0.39583
chr9	108472004	108472011	1	-0.106250	2	0.19487	1	0.89375	1
chr9	110714628	110714668	1	0.168750	2	0.037918	0.035393	0.95833	0.78958
chr9	114831801	114831813	1	0.206696	2	0.037918	0.0061184	0.77708	0.57039
chr9	115466602	115466628	1	0.104167	2	0.57374	0.45882	0.94345	0.83929
chr9	116712086	116712180	1	-0.111742	2	0.38228	0.49282	0.66042	0.77216
chr9	117222889	117222894	1	0.125000	2	0.19487	1	1	0.875
chr9	117755122	117755137	1	-0.122917	2	0.19487	1	0.87708	1
chr9	118618597	118618604	1	0.139683	2	0.4418	0.90453	0.91944	0.77976
chr9	120232101	120232131	1	0.160417	2	0.16053	0.47235	0.96875	0.80833
chr9	120504704	120504722	1	0.364286	2	0.014763	0.039985	0.87262	0.50833
chr9	121126789	121126803	1	0.135417	2	0.19487	1	1	0.86458
chr9	121387049	121387057	1	-0.114583	2	0.38228	1	0.88542	1
chr9	121496228	121496268	1	-0.118750	2	0.4418	0.52015	0.41667	0.53542
chr9	121709785	121709859	1	-0.225000	2	0.037918	0.04332	0.75	0.975
chr9	122315793	122315802	1	0.108333	2	0.19487	1	1	0.89167
chr9	122625919	122625928	1	-0.114583	2	0.19487	1	0.88542	1
chr9	124279573	124279578	1	0.177381	2	0.037918	0.14682	0.66548	0.4881
chr9	124378674	124378725	1	0.106755	2	0.028127	1	1	0.89324
chrX	5204564	5204566	1	-0.114677	2	0.16053	0.46504	0.43962	0.55429
chrX	5314890	5314912	1	-0.140774	2	0.16053	0.46857	0.48943	0.63021
chrX	13657361	13657382	1	-0.106250	2	0.50536	0.90052	0.83125	0.9375
chrX	31164399	31164424	1	0.143229	2	0.082984	0.16775	0.83725	0.69402
chrX	31167614	31167616	1	0.139183	2	0.020668	0.037184	0.765	0.62582
chrX	31167907	31168030	1	-0.133841	3	0.020489	0.021073	0.7758	0.90964
chrX	31168674	31168793	1	-0.116667	2	0.037918	0.03835	0.83333	0.95
chrX	31168904	31168906	1	0.108010	2	0.19487	0.15785	0.61945	0.51144
chrX	31174448	31174477	1	0.109175	2	0.064957	0.15471	0.98214	0.87297
chrX	31170744	31170792	1	-0.100728	2	0.13038	0.15197	0.76584	0.86657
chrX	31177564	31177566	1	-0.180962	2	0.1049	0.16545	0.62812	0.80908
chrX	31185379	31185381	1	-0.111247	2	0.006993	0.0068394	0.825	0.93625
chrX	31174924	31175109	1	-0.116147	2	0.2345	0.47214	0.74705	0.86319
chrX	31175547	31175550	1	0.269309	2	0.028127	0.040429	0.87008	0.60077
chrX	31176037	31176165	1	-0.121852	2	0.27863	0.46005	0.76852	0.89037
chrX	31201623	31201804	1	-0.122506	5	0.045316	0.12866	0.72068	0.84319
chrX	31212714	31213012	1	-0.136355	2	0.32821	0.5107	0.67054	0.80689
chrX	31221887	31221907	1	0.122938	2	0.049883	0.036407	0.93437	0.81144
chrX	31228224	31228226	1	0.101917	2	0.16053	0.15502	0.90479	0.80288
chrX	31228627	31228629	1	0.130079	2	0.16053	0.17382	0.85605	0.72597
chrX	31228724	31228735	1	-0.132334	3	0.014493	0.039025	0.76428	0.89662
chrX	31229735	31229737	1	-0.155748	2	0.082984	0.16677	0.73741	0.89315
chrX	31223982	31224131	1	0.186671	2	0.028127	0.040335	0.92411	0.73744
chrX	31224822	31225098	1	-0.137744	2	0.19487	0.14846	0.73512	0.87286
chrX	31225431	31225433	1	0.103773	2	0.19487	0.47125	0.73743	0.63366
chrX	31234266	31234481	1	0.146801	2	0.049883	0.045634	0.9494	0.8026
chrX	31235117	31235157	1	-0.111082	2	0.27863	0.49968	0.54931	0.66039
chrX	31235646	31235648	1	0.106497	2	0.13038	0.1515	0.67032	0.56383
chrX	31235695	31235943	1	0.132758	2	0.0029526	0.0060513	0.96257	0.82981
chrX	31241468	31241524	1	-0.127514	2	0.064957	0.047262	0.80999	0.9375
chrX	31247527	31247563	1	-0.147867	3	0.012094	0.02233	0.83171	0.97958
chrX	31630617	31630653	1	-0.144296	2	0.38228	0.56284	0.70223	0.84653
chrX	31728233	31728458	1	0.131443	2	0.4418	0.54813	0.83754	0.7061
chrX	31740711	31740957	1	-0.154770	2	0.16053	0.18357	0.68059	0.83536
chrX	31772659	31772676	1	-0.108333	2	0.32821	0.48114	0.82917	0.9375
chrX	31772728	31772730	1	0.146957	2	0.028127	0.15163	0.92008	0.77312
chrX	32599197	32599226	1	0.201831	2	0.049883	0.1534	0.89072	0.68889
chrX	34335369	34335379	1	0.145536	2	0.13038	0.034532	0.91845	0.77292
chrX	57393169	57393187	1	-0.383763	3	5.1772e-06	2.6122e-05	0.070602	0.45437
chrX	78631096	78631123	1	-0.104167	2	0.1049	0.1598	0.84583	0.95
chrX	94910189	94910258	1	-0.133808	2	0.19487	0.49903	0.38402	0.51782
chrX	123045814	123045816	1	-0.108577	2	0.16053	0.1565	0.79673	0.9053
chrX	126693218	126693220	1	-0.125202	2	0.006993	0.0071776	0.76939	0.89459
chrX	126772161	126772163	1	-0.157991	2	0.082984	0.14863	0.7895	0.94749
chrX	126773374	126773490	1	-0.143442	5	0.00096647	0.015219	0.7958	0.93925
chrX	126776782	126777057	1	-0.103033	2	0.1049	0.16903	0.80078	0.90381
chrX	126774766	126774789	1	0.101913	2	0.1049	0.16897	0.91759	0.81568
chrX	126775107	126775256	1	-0.116884	2	0.27863	0.5316	0.78499	0.90188
chrX	135036669	135036729	1	0.240476	2	0.16053	0.50523	0.85208	0.61161
chrX	168180481	168180505	1	-0.123726	2	0.082984	0.19668	0.76862	0.89234
chrX	169973120	169973122	1	-0.220459	2	0.006993	0.0056223	0.5059	0.72636
chrX	169976687	169976689	1	0.151287	2	0.006993	0.038181	0.97396	0.82267
chrX	169975089	169975118	1	0.114028	2	0.028127	1	1	0.88597
chrX	170004141	170004254	1	-0.261075	2	0.010412	0.0067263	0.50993	0.771
chrX	170735691	170735734	1	-0.102934	2	0.13038	0.16002	0.8562	0.95913
chrX	170736157	170736159	1	0.174272	2	0.037918	0.14763	0.58119	0.40692
chrX	170736786	170736829	1	0.158024	2	0.13038	0.51956	0.84329	0.68527
chrX	170736848	170736978	1	-0.117442	2	0.16053	0.15898	0.64995	0.7674
chrX	170004899	170005540	0.19737	-0.181092	26	1.2195e-11	1.7746e-06	0.43906	0.62015
chrY	1854980	1855057	1	0.112561	2	0.16053	0.47625	0.62298	0.51042
chrX	169987180	169987323	0.008087	-0.204352	23	7.4256e-10	7.271e-08	0.47253	0.67689
chrX	169987323	169987519	1	-0.108413	9	0.064745	0.27592	0.71383	0.82224
chrX	169994006	169994021	1	-0.157384	2	0.082984	0.044786	0.72418	0.88157
chrX	169994022	169994048	1	-0.204861	7	0.0021815	0.0082229	0.60177	0.80663
chrX	169994070	169994076	1	-0.201538	2	0.064957	0.041392	0.58673	0.78827
chrX	169994078	169994109	1	-0.156891	7	0.017497	0.0053481	0.58538	0.74227
chrX	169994199	169994225	1	-0.124986	10	0.0015985	0.054134	0.6768	0.80179
chrX	169994338	169994444	1	-0.137863	2	0.082984	0.14824	0.58045	0.71831
chrX	169994535	169994537	1	-0.123509	2	0.19487	0.15214	0.59683	0.72034
chrY	90739085	90739090	1	-0.101736	2	0.020668	0.039447	0.88576	0.9875
chrY	90739473	90739485	1	0.164588	4	0.0029068	0.0060418	0.89555	0.73096
chrY	90739693	90739717	1	0.137742	2	0.082984	0.039951	0.60626	0.46852
chrY	90739868	90739900	1	0.130146	2	0.19487	0.55214	0.8027	0.67255
chrY	90740102	90740124	1	0.238158	2	0.004662	0.009269	0.75116	0.513
chrY	90740530	90740592	1	-0.214969	5	0.0057959	0.024444	0.49769	0.71266
chrY	90788089	90788135	1	0.131490	2	0.028127	1	1	0.86851
chrY	90744546	90744878	0.12391	-0.266625	18	4.4796e-09	1.1141e-06	0.51589	0.78251
chrY	90761411	90761441	1	-0.148542	9	0.016959	0.008792	0.7793	0.92784
chrY	90761450	90761510	1	-0.252790	6	0.0010435	0.00093408	0.61453	0.86732
chrY	90743076	90743087	1	-0.130208	2	0.13038	0.15111	0.85417	0.98438
chrY	90799044	90799091	1	-0.243368	2	0.028127	0.15516	0.6404	0.88377
chrY	90799271	90799437	0.000458	-0.356842	14	3.7463e-12	4.1179e-09	0.33013	0.68697
chrY	90799521	90799537	1	-0.168586	2	0.19487	0.51052	0.59639	0.76497
chrY	90800657	90800778	0.0065959	-0.330499	7	3.4708e-10	5.9304e-08	0.22193	0.55243
chrX	169978776	169978881	1	-0.219925	4	0.0032849	0.0032106	0.62834	0.84827
chrX	169978895	169979383	1.9484e-12	-0.386422	27	4.0745e-14	1.7519e-17	0.26521	0.65163
chrX	169979383	169979470	1	-0.204464	8	3.7538e-05	0.00040166	0.46342	0.66789
chrX	169981005	169981013	1	0.106069	2	0.037918	0.036571	0.99265	0.88658
chrX	169981076	169981126	1	-0.103319	2	0.16053	0.15608	0.78977	0.89309
chrX	169982433	169982435	1	0.103120	2	0.064957	0.034878	0.87515	0.77203
chrY	90803302	90803350	1	-0.140965	2	0.1049	0.1681	0.74573	0.88669
chrY	90803529	90803696	0.026359	-0.273251	18	4.0268e-10	2.3699e-07	0.34164	0.61489
chrY	90805067	90805948	0.0086923	-0.237291	23	3.7354e-10	7.8153e-08	0.45149	0.68878
chrY	90807479	90807482	1	-0.132649	2	0.16053	0.15262	0.81388	0.94653
chrY	90807685	90807807	0.00097057	-0.317659	10	5.7593e-10	8.7264e-09	0.27832	0.59598
chrY	90807820	90807822	1	-0.103872	2	0.049883	0.14826	0.78689	0.89076
chrY	90807850	90807852	1	-0.278576	2	0.006993	0.0058289	0.53699	0.81556
chrY	90808435	90808878	1	-0.256244	12	4.0446e-06	2.5532e-05	0.46309	0.71934
chrY	90810712	90810761	1	-0.102884	2	0.13038	0.16951	0.85836	0.96124
